stock_id,Trading_Volume,Trading_money,open,max,min,close,spread,Trading_turnover,RSI_14,MACD_12_26_9,MACDh_12_26_9,MACDs_12_26_9,SMA_20,EMA_26,PPO_12_26_9,PPOh_12_26_9,PPOs_12_26_9,signal_buy,signal_sell
2454,8993585,3679381954,405.0,412.0,403.0,410.0,10.0,5823,64.76744028762764,-3.7293887874578218,5.879249082246316,-9.608637869704138,390.42500000000007,398.036814131061,-1.0567233410097032,1.41053125515599,-2.4672545961656933,1,0
2454,6774725,2718607575,405.5,409.0,396.5,397.5,-12.5,4794,56.45289404994194,-3.1984594459962636,5.1281427389663,-8.326602184962564,389.35,397.9970501213528,-0.3286569214166607,1.710878139799226,-2.039535061215887,1,0
2454,3161817,1265169800,401.0,403.0,398.0,399.5,2.0,2554,57.3953126905054,-2.586495324383975,4.592085488462871,-7.178580812846846,388.79999999999995,398.10837974199336,0.17498241999049188,1.7716139849651031,-1.5966315649746112,1,0
2454,4852855,1942833000,399.5,403.0,399.5,400.0,0.5,2926,57.642111784803596,-2.0376744846662405,4.1127250625444844,-6.150399547210725,388.85,398.24849976110494,0.7139472953323693,1.8484630882455846,-1.1345157929132152,1,0
2454,9060437,3708076429,410.0,412.0,406.0,409.0,9.0,6085,61.91832552091196,-0.8665165676832203,4.227106383622004,-5.093622951305225,389.275,399.04490718620826,1.3316046120977885,1.9728963240088029,-0.6412917119110145,1,0
2454,11101774,4586647222,410.0,414.5,410.0,414.5,5.5,5017,64.29084374185742,0.4996785703255,4.47464121730458,-3.97496264697908,390.25,400.18972887611875,1.5677938493614731,1.7672684490179902,-0.199474599656517,1,0
2454,5005790,2059978400,418.0,418.0,407.0,410.0,-4.5,3938,60.94528879467624,1.2053906748015493,4.144282657424504,-2.9388919826229545,391.75,400.91641562603587,1.8580916105088354,1.646052968132282,0.21203864237655348,1,0
2454,5387990,2211419900,412.5,414.5,408.0,410.0,0.0,3436,60.94528879467623,1.744562372897576,3.7467634844164244,-2.0022011115188483,393.525,401.589273727811,2.371293580970993,1.7274039508755519,0.6438896300954414,1,0
2454,3685893,1515357777,411.0,415.5,409.5,410.0,0.0,2628,60.94528879467623,2.1471092888087355,3.319448320262067,-1.1723390314533315,395.525,402.2122904887139,2.7681379018198986,1.6993986173795657,1.068739284440333,1,0
2454,6034214,2444727622,410.0,410.0,403.0,403.0,-7.0,4177,55.34937121167527,1.8796220088096902,2.441568832210417,-0.5619468234007272,397.25,402.27063934140176,2.960863829579317,1.5136996361111872,1.4471641934681299,1,0
2454,5625960,2252140968,402.0,403.5,398.0,400.5,-2.5,3459,53.46138831864142,1.4492018092798276,1.6089189061444438,-0.15971709686461627,398.45000000000005,402.1394808716683,2.9820361231901655,1.2278975437776285,1.754138579412537,1,0
2454,3259803,1304662091,400.0,403.0,396.0,400.5,0.0,2435,53.46138831864141,1.0954628858956994,1.0041439862082526,0.09131889968744686,399.975,402.0180378441373,2.937298564312918,0.9465279879203046,1.9907705763926133,1,0
2454,3635199,1470168901,402.0,409.0,401.0,401.5,1.0,2949,54.18634106551618,0.8856051779919767,0.6354290226436239,0.25017615534835286,401.475,401.9796646704975,2.5421113331059066,0.44107260537063464,2.101038727735272,1,0
2454,4823210,1957159512,405.0,409.0,403.0,403.5,2.0,3358,55.673556363411066,0.8706385387170599,0.49636990669496556,0.3742686320220943,401.77500000000003,402.09228210231254,2.3794483049062864,0.22272766173681147,2.156720643169475,1,0
2454,4208503,1701889444,404.5,407.0,401.0,403.5,0.0,2802,55.67355636341105,0.8489907325761124,0.3797776804432144,0.46921305213289793,402.3,402.1965575021412,2.131163421486,-0.020445777346780325,2.15160919883278,1,0
2454,7337236,3033755184,406.5,418.0,404.5,416.0,12.5,5219,64.11695886407391,1.819506089786728,1.080234430123064,0.7392716596636639,403.6,403.21903472420485,1.9976536007585506,-0.12316447845938372,2.1208180792179343,1,0
2454,5757976,2380090684,418.0,419.5,407.5,409.0,-7.0,4033,57.510421916437785,2.000741699113746,1.0091760315600657,0.9915656675536804,404.475,403.64725437426375,1.6790028517414735,-0.3534521819811687,2.032455033722642,1,0
2454,4689682,1936306484,411.5,416.5,411.0,412.5,3.5,3265,59.74392749915271,2.399137214123641,1.1260572372559685,1.2730799768676726,405.5,404.30301330950346,1.2238124870358609,-0.6469140373494251,1.870726524385286,1,0
2454,9588767,4039908534,415.5,425.0,413.0,424.5,12.0,6785,66.28722934387545,3.641194814611481,1.8944918701950466,1.7467029444164344,406.75,405.79908639768837,1.0120493403819428,-0.6869417472026746,1.6989910875846175,1,0
2454,4941599,2089176278,423.0,424.5,420.0,422.5,-2.0,2855,64.40817231156522,4.413277609129125,2.1332597317701523,2.2800178773589725,407.875,407.03619110897074,1.0294420424130029,-0.5356392361372917,1.5650812785502946,1,0
2454,8138620,3520547840,425.0,436.0,425.0,434.0,11.5,5655,69.72285711866225,5.8852709369235185,2.884202447651637,3.0010684892718817,409.07500000000005,409.03351028608404,1.129569154558492,-0.348409699193442,1.477978853751934,1,0
2454,6771655,2920020185,437.5,439.5,426.0,426.0,-8.0,4750,62.707881264464945,6.33329680984599,2.6657826564592866,3.6675141533867035,410.5,410.29028730192965,1.256230052041568,-0.17739904136829288,1.4336290934098608,1,0
2454,5274114,2229649526,425.0,425.5,420.5,421.5,-4.5,3656,59.105527867574786,6.253165550057645,2.0685211173367524,4.1846444327208925,411.6,411.1206363906756,1.398491761127562,-0.028109865825839186,1.4266016269534012,1,0
2454,5948649,2551231719,422.0,432.5,422.0,432.5,11.0,4314,64.47748726623583,6.996616380137311,2.2495775579331347,4.747038822204177,413.225,412.7042929543293,1.6633867491331549,0.18942809774380276,1.4739586513893521,1,0
2454,6264905,2659848340,428.0,431.0,422.0,425.0,-7.5,4090,58.80545144529752,6.9010679834175335,1.7232233289706853,5.177844654446848,414.02500000000003,413.6150860688234,1.8970379719222665,0.33846345642633135,1.5585745154959352,1,0
2454,5107878,2169210313,420.0,427.5,420.0,426.0,1.0,3435,59.31930883158346,6.827335558826064,1.3195927235033729,5.507742835322691,414.6,414.5324871007624,2.1046086888940567,0.4368273387184971,1.6677813501755596,1,0
2454,4476785,1892600270,426.0,426.0,421.0,422.0,-4.0,2739,56.2943971234797,6.372675276780626,0.6919459531663472,5.680729323614279,415.20000000000005,415.08563620440964,2.3638734920117312,0.5568737134689372,1.806999778542794,1,0
2454,4028967,1724941442,424.0,430.0,424.0,427.5,5.5,3049,59.362901150991284,6.382583314758904,0.5614831929156994,5.821100121843204,416.07500000000005,416.0052187077867,2.310062396457486,0.40245009433175327,1.9076123021257325,1,0
2454,4624848,1959362356,424.5,427.0,421.0,421.0,-6.5,3306,54.49356091671488,5.799091511867118,-0.017606887980869068,5.816698399847987,416.625,416.3752025072099,2.3471784411892,0.3516529112507738,1.995525529938426,1,0
2454,5004056,2113086410,420.0,426.0,418.5,426.0,5.0,3201,57.389022653458525,5.674713700349457,-0.11358775959882461,5.788301459948282,417.77500000000003,417.0881504696388,2.371593291404616,0.3008542091729516,2.0707390822316643,1,0
2454,3567422,1501428740,421.0,424.5,419.0,419.0,-7.0,2157,52.365557143460514,4.954193036620836,-0.6672867386619572,5.621479775282793,418.70000000000005,417.2297689533692,2.166882276843468,0.07691455568944283,2.089967721154025,1,0
2454,5645688,2360765416,418.0,422.0,413.5,418.0,-1.0,3521,51.66973621998174,4.253452425020043,-1.0944218802102004,5.347874305230244,419.57500000000005,417.2868231049715,2.043785506443114,-0.03694577176872915,2.080731278211843,0,1
2454,11558667,4668978293,414.5,415.0,400.0,403.0,-15.0,6870,42.538841143210576,2.459385536443733,-2.310791015029209,4.770176551472942,419.65000000000003,416.22853991201066,1.4889618092464922,-0.47341557517228083,1.962377384418773,0,1
2454,13759886,5422143172,390.0,402.0,387.0,400.0,-3.0,8034,40.97909420585892,0.786434150391699,-3.1869939208649947,3.9734280712566936,419.475,415.0264258444543,1.0616644307720797,-0.7205703629173548,1.7822347936894345,0,1
2454,8055909,3184211282,391.0,400.0,391.0,398.0,-2.0,5388,39.92800512632203,-0.6927891195965117,-3.7329737526825646,3.040184633086053,419.20000000000005,413.76520911523545,0.7023881196066535,-0.8638773392662249,1.5662654588728784,0,1
2454,12372724,4863091261,396.0,400.0,389.0,389.0,-9.0,7486,35.51362822694474,-2.5617784152329364,-4.481570438655192,1.9197920234222552,417.85,411.93074918077355,-0.04096143442306909,-1.2857815146367582,1.244820080213689,0,1
2454,9519977,3559737375,375.5,377.5,372.0,373.0,0.0,6260,29.309716943614966,-5.2732454882787465,-5.754430009360801,0.4811845210820548,416.05,409.0469899821977,-0.8329459166279379,-1.6622127974733016,0.8292668808453637,0,1
2454,6978722,2579060584,374.0,375.5,366.0,369.0,-4.0,4555,27.993138269606934,-7.6566086311120785,-6.510234521755306,-1.1463741093567719,413.875,406.0805462798127,-1.6933215212694874,-2.018070721691881,0.3247492004223935,0,1
2454,6857917,2502739159,369.0,369.5,362.5,365.0,-4.0,4362,26.701458495024514,-9.755749456624017,-6.887500277813796,-2.868249178810221,410.9,403.03754285167844,-2.5131780044290775,-2.2703417638811767,-0.24283624054790065,0,1
2454,16709704,5875356129,365.5,366.5,336.0,346.5,-18.5,9673,21.711569264485693,-12.764982303317197,-7.9173864996055805,-4.8475958037116165,407.1,398.84957671451707,-3.641423643775502,-2.7188699225820807,-0.9225537211934209,0,1
2454,7237429,2545040346,342.5,357.0,342.5,357.0,10.5,5169,29.737273866224257,-14.139566644135869,-7.4335766723394014,-6.705989971796467,403.25,395.7496080689973,-4.528275145273306,-2.884577139263908,-1.643698006009398,0,1
2454,5982530,2099395590,351.0,354.0,348.0,350.5,-6.5,4025,27.834948717119733,-15.573904043419645,-7.094331257298542,-8.479572786121103,399.475,392.3977852490716,-5.489002979020099,-3.0762439784085607,-2.4127590006115383,0,1
2454,8560454,2946057676,350.5,352.5,338.5,342.0,-8.5,5706,25.53455514477441,-17.198254951195565,-6.9749457320595685,-10.223309219135997,395.5,388.6646159713626,-6.479443753388837,-3.253347802221839,-3.2260959511669984,0,1
2454,11200775,3715902975,340.0,342.0,326.0,326.0,-16.0,7434,21.870542121780332,-19.55125631824285,-7.462357679285482,-12.088898638957367,390.175,384.0227925660765,-7.622171836557487,-3.5168607083123904,-4.105311128245097,0,1
2454,10714333,3480927680,326.0,333.5,317.5,317.5,-8.5,6323,20.211311216599743,-21.85003224606345,-7.8089068856848645,-14.041125360378585,384.8,379.09517830192266,-8.46453814282234,-3.487381611661794,-4.977156531160546,0,1
2454,8135449,2630633297,320.0,328.0,320.0,321.5,4.0,5769,23.165441397894657,-23.08297598158026,-7.2334804969613415,-15.84949548461892,379.57500000000005,374.82886879807654,-9.228901032179733,-3.4013956008153494,-5.827505431364384,0,1
2454,6267002,2031135150,322.0,329.0,321.0,322.5,1.0,4559,23.92377784861674,-23.70613160363382,-6.285308895211919,-17.420822708421902,374.6,370.9526562945153,-9.849842375974795,-3.2178695556883286,-6.6319728202864665,0,1
2454,8072432,2652361468,331.0,333.0,325.0,327.0,4.5,4975,27.39642405495585,-23.5652292379649,-4.915525223634397,-18.649704014330503,369.57500000000005,367.69690397640306,-10.303136939473157,-2.9369312953493525,-7.366205644123805,0,1
2454,7589847,2490450357,327.0,332.0,322.0,332.0,5.0,4517,31.156665018729196,-22.787425626822994,-3.310177289993991,-19.477248336829003,365.125,365.0526888670399,-10.38992881178242,-2.418978534126892,-7.970950277655528,0,1
2454,5081343,1519321557,299.0,299.0,299.0,299.0,-33.0,2141,22.773386422413846,-24.550828203542892,-4.058863893371111,-20.49196431017178,358.775,360.159897099111,-10.719428160032924,-2.1987823059019167,-8.520645854131008,0,1
2454,27240047,7587598684,275.0,287.0,274.0,280.0,-19.0,15092,19.517228722695844,-27.16829941660211,-5.341068085144261,-21.82723133145785,351.825,354.2221269436213,-11.290631307858304,-2.215988362981836,-9.074642944876468,0,1
2454,16904919,4701891319,287.5,287.5,268.0,270.0,-10.0,10346,18.05409312894019,-29.70713527393798,-6.303923153984105,-23.403212119953874,344.425,347.9834508737234,-11.581051439892468,-2.0051267960127994,-9.575924643879668,0,1
2454,10716139,2925428982,275.0,278.0,268.5,275.0,5.0,6384,21.23361646902669,-30.958848435395566,-6.044509052353352,-24.914339383042215,338.025,342.5772693275217,-12.095238095238114,-2.015450761086756,-10.079787334151359,0,1
2454,9814606,2705354186,273.0,282.5,267.0,278.0,3.0,6073,23.16006614114496,-31.347411756362078,-5.146457898655889,-26.20095385770619,331.92499999999995,337.7937678958534,-12.376490785893033,-1.8373627613933383,-10.539128024499695,0,1
2454,10390123,2947431390,280.5,291.5,275.0,288.0,10.0,6905,29.36188781814501,-30.496885449354522,-3.436745273318664,-27.06014017603586,326.425,334.10534064430874,-12.381614308219831,-1.473989026976108,-10.907625281243723,0,1
2454,8949276,2590193712,296.0,297.5,284.0,284.0,-4.0,5957,28.37534021814884,-29.802064149569617,-2.193539178827006,-27.60852497074261,321.175,330.3938339299155,-12.004029904148561,-0.8771236983238708,-11.12690620582469,0,1
2454,12062618,3383702586,285.0,286.5,276.0,280.0,-4.0,7161,27.38445608972256,-29.237152143760113,-1.3029017384140005,-27.934250405346113,316.525,326.66095734251434,-11.532648414930486,-0.32459376728463596,-11.20805464764585,0,1
2454,8411639,2352302420,280.0,283.0,277.0,279.5,-0.5,5036,27.256328150725125,-28.501256388282457,-0.4536047863490751,-28.04765160193338,312.05,323.16755309492066,-11.164897546560933,0.03452568086793484,-11.199423227428868,0,1
2454,17730700,4779677528,280.0,280.0,265.0,270.0,-9.5,9258,24.874890663346598,-28.357733999936386,-0.24806591840240344,-28.109668081533982,307.3,319.22921582863023,-11.112756714060051,0.0693332106950546,-11.182089924755106,0,1
2454,9130044,2418018336,268.0,268.0,263.0,265.0,-5.0,5203,23.701149518010048,-28.320983023312692,-0.16905195342296508,-28.151931069889727,303.225,315.21223687836135,-11.285370258880187,-0.08262426730006389,-11.202745991580123,0,1
2454,5001512,1339737952,267.0,271.5,266.5,267.0,2.0,3397,25.221118715193782,-27.809899118284875,0.2736255612838825,-28.083524679568757,298.725,311.6409600725568,-11.58653454041269,-0.30703083906605144,-11.279503701346638,0,1
2454,14079700,3712561100,265.5,267.5,261.0,261.0,-6.0,4906,23.696019397669424,-27.57118780672988,0.4098694982711031,-27.981057305000984,294.25,307.88977784496,-11.203289419173098,0.06097142573883296,-11.26426084491193,0,1
2454,14039610,3626883003,260.0,263.0,254.0,260.0,-1.0,7972,23.441597540296954,-27.149733784209843,0.6650588166329143,-27.814792600842758,290.15000000000003,304.3423868934815,-10.484684230429858,0.623661291585659,-11.108345522015517,0,1
2454,12198287,3108392898,254.5,257.0,252.0,254.0,-6.0,6526,21.920800150266885,-26.988768566745875,0.6608192272775071,-27.649587794023383,286.55,300.61332119766803,-9.611366931013926,1.1975828728012736,-10.8089498038152,0,1
2454,13880555,3268439260,250.0,250.0,229.0,229.0,-25.0,8739,16.97825498668494,-28.549393897031962,-0.7198448824068606,-27.8295490146251,282.125,295.3086307385815,-9.308556799444592,1.2003144034964865,-10.508871202941078,0,1
2454,21673307,5057179071,228.0,240.0,227.0,235.0,6.0,10177,21.55001111053495,-28.968124353557755,-0.9108602711461202,-28.057264082411635,277.8,290.8413247579458,-9.203487220130766,1.0443071862482505,-10.247794406379017,0,1
2454,16419375,3795023051,233.0,234.0,227.0,229.5,-5.5,7700,20.438930697937327,-29.404814889541683,-1.0780406457040357,-28.326774243837647,273.15,286.2975229240239,-9.351068117694478,0.7173810309476316,-10.06844914864211,0,1
2454,20533889,4758175028,235.5,238.0,228.0,230.0,0.5,10362,20.838510885487867,-29.37196770389332,-0.8361547680445369,-28.53581293584878,268.3,282.1273360407629,-9.457152611812896,0.4890372294633707,-9.946189841276267,0,1
2454,20489963,5121796139,243.0,253.0,241.0,253.0,23.0,9570,36.60982264920043,-27.17675161594778,1.087249055920804,-28.264000671868583,264.35,279.96975559329894,-9.151862860302755,0.6354615847788097,-9.787324445081564,0,1
2454,13381514,3358357542,255.0,256.0,246.5,251.0,-2.0,7624,35.93930474934803,-25.306690559968246,2.36584808952027,-27.672538649488516,261.95000000000005,277.82384777157307,-9.062652790389054,0.5797373237540082,-9.642390114143062,0,1
2454,10406623,2541951135,248.5,249.5,239.5,245.0,-6.0,6192,33.93149881816756,-24.03178015360288,2.912606796708509,-26.94438695031139,260.2,275.3924516403454,-8.896650672687937,0.5965915531641013,-9.493242225852038,0,1
2454,8966297,2176464968,242.5,245.0,240.5,243.0,-2.0,5008,33.26439245080521,-22.918596443161647,3.2206324057197975,-26.139228848881444,258.85,272.99301077809764,-8.556308716851001,0.7495468072008293,-9.30585552405183,0,1
2454,6755326,1641376118,243.0,248.0,241.0,242.0,-1.0,4633,32.91593248251847,-21.865035456996424,3.4193547135080173,-25.28439017050444,257.20000000000005,270.69723220194226,-8.27558827775371,0.824213797038496,-9.099802074792207,0,1
2454,13928105,3450510048,242.0,254.0,242.0,242.0,0.0,8980,32.91593248251847,-20.79042174467895,3.5951747406603936,-24.385596485339345,255.40000000000003,268.57151129809466,-7.7377472473935764,1.0896438619189048,-8.827391109312481,0,1
2454,7497966,1840429908,242.0,248.5,242.0,246.5,4.5,5283,36.39335655140697,-19.352585682382625,4.026408642365379,-23.378994324748003,253.325,266.93658453527286,-7.003132785712547,1.4594066588799484,-8.462539444592496,0,1
2454,11808638,3009269328,250.0,257.5,250.0,255.0,8.5,8711,42.46064134093889,-17.32747098192391,4.841218674259277,-22.168689656183187,251.875,266.05239308821564,-6.3612662942271925,1.681018520292243,-8.042284814519435,1,0
2454,15644735,4255223800,261.0,280.5,260.0,280.0,25.0,11268,55.811446406632484,-13.549076604277616,6.895690441524458,-20.444767045802074,251.875,267.08554915575525,-4.715083798882685,2.6617608125094003,-7.376844611392086,1,0
2454,10371092,2840822392,274.5,277.0,270.0,273.0,-7.0,7384,52.161902635006626,-10.992795235987444,7.561577447851704,-18.554372683839148,251.55,267.5236566256993,-3.531630804358084,3.076171045627202,-6.607801849985286,1,0
2454,10357332,2886527028,273.0,283.5,273.0,277.0,4.0,7471,54.012458197870785,-8.545648349310113,8.006979467623228,-16.55262781693334,251.90000000000003,268.2256079867586,-2.0282843319687482,3.66361401441323,-5.691898346381978,1,0
2454,5042318,1399556234,282.5,283.0,275.0,277.0,0.0,3970,54.01245819787079,-6.5309817190151875,8.017316878334524,-14.548298597349712,252.50000000000003,268.8755629507024,-0.4975309561031505,4.155493912223062,-4.653024868326213,1,0
2454,4329078,1178624596,276.0,277.0,270.0,271.0,-6.0,3494,50.60682443286916,-5.356744538937846,7.353243246729493,-12.709987785667339,252.70000000000002,269.03292865805776,0.3370898325745623,3.9920917607206206,-3.655001928146058,1,0
2454,6426799,1765168823,275.5,276.5,272.0,276.0,5.0,4504,53.25209206096914,-3.976852223618721,6.986508449638896,-10.963360673257617,253.45000000000002,269.54900801672017,1.2665321676753987,3.9372272766571657,-2.670695108981767,1,0
2454,6720925,1881263650,281.5,283.5,277.0,277.0,1.0,4965,53.78517970477799,-2.77064767772913,6.554170396422789,-9.324818074151919,254.3,270.100933348815,2.348558471007436,4.015402863991362,-1.6668443929839265,1,0
2454,5514798,1537179642,280.0,280.5,277.0,278.5,1.5,3684,54.62110278454189,-1.6743831739383381,6.1203479201708655,-7.794731094109204,255.52500000000003,270.7230864340879,3.5140186915887885,4.144690467658172,-0.6306717760693835,1,0
2454,13096456,3506898796,275.0,275.0,262.5,263.5,-15.0,9312,45.71601684491243,-1.99298638978388,4.64139576346026,-6.63438215324414,257.25,270.18804299452586,4.311979244624047,3.954120816554745,0.3578584280693026,1,0
2454,12145422,3148766564,260.0,262.5,256.0,260.0,-3.5,7703,43.916854527432385,-2.4990944775286152,3.3082301405724195,-5.807324618101035,258.50000000000006,269.4333731430795,4.974285999600543,3.6931420572249922,1.2811439423755506,1,0
2454,14261855,3578781815,255.0,255.5,248.0,251.0,-9.0,8516,39.60099582439267,-3.5850869169009343,1.7777901609600804,-5.362877077861015,259.57500000000005,268.067938095444,5.372872872872843,3.273383144397834,2.0994897284750094,0,1
2454,20323620,4915378800,251.0,253.0,236.0,236.0,-15.0,12593,33.663205098823205,-5.59166119940744,-0.18302729723713984,-5.4086339021703,259.875,265.69253527355926,5.149459934689775,2.439976164971812,2.709483769717963,0,1
2454,11640205,2764987200,234.5,241.0,233.5,237.0,1.0,7998,34.36971217054714,-7.020268842973394,-1.289307952642475,-5.730960890330919,259.075,263.56716229033265,4.106170598911078,1.1173494633544916,2.988821135556586,0,1
2454,16386458,3889454710,231.0,245.5,230.5,243.5,6.5,9020,38.92312353787487,-7.541026753539597,-1.4480526905669429,-6.0929740629726545,258.7,262.08070582438205,3.3035421242646814,0.25177679096647587,3.0517653332982055,0,1
2454,10800977,2705994204,248.0,253.0,246.5,250.5,7.0,7818,43.471626044178805,-7.304685780296182,-0.9693693738588216,-6.335316406437361,258.975,261.2228757633167,2.1012632744476263,-0.7604016470804638,2.86166492152809,0,1
2454,7736508,1931774235,250.5,252.0,247.5,249.5,-1.0,5198,42.979204959346944,-7.116046148492444,-0.6245837936440664,-6.491462354848378,259.3,260.35451459566366,0.9805398618957758,-1.5049000477058514,2.4854399096016273,0,1
2454,11319640,2771232160,249.5,250.0,242.0,243.0,-6.5,7525,39.8216693475001,-7.405675540686161,-0.7313705486702267,-6.6743049920159345,259.35,259.0689949959849,-0.13657094171303813,-2.0976086810517325,1.9610377393386944,0,1
2454,12375836,3043808656,247.0,249.0,244.0,245.0,2.0,5985,41.251832314296166,-7.388653833251766,-0.571479072988665,-6.817174760263101,259.5,258.02684721850454,-1.3688868886888919,-2.663939702422069,1.2950528137331772,0,1
2454,15636566,3969055594,247.5,258.0,246.0,258.0,13.0,10071,49.63109724733203,-6.254079517361532,0.4504761943212552,-6.704555711682787,260.07500000000005,258.02485853565236,-2.0599110578124322,-2.6839710972364874,0.6240600394240553,0,1
2454,16739464,4436862960,264.5,268.0,262.0,265.5,7.5,10574,53.731266656119026,-4.695605856565891,1.6071598840935177,-6.302765740659408,260.6,258.5785727181966,-2.693640465684439,-2.654160404086795,-0.03948006159764347,1,0
2454,10061416,2684278602,269.0,271.5,264.0,266.5,1.0,6538,54.265835301775255,-3.341296226523042,2.3691756113090934,-5.710471837832135,259.925,259.1653451094413,-2.908652651458679,-2.2953380718888283,-0.6133145795698506,1,0
2454,15217218,4179188886,270.0,277.5,267.5,277.0,10.5,10412,59.55034475102144,-1.4045431405746172,3.4447429578060147,-4.849286098380632,260.125,260.4864306568901,-2.8519507491470124,-1.7909089356617294,-1.061041813485283,1,0
2454,7257410,1985471430,277.0,277.0,271.5,272.5,-4.5,5414,56.53531473755061,-0.23011216850028404,3.6953391439042784,-3.9254513124045625,259.9,261.37632468230566,-2.6015899972925944,-1.232438547045849,-1.3691514502467454,1,0
2454,7426243,2039975068,274.5,277.0,271.5,276.0,3.5,4852,58.30357580868832,0.9718506975807486,3.917841607988249,-2.9459909104075006,259.85,262.4595598910238,-1.8147086914995438,-0.35644579300223866,-1.4582628984973052,1,0
2454,8221562,2258209612,276.5,276.5,272.0,276.0,0.0,4085,58.30357580868832,1.9024842741675911,3.8787801476600734,-1.9762958734924823,260.1,263.46255545465164,-1.0021945866861857,0.3648546494488958,-1.3670492361350814,1,0
2454,4833723,1328594602,278.0,278.5,272.5,274.0,-2.0,3227,56.772903345678294,2.450388252699497,3.541347300953584,-1.0909590482540865,260.0,264.2431069024552,-0.3124696041241367,0.8436637056087558,-1.1561333097328925,1,0
2454,5048983,1386371825,276.0,276.5,272.5,275.0,1.0,3415,57.37546490322622,2.9315051788689175,3.217971381698403,-0.2864662028294857,259.9,265.03991379856967,0.5353579597994619,1.3531930156258836,-0.8178350558264217,1,0
2454,10963368,2930642176,275.0,275.5,263.0,264.5,-10.5,7669,49.56317337458468,2.437434335510318,2.179120430671843,0.258313904838475,259.20000000000005,264.9999201838608,1.135394586165713,1.5625837135937077,-0.42718912742799475,1,0
2454,9367207,2503306476,261.0,270.0,261.0,267.0,2.5,5674,51.26467164972665,2.2219949643830432,1.5709448476356545,0.6510501167473887,259.375,265.1480742443156,2.0447502623038782,1.9775515117854985,0.06719875051837983,1,0
2454,11031089,2968572796,272.5,272.5,266.0,267.0,0.0,4720,51.26467164972666,2.0278815543616133,1.1014651500913797,0.9264164042702336,259.725,265.28525392992185,2.8932385211250184,2.260831816485311,0.6324067046397075,1,0
2454,5655106,1530465264,269.0,272.5,268.0,271.5,4.5,3934,54.4710396422102,2.2116629960329988,1.028197273410212,1.1834657226227867,260.75,265.74560549066837,3.3145188877485965,2.145689746487111,1.1688291412614853,1,0
2454,7147552,1898468832,267.5,268.5,263.5,264.5,-7.0,4839,49.06351691619985,1.7720426099233464,0.4708615098404476,1.3011811000828988,262.175,265.6533384172855,3.4571799202094904,1.830680623158404,1.6264992970510863,1,0
2454,16486805,4232533385,263.0,264.5,252.0,256.0,-8.5,10271,43.42599738047089,0.7293537876445271,-0.4574618499506975,1.1868156375952246,263.125,264.9382763123014,3.4420957010630566,1.4524771232095761,1.9896185778534805,0,1
2454,6708774,1706554965,259.0,259.0,252.5,253.0,-3.0,4777,41.60880206299111,-0.33519561770378914,-1.2176090042392111,0.8824133865354219,263.6,264.05395954842726,3.06323623638423,0.8588941268245991,2.2043421095596307,0,1
2454,7095081,1800621236,252.0,258.5,249.5,254.5,1.5,5044,42.8955006477223,-1.0457662843703588,-1.5425437367246246,0.4967774523542658,263.8,263.3462588411364,2.6231369065245196,0.3350358375719109,2.2881010689526087,0,1
2454,18194319,4863457938,259.5,271.0,259.5,270.0,15.5,11738,54.14100823356393,-0.3540963931903889,-0.6806990764357237,0.32660268324533487,264.82500000000005,263.83912855660776,2.2792233392469954,-0.007102183764490899,2.2863255230114863,1,0
2454,17531647,4836259708,275.0,279.0,273.5,276.0,6.0,10966,57.62015192342309,0.6704779818730344,0.2751002389021596,0.3953777429708748,266.475,264.7399338487109,1.9025875190258794,-0.3069904031884858,2.209577922214365,1,0
2454,29666736,8769260272,283.0,303.5,281.0,302.5,26.5,19697,68.85781962897453,3.5795265323429817,2.5473190314976852,1.0322075008452962,269.34999999999997,267.5369757858434,1.8148445287239168,-0.315786714792359,2.1306312435162758,1,0
2454,10909646,3257613862,307.0,307.0,295.5,297.0,-5.5,7823,65.00511411545195,5.379156860690159,3.47755948787589,1.901597372814269,271.3,269.7194220239291,1.6207553081242707,-0.40790074831360434,2.028656056437875,1,0
2454,14514679,4214961052,297.0,297.0,288.0,288.0,-9.0,9021,59.17086499856779,6.009873991324639,3.286621294808296,2.7232526965163433,272.425,271.0735389110455,1.7025862068965567,-0.2608558796330549,1.9634420865296116,1,0
2454,8430855,2425512530,288.0,293.0,284.0,286.0,-2.0,5617,57.92667076945955,6.275992837362253,2.8421921126767273,3.4338007246855256,273.4,272.17920269541247,1.7749505634574487,-0.15079321845773053,1.9257437819151793,1,0
2454,10294388,2963178468,282.5,292.5,282.5,285.5,-0.5,6365,57.600584996740444,6.373083182977325,2.351425966633439,4.021657216343886,273.825,273.1659284216782,1.8239351489724644,-0.08144690635417184,1.9053820553266363,1,0
2454,10980180,3069877680,285.5,288.0,274.0,275.0,-10.5,7357,51.095673555164296,5.53891655138824,1.2138074680354833,4.325109083352757,273.95,273.30178557562795,1.4699983483164338,-0.3483069656081621,1.818305313924596,1,0
2454,8874148,2397107700,275.0,278.0,265.0,272.0,-3.0,6248,49.37981840828614,4.582929400697196,0.20625625387555147,4.376673146821645,273.75,273.20535701447034,1.3127894130644182,-0.40441272068814227,1.7172021337525605,0,1
2454,10011761,2706832187,271.5,277.5,265.0,265.5,-6.5,7026,45.79175149303527,3.263190984620792,-0.8907857297606823,4.153976714381474,273.225,272.6345898282133,1.4957264957264889,-0.17718051042085747,1.6729070061473463,0,1
2454,7885064,2118378860,265.0,272.5,262.5,270.5,5.0,5156,48.86949523201498,2.590880932314576,-1.2504766256535187,3.8413575579680947,273.05,272.47647206316043,1.9580928246280613,0.2281486547845719,1.7299441698434894,0,1
2454,9340685,2509194395,274.0,274.5,265.0,265.5,-5.0,6241,46.05360698557389,1.6357561798545248,-1.7644811024908562,3.400237282345381,272.575,271.95969635477815,2.308035295221983,0.462472900302795,1.8455623949191882,0,1
2454,9540705,2481581800,263.0,265.0,257.0,258.0,-7.5,7228,42.13198750772841,0.2705073717464188,-2.50378392847917,2.7742913002255887,272.25,270.92564477294275,2.2153983716880576,0.29586878141509554,1.919529590272962,0,1
2454,8403913,2200659885,258.0,265.0,256.0,265.0,7.0,6046,46.694414988555806,-0.24381015451200483,-2.4144811637900747,2.17067100927807,272.15,270.4867081230951,1.9869031634984318,0.053898858580375686,1.933004304918056,0,1
2454,4693975,1227365925,262.0,264.5,260.0,261.5,-3.5,3437,44.79280959835068,-0.9231892972556466,-2.4750882452269733,1.5518989479713268,271.875,269.8210260399029,0.9382523721852364,-0.7958015461862559,1.7340539183714923,0,1
2454,13269798,3567998450,264.0,275.0,260.0,275.0,13.5,8870,52.78059484613692,-0.368022650718558,-1.535937278951908,1.16791462823335,272.04999999999995,270.2046537406508,0.2773843248347326,-1.165335674829408,1.4427199996641404,1,0
2454,10339568,2814997792,276.0,278.5,267.5,268.0,-7.0,7088,48.83501349988531,-0.48727359544625415,-1.3241505789436832,0.8368769834974291,272.225,270.04134605615815,-0.25163028069181087,-1.3554802242847612,1.1038499435929503,0,1
2454,9438854,2525552847,271.0,274.0,262.5,262.5,-5.5,6321,45.929783926427106,-1.0138972860967783,-1.480619415675366,0.46672212957858766,272.55000000000007,269.4827278297761,-0.7976520154323383,-1.5212015672202308,0.7235495517878926,0,1
2454,10608217,2874949615,268.0,274.0,265.5,274.0,11.5,6646,52.31727161495763,-0.4975608923204504,-0.7714264175192305,0.27386552519878005,273.6,269.817340583126,-1.2846877511464323,-1.6065898423474598,0.32190209120102764,1,0
2454,5566819,1497301130,273.0,273.5,266.5,267.0,-7.0,3879,48.55708450205901,-0.6457581804748997,-0.7356989645389438,0.0899407840640441,274.225,269.6086486880796,-1.5305157660852187,-1.481934285828997,-0.04858148025622161,0,1
2454,12207332,3176954331,263.0,264.5,257.0,260.5,-6.5,6313,45.30116443138231,-1.2730266178554643,-1.0903739215356067,-0.18265269631985762,273.75,268.93393397044406,-1.7933612510942365,-1.3958238166704118,-0.3975374344238246,0,1
2454,14049815,3649403408,261.0,264.0,256.0,261.0,0.5,8041,45.60332294397137,-1.7100827825512965,-1.221944068985151,-0.4881387135661454,273.0,268.34623515781857,-1.7853757937636345,-1.1102706874718478,-0.6751051062917867,0,1
2454,11859491,3173298088,263.0,271.0,262.5,269.0,8.0,7585,50.330990384072734,-1.3948409425545947,-0.7253617831907594,-0.6694791593638353,271.32500000000005,268.39466218316534,-1.8943430181620176,-0.9753903294961846,-0.9189526886658329,0,1
2454,9726782,2649118853,267.0,275.0,266.5,274.0,5.0,6979,53.07594270748176,-0.7331005728414084,-0.050897130782058486,-0.6822034420593499,270.175,268.80987239181974,-1.8836061314627441,-0.7717227542375289,-1.1118833772252152,1,0
2454,5575752,1500587540,270.0,271.0,267.0,269.0,-5.0,3843,50.0945157665062,-0.6051489946007109,0.06164355796691123,-0.6667925525676222,269.225,268.8239559183516,-1.7685872510899108,-0.5253630990917564,-1.2432241519981544,0,1
2454,7404123,2026112762,271.5,275.0,271.0,275.0,6.0,4845,53.47209744115194,-0.019373268120432385,0.5179354275577518,-0.5373086956781842,268.675,269.2814406651404,-1.747027585882814,-0.4030427471077276,-1.3439848387750863,1,0
2454,6749656,1830973120,274.0,275.0,269.0,270.0,-5.0,4113,50.410274415876096,0.04092820724872581,0.462589522341528,-0.4216613150928022,267.9,269.3346672825374,-1.4873819258423846,-0.11471766965383856,-1.372664256188546,1,0
2454,5268821,1404581065,270.5,271.5,264.0,264.0,-6.0,3780,46.937037044867125,-0.39092594404041847,0.024588296841906998,-0.41551424088232547,267.35,268.9395067430902,-1.6570164289413132,-0.22748173820221362,-1.4295346907390996,0,1
2454,6584621,1715244081,260.0,263.0,258.5,260.0,-4.0,4219,44.72467586296678,-1.043906536143993,-0.502713836209334,-0.541192699934659,266.75,268.2773210584169,-1.3094646113045028,0.09605606354767748,-1.4055206748521802,0,1
2454,5573443,1450615002,261.0,264.0,257.5,257.5,-2.5,4086,43.34940512713925,-1.7430348457846776,-0.9614737166800148,-0.7815611291046628,266.35,267.4790009800156,-0.9072724674953726,0.3985985658854462,-1.3058710333808188,0,1
2454,5033304,1293587328,259.0,260.0,253.0,255.0,-2.5,3295,41.9599000795781,-2.4703515003945427,-1.3510322970319038,-1.119319203362639,265.575,266.5546305370515,-1.0288065843621685,0.2216515592149202,-1.2504581435770887,0,1
2454,6228386,1613033560,255.5,262.0,255.5,259.0,4.0,3916,44.99772211842784,-2.6929460132610075,-1.2589014479186946,-1.4340445653423128,265.25,265.9950282750477,-0.8935005043954574,0.2855661113453052,-1.1790666157407625,0,1
2454,9802416,2481795852,255.0,257.0,250.0,253.0,-6.0,6629,41.48978869395704,-3.315287058802994,-1.504993994768545,-1.8102930640344492,265.0,265.0324335880071,-0.6624194599290638,0.4133177246493591,-1.075737184578423,0,1
2454,5393975,1389263525,254.5,260.5,253.5,259.0,6.0,4042,46.02153920951413,-3.2864626693124706,-1.1809356842224168,-2.1055269850900538,264.70000000000005,264.5855866555621,-0.4946423820235678,0.4648758420438842,-0.959518224067452,0,1
2454,5525810,1429062010,258.5,260.0,256.0,259.0,0.0,2990,46.02153920951413,-3.2264268921411485,-0.8967199256408755,-2.329706966500273,264.57500000000005,264.1718394958908,-0.6215921483097072,0.2703408606061959,-0.8919330089159031,0,1
2454,6929601,1766363935,254.0,256.5,253.0,254.0,-5.0,3281,42.8164981913566,-3.5414823158144486,-0.9694202794513402,-2.5720620363631084,263.525,263.41836990360264,-1.0862705117001787,-0.15547000222742047,-0.9308005094727583,0,1
2454,8715344,2292434540,258.0,267.5,258.0,260.5,6.5,6030,47.89653750142829,-3.229443319366851,-0.5259050264029939,-2.703538292963857,263.15,263.2021943551876,-1.2106184364060841,-0.22385434154666062,-0.9867640948594235,0,1
2454,4946237,1284301646,260.5,262.5,257.0,257.0,-3.5,3154,45.550017579466356,-3.227367828482045,-0.41906362841455014,-2.8083042000674947,262.875,262.7427725510996,-1.6575392479007034,-0.5366201224330238,-1.1209191254676796,0,1
2454,3318680,854649724,259.0,260.5,254.5,254.5,-2.5,2445,43.89577389710259,-3.3883928105126984,-0.46407088835616284,-2.9243219221565355,261.9,262.13219680657375,-2.097944671731957,-0.7816204370114221,-1.316324234720535,0,1
2454,1985960,507885188,254.5,257.0,254.5,256.5,2.0,1432,45.597936251163446,-3.3163936618414027,-0.31365739174789375,-3.002736270093509,261.375,261.71499704312384,-2.2139321678492387,-0.7180863465029628,-1.495845821346276,0,1
2454,2643993,686226159,258.0,261.0,257.5,259.5,3.0,1799,48.139595062252745,-2.9828741731463424,0.015889677557733517,-2.998763850704076,261.32500000000005,261.55092318807766,-2.201165825223796,-0.5642560031020158,-1.6369098221217802,0,1
2454,14312774,3579739774,256.0,256.0,248.0,250.0,-9.5,7887,41.52374800617962,-3.4454116202012415,-0.35731821559773236,-3.088093404603509,260.77500000000003,260.69529924822007,-2.080732417811094,-0.35505807655145083,-1.7256743412596431,0,1
2454,7931052,1970743948,250.0,251.0,246.5,248.5,-1.5,4190,40.575548424045216,-3.8881926784898155,-0.6400794191090449,-3.2481132593807707,259.75,259.7919437483519,-2.0069229636176376,-0.2249988978863955,-1.781924065731242,0,1
2454,3143175,786051250,250.0,251.0,249.0,250.0,1.5,1830,42.001820110217686,-4.071132907308595,-0.6584157183422592,-3.4127171889663357,258.54999999999995,259.0666145818073,-2.1139231166531296,-0.26559924073750985,-1.8483238759156198,0,1
2454,5433622,1343002807,251.0,252.0,245.0,245.0,-5.0,3637,38.670048495567386,-4.5669278682656795,-0.9233685434394747,-3.643559324826205,257.35,258.02464313130304,-1.950104977152062,-0.08142488098915379,-1.8686800961629082,0,1
2454,4992995,1219940780,245.0,247.0,242.0,242.5,-2.5,3444,37.085988380933834,-5.102756651143579,-1.1673578610538993,-3.93539879008968,255.72500000000002,256.87466956602134,-2.124547573008096,-0.20469398147614992,-1.919853591531946,0,1
2454,18471361,4200025030,242.0,242.5,220.0,227.0,-15.5,11874,29.121079885590174,-6.700881690137436,-2.2123863200382043,-4.488495370099232,253.57500000000002,254.6617310796494,-2.6708523307671297,-0.6007989913881469,-2.070053339378983,0,1
2454,21538233,4610941067,225.5,226.0,205.0,206.0,-21.0,14136,22.172965079503527,-9.55182430826494,-4.050663150532567,-5.501161157732374,250.675,251.05715840708277,-3.431557263797832,-1.0892031395350794,-2.342354124262753,0,1
2454,15267260,3225534400,202.0,217.0,202.0,213.5,7.5,10104,28.714606207525925,-11.078325512686632,-4.461731483963407,-6.616594028723226,248.35000000000002,248.27514667322478,-4.164766681866548,-1.4579300460830362,-2.706836635783512,0,1
2454,10917308,2252142680,209.0,210.5,203.5,209.0,-4.5,7129,27.235409040810882,-12.507027874980707,-4.712347077005985,-7.794680797974722,245.925,245.3658765492822,-4.805035308566168,-1.678558938226125,-3.1264763703400433,0,1
2454,9110929,1891153232,210.0,211.5,203.0,206.5,-2.5,6354,26.421105423946333,-13.683281544869459,-4.710880597515789,-8.97240094735367,243.5,242.48692273081687,-5.494846159807809,-1.8946958315742122,-3.6001503282335965,0,1
2454,10219356,2115555904,210.0,210.5,204.0,206.5,0.0,6579,26.421105423946333,-14.448912978031615,-4.381209624542356,-10.067703353489259,240.875,239.82122475075636,-6.177868295994588,-2.0621743742087935,-4.115693921785795,0,1
2454,14232965,2856865650,201.5,208.0,195.5,208.0,1.5,8463,27.92073307549212,-14.764448568366277,-3.757396171901613,-11.007052396464664,238.625,237.46409699144107,-7.022886674049479,-2.3257542018109474,-4.697132472238532,0,1
2454,10866894,2232307164,210.0,212.0,200.5,205.0,-3.0,6615,26.746610047601873,-15.082723477393557,-3.2605368647431145,-11.822186612650443,235.925,235.05934906614914,-7.703875226232302,-2.4053942031950157,-5.2984810230372865,0,1
2454,7493293,1550621823,201.0,211.5,200.0,210.0,5.0,5468,31.887596151265594,-14.76134087361271,-2.3513234087698134,-12.410017464842896,233.47500000000002,233.20310098717513,-8.303820562352437,-2.4042716314521195,-5.899548930900317,0,1
2454,10318781,2248842064,210.0,221.5,209.0,216.5,6.5,6871,37.981147366638126,-13.822806458985411,-1.1302311953140105,-12.6925752636714,231.60000000000002,231.96583424738438,-8.870793496461957,-2.3769956524493114,-6.493797844012645,0,1
2454,7062199,1493019989,215.5,215.5,210.0,210.0,-6.5,4869,34.643428127246885,-13.448481131753368,-0.604724694465574,-12.843756437287794,229.07500000000002,230.3387354142448,-9.439275220372194,-2.356381901087638,-7.082893319284556,0,1
2454,5104788,1077702768,213.0,214.0,209.5,210.0,0.0,3183,34.643428127246885,-13.001947258488912,-0.12655265696089302,-12.875394601528019,226.72500000000002,228.83216242059706,-9.867807580494775,-2.2279314089681748,-7.6398761715266,0,1
2454,4309834,919306642,213.5,215.5,211.5,212.0,2.0,3016,36.630652757443464,-12.3443842836123,0.4248082543325751,-12.769192537944875,224.60000000000002,227.5853355746269,-9.794013695604171,-1.7233100192620565,-8.070703676342115,0,1
2454,3730305,803536575,216.0,217.0,214.0,214.5,2.5,2766,39.12243268484814,-11.48909267328321,1.0240798917293326,-12.513172565012542,222.5,226.61605145798788,-8.816656930651774,-0.5967626034477274,-8.219894327204047,0,1
2454,5491206,1150832760,211.0,212.0,207.5,209.0,-5.5,3823,35.78832806382047,-11.126809016492246,1.109090838816238,-12.235899855308483,219.97500000000002,225.31115875739619,-8.213414121013237,0.005184164952648729,-8.218598285965886,0,1
2454,2178569,459538059,211.0,212.5,210.0,211.0,2.0,1666,37.86210434303574,-10.556623142750112,1.3434213700466984,-11.90004451279681,218.02500000000003,224.25107292351498,-7.47082591619341,0.5982178958179807,-8.06904381201139,0,1
2454,7238729,1511655861,208.0,211.5,207.5,208.0,-3.0,4444,35.98476600265141,-10.228909160271229,1.336908282020465,-11.565817442291694,216.0,223.04728974399535,-6.584274147565299,1.1878157315568734,-7.772089879122173,0,1
2454,13311760,2787648640,206.5,215.0,201.5,214.0,6.0,7732,42.16163625573194,-9.376951947100906,1.7510923961526306,-11.128044343253537,214.2,222.37712013332902,-5.612039749554851,1.728040103653857,-7.340079853208708,0,1
2454,6247911,1359253598,213.0,221.0,212.0,217.5,3.5,4520,45.46719196037065,-8.32340197157319,2.2437138973442785,-10.567115868917469,212.825,222.01585197530466,-4.649381431379372,2.152558737463469,-6.801940168842841,1,0
2454,9398873,1998462330,216.5,216.5,209.5,210.0,-7.5,6287,40.16932639829144,-8.001408093634694,2.05256622022622,-10.053974313860914,211.2,221.12578886602284,-3.684762654078164,2.493742011811742,-6.178504665889906,0,1
2454,19720518,4000330316,194.0,214.0,193.5,212.0,2.0,12211,42.10657544581012,-7.498405390479036,2.044455138705503,-9.542860529184539,210.45,220.4498045055767,-2.8017748001880527,2.7013838925614833,-5.503158692749536,1,0
2454,15642773,3167807019,206.5,208.5,200.0,200.0,-12.0,10257,34.82134852930667,-7.976127997516869,1.2533860253341373,-9.229514022851006,210.15,218.9350041718303,-2.5732242381121675,2.343947563709895,-4.917171801822063,0,1
2454,9836852,2024077420,203.0,208.0,202.5,205.5,5.5,5952,39.94966397280428,-7.820769607047737,1.1269955326426153,-8.947765139690352,209.75,217.93981867762062,-1.99707235466332,2.336079557726994,-4.333151912390314,0,1
2454,10086684,2124159008,208.5,213.0,207.0,211.5,6.0,5764,45.03081284342228,-7.131292012155427,1.4531785020279404,-8.584470514183367,209.875,217.46279507187094,-1.2574075745269826,2.4605954702906656,-3.718003044817648,1,0
2454,8867628,1882142618,213.5,215.0,210.0,210.0,-1.5,4572,44.02781883159957,-6.62949284792748,1.5639821330047106,-8.19347498093219,210.05,216.90999543691754,-0.7083825265643447,2.407696414602643,-3.116078941166988,0,1
2454,10877720,2368592400,214.0,220.0,213.0,220.0,10.0,7436,51.74447305762589,-5.363074780820966,2.26432016008898,-7.627394940909946,210.725,217.13888466381255,-0.08359170770260592,2.4259897867715057,-2.5095814944741117,1,0
2454,5659031,1247684851,222.0,223.0,218.0,220.5,0.5,4137,52.10006053779239,-4.269863192280866,2.686025398903265,-6.955888591184131,211.35,217.3878561701968,0.48997230591312496,2.3996430403097895,-1.9096707343966646,1,0
2454,10820387,2466371123,222.5,230.5,221.5,229.0,8.5,7241,57.79393476533783,-2.68663629878327,3.415401833920689,-6.102038132703959,212.55,218.24801497240446,0.7788586841227925,2.150823534815566,-1.3719648506927733,1,0
2454,8327237,1916562747,231.5,232.0,228.0,231.0,2.0,5000,59.0280488387845,-1.256055270558278,3.876786289716545,-5.132841560274823,213.60000000000002,219.19260645593005,1.3624554407588503,2.187536233161299,-0.8250807924024486,1,0
2454,5333929,1212513883,230.0,230.0,226.0,227.0,-4.0,3567,55.53078095806889,-0.4400039775551363,3.7542700661757493,-4.194274043730886,214.125,219.77093190363894,1.5417043059319426,1.893428078667513,-0.3517237727355704,1,0
2454,7733392,1801341228,230.0,235.0,229.0,234.5,7.5,5452,60.28237860329361,0.8026573372200403,3.997545104760741,-3.194887767540701,215.35000000000002,220.86197398485086,1.6927317394690933,1.635564409763731,0.05716732970536234,1,0
2454,6121398,1435824030,234.0,237.5,232.5,236.0,1.5,3855,61.175882453242934,1.8867634119046386,4.065320943556271,-2.178557531651633,216.65,221.98330924523228,2.16361198033079,1.685155720500342,0.47845625983044787,1,0
2454,5050379,1175596227,233.5,234.5,230.5,232.5,-3.5,3565,57.9026767007929,2.435430411593103,3.691190354595789,-1.255759943002686,217.675,222.76232337521506,2.5087531897216655,1.6242375439129741,0.8845156458086915,1,0
2454,4606951,1080532534,235.5,236.0,233.5,234.0,1.5,3108,58.91719765431589,2.9572016459747203,3.370369271181925,-0.4131676252072048,218.65000000000003,223.59474386593988,3.286987837997381,1.9219777537509517,1.3650100842464294,1,0
2454,8713956,2091260440,236.5,243.0,236.5,240.0,6.0,5833,62.781008154632495,3.8109289476016386,3.3792772582470745,0.43165168935456394,220.20000000000002,224.8099480240184,4.058022081277884,2.154409597625164,1.9036124836527204,1,0
2454,3850754,920975960,241.0,241.0,237.5,240.0,0.0,2857,62.781008154632495,4.436374224402186,3.203778028038098,1.2325961963640883,221.65000000000003,225.93513705927631,4.712401672661331,2.2470313512068882,2.4653703214544427,1,0
2454,4555276,1087136688,242.0,243.0,234.0,235.0,-5.0,3549,57.54995793363541,4.476978082586072,2.595505508977587,1.8814725736084852,223.00000000000003,226.6066083882188,5.201327626866971,2.1887658443300224,3.0125617825369484,1,0
2454,4603442,1078557073,236.0,238.5,231.0,235.0,0.0,3365,57.54995793363541,4.457770528939989,2.061038364265203,2.396732164674786,224.05,227.22834110020258,5.30915731802764,1.8372764283925527,3.471880889635087,1,0
2454,5821322,1360717958,233.0,238.5,230.0,238.5,3.5,3746,60.239508739247285,4.671123351252163,1.8195129492619015,2.8516104019902615,225.10000000000002,228.06327879648387,5.501211911357324,1.6234648173777897,3.8777470939795347,1,0
2454,5216410,1228849219,238.5,239.0,232.5,232.5,-6.0,3855,53.93124342920182,4.306415467294443,1.1638440522433449,3.1425714150510977,226.22500000000002,228.39192481155914,5.304337820734078,1.1412725814036344,4.163065239330444,1,0
2454,7365249,1761745009,234.5,242.0,234.0,241.0,8.5,5364,60.277497924213925,4.649662390492267,1.2056727803529355,3.4439896101393317,227.675,229.3258563069992,5.097837281153442,0.7478176334583981,4.350019647695044,1,0
2454,17235169,4386876271,245.0,263.0,245.0,260.0,19.0,11279,70.169614366593,6.381269952650229,2.349824274008717,4.031445678641512,230.675,231.59801509907334,5.438297872340417,0.8706225797162981,4.567675292624119,0,0
2454,13554029,3456322692,263.0,265.0,247.0,248.0,-12.0,9704,60.005770827088625,6.7079565617181345,2.141208706461298,4.566747855256836,232.8,232.81297694358642,5.21978021978022,0.5216839417248806,4.698096278055339,1,0
2454,6032435,1524533120,250.5,255.5,250.0,252.5,4.5,4324,62.21597816214975,7.246438018261728,2.1437521304039127,5.102685887857815,234.85000000000002,234.2712749477652,5.139833711262285,0.35338994656555656,4.786443764696728,1,0
2454,10132842,2601899579,258.0,260.0,252.0,252.5,0.0,6931,62.21597816214976,7.585744709077801,1.9864470569759884,5.5992976521018125,236.97500000000002,235.62155087756037,5.2489493751913265,0.37000448839567834,4.878944886795648,1,0
2454,7898572,2024907076,254.0,258.0,253.0,258.0,5.5,4589,64.96077215519071,8.203882490098067,2.0836678703970035,6.120214619701064,238.875,237.27921377551885,5.273475247798108,0.3156242888019669,4.957850958996141,1,0
2454,4735244,1207551708,256.0,257.0,253.5,257.0,-1.0,3187,64.04972504554777,8.514914854258109,1.9157601876456356,6.599154666612473,240.70000000000005,238.74001275511006,5.100167173668766,0.11385297173810027,4.986314201930666,1,0
2454,7913142,1967019501,256.5,256.5,243.5,248.0,-9.0,5791,56.385250858647844,7.9436163947908085,1.0755693825426675,6.868047012248141,241.65000000000003,239.42593773621303,4.5599151643690226,-0.34111923004931466,4.901034394418337,1,0
2454,6245931,1521255164,244.5,249.5,240.0,243.5,-4.5,4493,52.972015164997536,7.046517984726222,0.1427767779824647,6.903741206743757,242.27500000000003,239.7277201261232,4.214295365491133,-0.5493912231417637,4.763686588632897,1,0
2454,4211014,1033838934,243.5,247.5,242.5,246.0,2.5,3329,54.61570012041478,6.462791105220049,-0.3527600812189675,6.815551186439016,243.22500000000002,240.19233345011406,4.01886488229603,-0.5958573650694943,4.614722247365524,1,0
2454,1811931,443009164,247.5,247.5,243.0,243.5,-2.5,1478,52.63454813999924,5.7323749904477665,-0.866540956793,6.598915947240767,243.675,240.43734578714265,3.6337636650362057,-0.784766865863455,4.418530530899661,0,1
2454,3155253,759640720,243.5,244.0,238.0,240.0,-3.5,2348,49.90520076393881,4.815583162743565,-1.426666227597762,6.2422493903413265,243.875,240.40494980290987,3.562198598566581,-0.6850655458664643,4.2472641444330455,0,1
2454,3931547,962945468,239.5,248.0,239.5,244.0,4.0,3128,52.91050587584534,4.3615088457360685,-1.5045924356842066,5.866101281420275,244.45000000000002,240.67124981750914,3.2781228433402188,-0.7753130408742619,4.053435884214481,0,1
2454,8415666,2102553150,247.0,252.0,246.0,249.5,5.5,5772,56.75239943486429,4.394795248699012,-1.1770448261770108,5.571840074876023,245.22500000000002,241.32523131250846,2.5808926634388896,-1.178034576620473,3.7589272400593625,1,0
2454,6203435,1528857815,251.0,251.5,243.5,247.0,-2.5,4218,54.572882732939746,4.171361003171995,-1.1203832573632226,5.291744260535218,245.57500000000002,241.74558454861895,2.286702029398559,-1.1777801685286429,3.464482197927202,1,0
2454,5931519,1428001067,242.0,244.0,239.0,241.0,-6.0,4074,49.6451336796785,3.470136326440894,-1.457286347275459,4.927422673716353,245.62500000000003,241.69035606353606,1.6667983253021386,-1.438147098100051,3.1049454234021896,0,1
2454,8660504,2023972996,238.0,238.5,231.0,231.0,-10.0,5868,42.721259479410385,2.083477262603793,-2.2751563288900476,4.358633591493841,245.425,240.89847783660747,0.9866687743703103,-1.6946213192255035,2.681290093595814,0,1
2454,8560898,1988261040,232.5,237.0,229.0,229.0,-2.0,5590,41.47537581071497,0.8137759759781318,-2.8358860924125673,3.649662068390699,245.125,240.01710910796987,0.1041831513424928,-2.0616855538026573,2.16586870514515,0,1
2454,5118739,1175396709,228.0,231.5,228.0,229.5,0.5,3442,41.93130792293446,-0.15039199475114629,-3.0400432505134765,2.88965125576233,244.675,239.238063988861,-0.7916402786573942,-2.3660071870420354,1.5743669083846412,0,1
2454,6200448,1439759648,233.0,234.5,230.0,232.0,2.5,3466,44.26913311451136,-0.7046501827042562,-2.8754411507732693,2.170790968069013,244.65000000000003,238.70191110079722,-1.3092598458452245,-2.3069014033838924,0.9976415575386681,0,1
2454,6549646,1494791058,233.0,234.0,221.5,222.0,-10.0,4711,37.7263894155509,-1.9285886469671993,-3.27950369202897,1.3509150450617706,243.70000000000002,237.46473250073817,-1.7669949174078923,-2.211709179957248,0.44471426254935603,0,1
2454,6723747,1522188316,225.0,228.0,224.0,225.5,3.5,4260,41.012424271814986,-2.5863342967804215,-3.1497994734737538,0.5634651766933323,241.97500000000002,236.578456019202,-2.24734007270027,-2.153643468199701,-0.09369660450056919,0,1
2454,6593503,1527098693,232.0,234.0,229.0,231.0,5.5,3979,45.84814064955576,-2.633441751229185,-2.5575255423380137,-0.07591620889117119,241.125,236.16523705481669,-2.616487455197139,-2.0182326805572557,-0.5982547746398832,0,1
2454,5936096,1388909497,233.0,235.5,232.5,234.0,3.0,3643,48.33603128981024,-2.4010223294869775,-1.860084896476645,-0.5409374330103325,240.20000000000002,236.00484912483026,-2.808093682785006,-1.767871126516098,-1.0402225562689078,0,1
2454,2760804,644163522,236.0,236.0,230.5,234.5,0.5,2150,48.75857587190245,-2.1516792232275748,-1.2885934321737937,-0.863085791053781,239.3,235.89337881928728,-3.074265975820399,-1.627234735641193,-1.4470312401792063,0,1
2454,3029467,710033563,237.0,238.0,232.0,232.5,-2.0,2221,47.099206617183,-2.0913485362924007,-0.9826101961908957,-1.108738340101505,238.025,235.642017425266,-3.661485319516423,-1.7715632634697733,-1.8899220560466496,0,1
2454,4687172,1097825157,235.5,237.0,231.5,232.0,-0.5,3363,46.67157561639067,-2.060133912211654,-0.7611164576881193,-1.299017454523535,236.775,235.3722383567278,-4.041936084723681,-1.721611222941625,-2.320324861782056,0,1
2454,3107033,726176222,234.0,236.0,231.5,234.0,2.0,2318,48.67880508455435,-1.8526565410690807,-0.44291126923643653,-1.4097452718326442,236.07500000000002,235.27059107104427,-3.885103540414161,-1.2518229429056835,-2.6332805975084774,0,1
2454,3516631,811045630,234.5,235.0,228.0,230.0,-4.0,2689,45.02841239674997,-1.9880784691930273,-0.46266655788830646,-1.5254119113047209,235.40000000000003,234.88017691763358,-3.6417718466114724,-0.8067929992823957,-2.8349788473290767,0,1
2454,3635060,827357800,230.0,230.5,224.0,228.0,-2.0,2476,43.28078248880072,-2.231066265082802,-0.564523483022465,-1.6665427820603371,234.5,234.37053418299405,-3.295668549905844,-0.3685517620614136,-2.9271167878444304,0,1
2454,12996831,3045776007,230.0,237.5,230.0,236.5,8.5,6062,51.836467366486104,-1.7179533841977843,-0.04112848170995753,-1.6768249024878268,234.15,234.52827239166115,-2.7998057938177725,0.1018487952213265,-2.901654589039099,1,0
2454,11237685,2716530270,237.0,246.0,234.5,242.0,5.5,7279,56.417516703460294,-0.857617612744292,0.6553658317948279,-1.51298344453912,234.25,235.08173369598254,-2.1959002650224573,0.5646034592133136,-2.760503724235771,1,0
2454,6534429,1562429811,245.0,245.0,236.0,236.0,-6.0,4679,50.74691051747178,-0.6524244286967757,0.6884472126738754,-1.3408716413706512,233.85000000000002,235.14975342220606,-1.3676326929339078,1.1142968250414904,-2.481929517975398,1,0
2454,5802425,1341568316,234.0,234.0,229.5,230.0,-6.0,4077,45.790414316705224,-0.9628579804692663,0.3024109287211081,-1.2652689091903744,232.87500000000003,234.76829020574635,-0.9185173089484034,1.2507297672215962,-2.1692470761699996,0,1
2454,19756897,4168529561,208.0,214.5,208.0,211.0,-19.0,11441,34.34926501794958,-2.710771925812736,-1.1564024132978894,-1.5543695125148467,231.07500000000002,233.0076761164318,-1.101261320419175,0.8543886046006597,-1.9556499250198347,0,1
2454,17249894,3526006876,210.0,211.0,200.0,201.5,-9.5,10844,30.27595373325686,-4.807162943665162,-2.6022347449202523,-2.2049281987449096,229.10000000000002,230.6737741818813,-1.5379527038200835,0.334157776959801,-1.8721104807798845,0,1
2454,7930906,1609070230,201.0,205.5,200.0,203.0,1.5,5597,31.654098888242125,-6.275193935502074,-3.256212589405731,-3.018981346096343,227.7,228.62386498322343,-2.010322151003082,-0.1105693361785578,-1.8997528148245242,0,1
2454,24447240,4768294800,200.5,201.0,192.0,192.0,-11.0,15086,27.38010753512342,-8.231341362889935,-4.169888013434874,-4.0614533494550615,225.85000000000002,225.91098609557724,-2.6936309473860915,-0.6351025060492539,-2.0585284413368377,0,1
2454,15410828,3063163208,196.5,201.5,196.0,196.0,4.0,8204,31.0270943726835,-9.35104272209253,-4.231671498109974,-5.119371223982555,224.175,223.69535749590486,-3.22307757380933,-0.9316393059779937,-2.291438267831336,0,1
2454,9150855,1841497130,199.0,204.0,197.0,204.0,8.0,6076,37.759445051652726,-9.483560394150487,-3.491351336134345,-5.992209058016142,222.77500000000003,222.23644212583784,-3.5805626598465548,-1.0312995136121748,-2.54926314623438,0,1
2454,6371625,1293100282,206.0,208.0,200.0,200.0,-4.0,5106,35.873963623894745,-9.79839833785229,-3.044951423868919,-6.753446913983372,221.675,220.58929826466468,-3.918872464764526,-1.0956874548241164,-2.8231850099404094,0,1
2454,3731947,750930900,200.5,203.0,200.0,200.0,0.0,2738,35.87396362389475,-9.933403583341146,-2.5439653354862193,-7.389438247854927,220.40000000000003,219.0641650598747,-4.287115573250256,-1.1711444506478772,-3.115971122602379,0,1
2454,10109561,2073166580,209.0,209.5,201.5,201.5,0.0,7031,37.236980151573725,-9.80631762372883,-1.9335035006991221,-7.872814123029708,218.925,217.7631157961803,-5.115267507612025,-1.5994371080077165,-3.515830399604308,0,1
2454,5026419,1014567057,203.5,203.5,200.0,202.5,1.0,3673,38.18036005551402,-9.515223864787771,-1.3139277934064495,-8.201296071381321,217.35000000000002,216.63251462609287,-6.171706578104073,-2.1247009427998123,-4.047005635304261,0,1
2454,4367405,886625620,201.0,204.0,200.5,203.5,1.0,3319,39.16509713529626,-9.098951274565707,-0.7181241625475074,-8.3808271120182,215.8,215.6597357649008,-6.979806848112383,-2.3462409702464972,-4.633565877865886,0,1
2454,4046314,814805760,204.0,204.5,200.0,200.0,-3.5,3046,36.94678236838383,-8.948322307587574,-0.4539961564554993,-8.494326151132075,214.175,214.4997553378711,-7.601977750309029,-2.3747294979545144,-5.2272482523545145,0,1
2454,4008734,810920268,201.5,203.5,200.0,202.0,2.0,2760,39.070506797269594,-8.568788817133623,-0.05957013280123746,-8.509218684332385,212.675,213.57384753506585,-7.620060251639202,-1.91424959942775,-5.7058106522114524,0,1
2454,8726691,1821855610,204.0,212.0,203.0,210.0,8.0,5944,46.79062176391042,-7.535606865158229,0.7788894553393249,-8.314496320497554,211.47500000000002,213.30911808802395,-7.038353324448396,-1.0660341377895541,-5.972319186658842,0,1
2454,5255167,1105492070,212.0,213.0,208.0,209.0,-1.0,3518,46.005920018705346,-6.720030043922122,1.275573021260346,-7.995603065182468,210.425,212.98992415557774,-6.441590104956448,-0.3754167346380841,-6.066173370318364,0,1
2454,4690142,993977165,213.0,214.0,210.5,211.0,2.0,3382,47.88825158717112,-5.8449196564132535,1.720546727015372,-7.5654663834286255,209.57500000000002,212.8425223662757,-5.318704284221527,0.5979752688774695,-5.916679553098996,1,0
2454,8012928,1714705592,213.5,216.0,211.5,214.0,3.0,5438,50.66648047339363,-4.853366849602423,2.1696796270609617,-7.023046476663385,208.45000000000002,212.92826145025526,-4.268548483758849,1.318504855472118,-5.587053339230967,1,0
2454,4502173,960201849,216.0,216.5,211.5,212.5,-1.5,3377,49.25258882682116,-4.140858333159713,2.305750514802938,-6.446608847962651,206.97500000000002,212.89653837986597,-3.590761457957419,1.597033505018839,-5.187794962976258,1,0
2454,7976818,1723524012,213.0,219.5,213.0,216.5,4.0,4811,53.01774235065082,-3.2163475771643277,2.584209016638659,-5.800556593802987,206.0,213.16346146283885,-2.6734823124943516,2.011450120385525,-4.684932432879877,1,0
2454,17297945,3817610400,221.5,225.0,218.0,220.0,3.5,7839,56.08780131238356,-2.176159975433876,2.899517294695289,-5.075677270129165,205.5,213.6698717248508,-1.6402116402116602,2.435776634134573,-4.0759882743462335,1,0
2454,4865981,1078875782,220.0,223.0,219.5,222.0,2.0,3772,57.78535158785314,-1.1768544757825623,3.119058235477282,-4.295912711259844,206.05,214.28691826375072,-0.6903442637841858,2.7085152084496382,-3.398859472233824,1,0
2454,11634747,2561833852,225.0,225.5,214.5,215.0,-7.0,7744,50.4362687822878,-0.9389159278986767,2.6855974266889344,-3.624513354587611,206.725,214.3397391331025,0.03793741843453656,2.749437512534689,-2.711500094100152,1,0
2454,5387557,1173756247,216.0,219.0,216.0,219.0,4.0,3979,54.03376962851376,-0.42270862197372594,2.5614437860911083,-2.9841524080648343,207.52499999999998,214.68494364176158,0.971258068444756,2.9462065300359264,-1.9749484615911705,1,0
2454,4371668,975233300,222.0,225.0,221.5,225.0,6.0,3087,58.85770387829335,0.46517697237743505,2.7594635043538154,-2.2942865319763803,209.175,215.44902189052,2.2784191558243316,3.4026940939324017,-1.12427493810807,1,0
2454,14882542,3419454660,227.0,232.0,227.0,229.5,4.5,9332,62.07256290694215,1.514487030944565,3.047018850336756,-1.5325318193921913,210.85000000000002,216.4898350838148,3.493563281656107,3.6942705758113417,-0.20070729415523478,1,0
2454,14644441,3414717793,236.0,237.0,231.0,233.0,3.5,7650,64.40244423638268,2.5985392189279537,3.304856830656116,-0.7063176117281623,212.3,217.7128102627915,4.350417163289631,3.6408995659558925,0.7095175973337384,1,0
2454,12441361,2874885530,235.0,235.5,228.0,230.0,-3.0,7340,60.94649817616818,3.1789386343687625,3.10820499687754,0.07073363749122262,213.8,218.6229724655477,4.819552306989495,3.2880277677246053,1.5315245392648897,1,0
2454,11439881,2563186315,225.5,227.0,220.0,220.0,-10.0,6227,51.102525539622896,2.7997195024848622,2.1831886919949115,0.6165308104899506,214.79999999999998,218.72497450513674,4.821526133673262,2.6320012755266977,2.1895248581465645,1,0
2454,11783496,2643920600,220.0,227.0,218.5,225.0,5.0,6170,55.01493815120404,2.869565259527576,1.8024275592301002,1.0671377002974758,215.975,219.18979120845995,4.835540238224779,2.116812304062572,2.7187279341622075,1,0
2454,9255373,2121341458,225.0,232.0,225.0,230.5,5.5,4999,58.90965081000107,3.330332559096348,1.8105558870390979,1.5197766720572503,217.375,220.02758445227772,4.811012038788295,1.67382728370087,3.137184755087425,1,0
2454,6759192,1539889892,231.0,231.0,226.0,226.0,-4.5,4254,54.734226700986014,3.2944057133556726,1.4197032330387378,1.8747024803169348,218.5,220.46998560396085,4.616441219504898,1.1834051715339782,3.4330360479709197,1,0
2454,7349557,1673494439,228.0,229.0,226.5,227.0,1.0,4149,55.489234399586984,3.3084868944607706,1.1470275313150684,2.161459363145702,219.85000000000002,220.95369037403782,4.457727421417316,0.8197530987571171,3.6379743226601993,1,0
2454,4123961,938692647,229.5,229.5,226.5,227.5,0.5,2753,55.885437708420795,3.3217016443925615,0.9281938249974875,2.393507819395074,221.125,221.43860219818316,4.159268465909106,0.41703531459912524,3.7422331513099807,1,0
2454,6924211,1589036412,228.5,231.5,227.5,229.5,2.0,4124,57.51450271362704,3.4537450906993,0.8481898170433806,2.6055552736559195,222.10000000000002,222.03574277609553,4.171450440107148,0.3433738310377339,3.8280766090694143,1,0
2454,4725203,1085640987,232.0,232.0,228.5,229.0,-0.5,3009,56.948312973635744,3.477952974948778,0.6979181610342864,2.7800348139144915,223.10000000000002,222.55161368156993,4.048749047870148,0.17653795104058645,3.8722110968295613,1,0
2454,2401075,547085600,229.0,229.5,227.0,228.0,-1.0,1832,55.7659031072976,3.377512394518021,0.47798206448282343,2.899530330035198,223.95000000000002,222.9551978533055,3.6981946510338983,-0.13921315663653067,3.837407807670429,1,0
2454,9073356,2024261546,228.5,229.0,218.0,223.5,-4.5,6350,50.66771668075928,2.9013551033598333,0.001459818659708123,2.899895284700125,224.425,222.99555356787545,3.1098323015665312,-0.5820604048831184,3.6918927064496496,0,1
2454,4503723,1019669744,223.5,229.0,222.0,226.5,3.0,3166,53.70624183155186,2.734549760106404,-0.13227641967497705,2.866826179781381,225.125,223.25514219247728,2.3910779378580025,-1.0406518148733177,3.43172975273132,1,0
2454,7859710,1782052020,223.5,229.0,221.5,229.0,2.5,4344,56.1311288836783,2.7721290523140567,-0.07575770197385978,2.8478867542879165,225.75,223.68068721525674,1.876007832296677,-1.2445775363477147,3.1205853686443916,1,0
2454,15065368,3567714016,230.0,241.5,229.0,237.5,8.5,9571,63.190862547387184,3.4480429815102127,0.4801249817778368,2.967917999732376,226.625,224.70434001412661,2.046255695984863,-0.8594637381276229,2.905719434112486,1,0
2454,27524904,6666757595,242.5,244.5,240.0,244.0,6.5,9976,67.49828309864255,4.456829758156658,1.1911294067394258,3.2657003514172325,227.725,226.13364816122834,2.139418283337596,-0.6130409206199121,2.752459203957508,1,0
2454,14763552,3623483591,246.5,247.5,243.0,245.0,1.0,7540,68.11644146144126,5.27617176540781,1.6083771311924617,3.667794634215348,229.225,227.53115570484104,2.0831563146118213,-0.5354423114765496,2.618598626088371,1,0
2454,20359958,5151933790,245.5,257.0,245.5,255.5,10.5,10645,73.75976712607252,6.695585910514467,2.422233021039295,4.273352889475172,231.05,229.60292194892688,2.4468444144448274,-0.1374033693148351,2.5842477837596625,0,0
2454,13668848,3395393608,254.0,254.0,245.0,245.0,-10.5,7654,61.95107371460118,6.893752708982447,2.0963198556058202,4.797432853376627,232.05,230.74344624900638,2.5425862213644326,-0.03332924991618391,2.5759154712806165,1,0
2454,10665295,2551694210,240.0,242.0,237.0,237.0,-8.0,6748,54.75798904899838,6.332273674061554,1.227872656547941,5.104401017513613,232.425,231.2068946750059,2.5352623069632476,-0.032522531453895276,2.567784838417143,1,0
2454,5147826,1231510996,239.5,241.5,237.5,238.0,1.0,3859,55.45424252911234,5.899977864091483,0.6364614772622952,5.263516386829187,232.675,231.71008766204253,2.5346006336501428,-0.026547363813600455,2.561147997463743,1,0
2454,10418808,2565848576,247.0,247.5,244.0,247.0,9.0,6552,61.236247760964474,6.211997068655222,0.7587845454608271,5.453212523194395,233.52500000000003,232.84267376115048,2.7565592826303438,0.15632902813328053,2.6002302544970632,1,0
2454,9583663,2387403924,249.0,250.5,247.5,248.0,1.0,5258,61.829100324685044,6.465436649795976,0.8097793012812637,5.655657348514712,234.925,233.96543866773192,2.9121937792457975,0.2495708197989872,2.6626229594468103,1,0
2454,6494969,1606122097,250.0,250.0,245.5,247.0,-1.0,4363,60.82724792177784,6.510548154680663,0.6839126449327608,5.826635509747902,236.025,234.9309617293814,3.275521946408026,0.49031918956897247,2.7852027568390536,1,0
2454,13366167,3294646177,247.5,247.5,245.0,246.0,-1.0,7399,59.784016664957555,6.391925565576855,0.45223204466316247,5.939693520913693,236.8,235.75089049016796,3.6123853211009154,0.6617460514094891,2.9506392696914263,1,0
2454,13681585,3266574178,237.0,240.0,236.0,239.5,0.0,8438,53.37596238680417,5.70762666453453,-0.18565348510333024,5.89328014963786,237.475,236.02860230571108,3.815014720314018,0.6915003604980732,3.1235143598159447,1,0
2454,5042920,1209958300,240.5,241.5,238.5,240.0,0.5,3214,53.78631108411024,5.146336908281626,-0.5975545930849879,5.743891501366614,238.125,236.32277991269544,3.7847846212492384,0.5290162091466346,3.255768412102604,1,0
2454,4957338,1186046120,241.0,241.0,238.0,240.0,0.0,3196,53.78631108411024,4.647932262689949,-0.8767673909413318,5.524699653631281,238.75,236.5951665858291,3.4741477736095194,0.17470348920553214,3.2994442844039873,1,0
2454,7437384,1766954892,239.0,239.0,236.0,238.0,-2.0,5408,51.676397039528496,4.044932243919362,-1.1838139277695348,5.228746171688897,239.175,236.69922832021214,2.9245947850599094,-0.29987959947526255,3.224474384535172,0,1
2454,8849986,2103356177,239.5,240.5,234.5,235.5,-2.5,5039,49.08441878974985,3.3269700383991676,-1.5214209066317839,4.8483909450309515,239.50000000000003,236.61039659278902,2.045620586086518,-0.9430830387589233,2.9887036248454413,0,1
2454,5210786,1231540382,237.5,238.0,235.0,236.0,0.5,3450,49.62859291558072,2.7664358883374973,-1.6655640453547633,4.431999933692261,239.90000000000003,236.5651820303602,1.638280616382795,-1.0803384067701174,2.7186190231529124,0,1
2454,3319978,783323808,238.0,238.5,234.5,236.0,0.0,2313,49.62859291558072,2.2957446210431556,-1.7090042501192846,4.00474887116244,240.52500000000003,236.52331669477798,1.4385964912280662,-1.0240180255398772,2.4626145167679434,0,1
2454,8598895,2049022195,235.5,241.0,234.0,241.0,5.0,4741,55.18370128429205,2.29966747862116,-1.3640651140330244,3.6637325926541844,241.25,236.85492286553517,1.3141595303495373,-0.918763989134725,2.2329235194842623,0,1
2454,14638549,3559749940,246.0,246.0,239.0,240.0,-1.0,7579,53.903321930738066,2.1967618259701,-1.1735766133472678,3.3703384393173677,241.8,237.0878915421622,0.8653820312289819,-1.0940331906042244,1.9594152218332064,0,1
2454,6181657,1494812370,240.0,244.0,238.0,244.0,4.0,4256,58.09193391569326,2.4101917354204545,-0.7681173631175309,3.1783090985379854,242.125,237.5998995760761,0.4906692406692214,-1.174996784931188,1.6656660256004094,1,0
2454,6496560,1585502557,245.0,246.0,242.0,243.5,-0.5,3938,57.389943799328854,2.5100562885747593,-0.534602247970581,3.0446585365453402,242.10000000000002,238.03694405192232,0.13508814166865224,-1.224462307145406,1.3595504488140582,1,0
2454,8144227,2010551091,245.5,249.5,243.5,249.0,5.5,5205,62.72576502263102,2.9984395562760255,-0.03697518421545176,3.0354147404914773,242.3,238.84902227029843,-0.09730997893840236,-1.1654883422019686,1.0681783632635662,1,0
2454,8945531,2230123970,249.5,251.0,247.0,250.0,1.0,5546,63.61783654916613,3.4266778479932327,0.31301048600140424,3.1136673619918285,242.02500000000003,239.6750206206467,-0.15663162365935548,-0.9798479895383374,0.823216365878982,1,0
2454,5679835,1403401765,246.0,249.0,245.5,249.0,-1.0,3568,62.01937207996099,3.643369639532409,0.42376182203246415,3.219607817499945,242.22500000000002,240.36575983393215,-0.2036875380260976,-0.8215231231240637,0.6178355850979661,1,0
2454,15110572,3684005689,251.0,251.0,239.5,242.5,-6.5,9036,52.742840152275086,3.2531040102308566,0.02679695418472905,3.2263070560461276,242.5,240.5238516980853,-0.3312744166402832,-0.7592880013905994,0.42801358475031626,0,0
2454,8370929,2057609392,242.5,249.0,242.5,249.0,6.5,5624,59.29898060371891,3.4287864486956607,0.1619835141196262,3.2668029345760345,243.05,241.15171453526418,-0.13569414802520044,-0.4509661862204134,0.31527203819521293,1,0
2454,5774934,1438920583,251.0,251.0,248.0,248.5,-0.5,3559,58.62521871907259,3.4874688554849342,0.17653273672711967,3.3109361187578146,243.125,241.69603197709645,0.23828330700367417,-0.06159098495323101,0.2998742919569052,1,0
2454,3956039,985974711,249.5,250.0,248.0,250.0,1.5,2848,60.0902410810758,3.61335998495818,0.24193909296029226,3.3714208919978876,243.22500000000002,242.31114071953377,0.6379900026308644,0.2704925685391673,0.36749743409169705,1,0
2454,3071156,766963844,251.0,251.0,248.5,250.0,0.0,2393,60.09024108107581,3.670814744688414,0.2395150821524208,3.4312996625359933,243.375,242.88068585142017,1.204676514732583,0.6697432645127088,0.5349332502198743,1,0
2454,3901992,968266994,250.5,250.5,245.0,248.5,-1.5,2554,57.719938605909874,3.55433839126124,0.09843098298019681,3.455907408281043,243.5,243.29693134390757,1.4053371230064668,0.6963230982292741,0.7090140247771928,1,0
2454,3003935,748257815,250.0,251.0,247.5,249.0,0.5,2410,58.31026524852684,3.462462748077428,0.005244271837107739,3.45721847624032,243.975,243.71938087398848,1.5208825847123684,0.6494948479481404,0.871387736764228,1,0
2454,2513083,625351667,250.0,250.5,247.5,249.0,0.0,1885,58.31026524852685,3.3510221416162835,-0.0849570676992295,3.435979209315513,244.425,244.11053784628564,1.5156282777428265,0.5153924327828787,1.0002358449599478,1,0
2454,3814680,946979964,249.5,249.5,245.5,249.5,0.5,2588,58.97458794978287,3.2654088785300246,-0.1364562646283911,3.4018651431584157,244.90000000000003,244.5097572650793,1.6801656575188209,0.5439438500470983,1.1362218074717225,1,0
2454,9588256,2412250358,249.5,253.5,249.0,250.5,1.0,6038,60.33591380707536,3.240892403137309,-0.12877819201688556,3.3696705951541945,245.52500000000003,244.9534789491475,1.691295917832631,0.44405928828872665,1.2472366295439044,1,0
2454,3926399,982658042,251.0,252.0,249.0,250.0,-0.5,2362,59.27678574294547,3.1448650517255032,-0.1798444347429533,3.3247094864684565,246.25,245.32729532328472,1.6433584747538064,0.3168974761679215,1.3264609985858848,1,0
2454,5366185,1323867402,250.0,250.0,245.0,245.0,-5.0,3797,49.85257735554763,2.6349306305142477,-0.5518230847633672,3.186753715277615,246.7,245.30305122526363,1.5231285033265172,0.15733400379250573,1.3657944995340114,0,1
2454,5102377,1245630734,245.0,248.0,242.0,242.0,-3.0,3439,45.20833688355445,1.9660654215252293,-0.9765506350019084,2.9426160565271378,247.0,245.05838076413298,1.4662372686094198,0.08035421526032671,1.3858830533490931,0,1
2454,3958688,965037049,242.5,245.5,242.5,242.5,0.5,2528,46.10943738904774,1.4595064638098734,-1.1864876741738115,2.645994137983685,247.07500000000005,244.8688710779009,1.2052449748743674,-0.14451046277978064,1.349755437654148,0,1
2454,4260975,1033002200,244.0,245.5,241.0,241.0,-1.5,2501,43.78310765184697,0.9263391155849376,-1.3757240179189978,2.3020631335039354,247.125,244.58228803509343,0.9342125922436839,-0.3324342763283714,1.2666468685720553,0,1
2454,4833057,1174657364,242.0,244.0,241.5,244.0,3.0,2922,49.29323953346567,0.737375077909121,-1.2517504444758516,1.9891255223849726,247.125,244.53915558804948,0.6352941176470526,-0.5050822007400022,1.1403763183870548,0,1
2454,3873969,941740937,244.5,245.0,242.0,243.5,-0.5,2031,48.44103853684965,0.5410371557653093,-1.1584706932957307,1.69950784906104,247.125,244.46218110004583,0.28852681602171665,-0.6814796018922706,0.9700064179139872,0,1
2454,4237358,1033978352,245.0,245.5,242.0,244.5,1.0,2603,50.29199288658585,0.46081756256700146,-0.9909522291952308,1.4517697917622323,246.89999999999998,244.46498250004242,0.019557224438700543,-0.7603593547802294,0.77991657921893,0,1
2454,4233995,1048793236,246.5,249.5,245.5,249.0,4.5,3093,57.65840422111997,0.7516903307156895,-0.5600635688372344,1.3117538995529239,246.85,244.8009097222615,-0.18346475134671644,-0.7707050644525172,0.5872403131058007,1,0
2454,6171561,1540071889,249.5,251.0,247.5,249.5,0.5,4043,58.39614762410245,1.010901868943705,-0.24068162448737507,1.25158349343108,246.875,245.14899048357546,-0.2988720827485901,-0.7088899166835128,0.4100178339349226,1,0
2454,5555828,1392073000,252.0,252.0,248.5,251.0,1.5,3435,60.613290839667535,1.3221257023822375,0.05643376716092585,1.2656919352213116,247.3,245.58239859590321,-0.4190016604400275,-0.6632155954999601,0.24421393505993258,1,0
2454,4121259,1017614214,250.0,251.0,245.0,245.5,-5.5,2966,50.07565967491532,1.1121486408040937,-0.12283463553377438,1.234983276337868,247.125,245.57629499620668,-0.6108474048712171,-0.6840490719449198,0.07320166707370264,0,1
2454,12863933,3264377848,250.0,257.0,250.0,256.5,11.0,7719,63.67676786364501,1.8124555168804193,0.4619777924340409,1.3504777244463784,247.525,246.385458329821,-0.5927881752996459,-0.5327918738986788,-0.05999630140096707,1,0
2454,6927993,1760957195,256.5,256.5,252.5,254.5,-2.0,4012,60.45202699513633,2.1809300720185263,0.6643618780577183,1.516568193960808,247.75,246.986535490575,-0.3582143596110241,-0.2385744465680456,-0.11963991304297848,1,0
2454,8697778,2234576699,255.0,260.5,253.5,253.5,-1.0,5965,58.84732200853067,2.3649949790695075,0.6787414280869595,1.686253550982548,247.925,247.469014343125,-0.025849812588872246,0.075032080363285,-0.10088189295215724,1,0
2454,7590600,1908643389,250.5,253.5,250.5,250.5,-3.0,5271,54.1991445070976,2.242937627282487,0.4453472610399509,1.7975903662425359,248.025,247.6935317991898,0.21967230061507126,0.2564433548537828,-0.03677105423871155,1,0
2454,7947781,1947730126,246.5,247.0,243.0,245.0,-5.5,5496,46.887148584360176,1.6830016664546577,-0.09167095983030271,1.7746726262849604,247.825,247.49401092517573,0.3151721821798386,0.2815545891348401,0.03361759304499848,0,1
2454,4688489,1124658078,241.0,241.0,238.0,240.0,-5.0,3624,41.41683286214222,0.826265495817978,-0.758725704373586,1.584991200191564,247.375,246.93889900479235,0.320786444185723,0.2297350809125796,0.09105136327314338,0,1
2454,5466467,1302347613,239.0,240.0,237.0,238.0,-2.0,3717,39.43492150726435,-0.01392683725427446,-1.279134429956671,1.2652075927023965,246.8,246.2767583377707,0.2992848258706344,0.1665867700779928,0.13269805579264157,0,1
2454,4501756,1077229940,240.0,241.0,237.0,239.5,1.5,3163,41.68867392270974,-0.5523803536242156,-1.4540703570612896,0.9016900034370742,246.25,245.77477623867657,0.2945833008902211,0.12950819607806363,0.16507510481215748,0,1
2454,8075216,1946230520,239.0,244.0,239.0,239.0,-0.5,3702,41.1391299462127,-1.0078367513086448,-1.5276214037965752,0.5197846524879304,245.70000000000002,245.27294096173756,0.12869510958581887,-0.0291039961810709,0.15779910576688977,0,1
2454,8300840,2002802620,239.5,243.0,239.5,242.5,3.5,4451,46.459585545417845,-1.0739882110179906,-1.2750182908047367,0.2010300797867462,245.57500000000002,245.06753792753477,-0.014312852941975884,-0.13768956696709253,0.12337671402511664,0,1
2454,9490989,2332814783,245.0,248.0,243.5,245.5,3.0,5696,50.582819719811184,-0.8742608565336525,-0.860232749056319,-0.014028107477333537,245.75,245.09957215512478,-0.14581055043485333,-0.215349811567976,0.06953926113312266,0,1
2454,9296535,2291640422,247.0,248.5,245.0,246.0,0.5,4360,51.25658045571286,-0.6679301844273198,-0.523121661559989,-0.1448085228673308,245.925,245.16627051400442,-0.08205689277900054,-0.12127692312969857,0.03922003035069802,1,0
2454,4006185,983816510,248.0,248.5,244.5,245.0,-1.0,2565,49.794328220315585,-0.5784354392223463,-0.3469015330840124,-0.2315339061383339,246.12500000000003,245.15395417963373,-0.4014493887020622,-0.35253553524220815,-0.04891385345985403,0,1
2454,3338426,821106222,245.5,247.0,245.0,247.0,2.0,2588,52.70064256003494,-0.34218245720450113,-0.08851884085293377,-0.25366361635156737,246.27500000000003,245.29069831447566,-0.601199791340642,-0.4418287503046304,-0.15937104103601163,1,0
2454,4247196,1036515218,244.5,245.0,243.5,243.5,-3.5,2655,47.516714797594524,-0.43238673104005443,-0.14297849175078964,-0.2894082392892648,246.27500000000003,245.15805399488488,-0.8394036709224397,-0.5440261039091425,-0.29537756701329726,0,1
2454,6224340,1518271290,243.0,245.0,243.0,243.5,0.0,3737,47.51671479759453,-0.498132111041798,-0.16697909740202654,-0.33115301363977145,246.22500000000002,245.03523518044895,-1.053744907552511,-0.6066938724313709,-0.44705103512114003,0,1
2454,7524653,1793034970,238.0,241.5,238.0,239.5,-4.0,4494,42.03612811231518,-0.8630536240227684,-0.42552048830639755,-0.43753313571637087,245.75000000000003,244.62521775967497,-1.2017660736212492,-0.6037720308000873,-0.5979940428211619,0,1
2454,4490496,1083313536,241.0,243.0,240.0,241.0,1.5,2397,44.61590222748918,-1.0194673037198356,-0.46554733440277174,-0.5539199693170639,245.32500000000002,244.35668311081017,-1.144559423016625,-0.4372523041563704,-0.7073071188602545,0,1
2454,5478147,1329608721,243.0,244.5,241.0,243.0,2.0,3510,47.942721241550075,-0.970851613411611,-0.3335453152756376,-0.6373062981359734,244.925,244.25618806556497,-1.0057471264367979,-0.2387520060612346,-0.7669951203755633,0,1
2454,7276034,1792519648,241.5,248.0,241.5,247.0,4.0,4464,53.906219516193076,-0.602610242219555,0.027756844733134778,-0.6303670869526897,245.0,244.45943339404164,-0.7976917854718301,-0.024557332077013383,-0.7731344533948167,1,0
2454,12143585,2946762939,243.0,244.0,241.5,243.5,-3.5,5935,48.6541303938743,-0.5864369714312545,0.03514409241714822,-0.6215810638484027,244.35000000000002,244.38836425374225,-0.6449422946367995,0.10255372700641374,-0.7474960216432133,0,1
2454,6497240,1561433326,242.0,242.5,239.0,241.0,-2.5,3915,45.26191962685903,-0.7665127624497643,-0.11594535888108926,-0.650567403568675,243.675,244.1373743090206,-0.6413773284217706,0.08489495457715412,-0.7262722829989248,0,1
2454,5968429,1436229389,243.0,243.0,239.0,241.0,0.0,3845,45.26191962685904,-0.8988625957269392,-0.19863615372661125,-0.7002264420003279,243.05,243.9049762120561,-0.6696486960161226,0.04529886958624174,-0.7149475656023644,0,1
2454,5389750,1289534000,240.0,240.5,237.5,240.0,-1.0,3006,43.843838614134356,-1.0720841164343824,-0.29748613954724357,-0.7745979768871388,242.525,243.61571871486677,-0.7256627894792095,-0.008572179101476007,-0.7170906103777335,0,1
2454,8155434,1940507270,239.0,239.5,237.0,237.5,-2.5,3833,40.43323494879237,-1.3950116997073678,-0.4963309782561832,-0.8986807214511846,242.15,243.16270251376554,-0.7705232207083121,-0.04274608826446291,-0.7277771324438492,0,1
2454,6640030,1568410190,236.5,238.0,235.0,236.5,-1.0,3738,39.1222690520635,-1.7118921515627505,-0.6505691440892527,-1.0613230074734978,241.97500000000002,242.66916899422736,-0.9885111864763483,-0.2085872432259992,-0.7799239432503491,0,1
2454,5826025,1396793500,236.5,241.5,236.5,241.0,4.5,3367,47.388882472617304,-1.581677210405985,-0.41628336234598984,-1.1653938480599952,242.125,242.54552684650682,-0.8314885093822535,-0.04125165290552346,-0.79023685647673,0,1
2454,3931393,943326880,242.0,242.0,238.0,240.0,-1.0,2229,45.897362507899246,-1.5414042256204254,-0.3008083020483441,-1.2405959235720814,242.15,242.35696930232112,-0.7237763161370504,0.053168432271743726,-0.7769447484087941,0,1
2454,3311826,793091914,240.0,241.0,238.0,238.0,-2.0,2340,42.98349998140793,-1.651829616735796,-0.3289869545309716,-1.3228426622048244,242.10000000000002,242.03423083548253,-0.5309289270204538,0.1968126571106723,-0.7277415841311261,0,1
2454,3761396,893316852,237.0,240.0,236.0,236.0,-2.0,2853,40.23278194236134,-1.8790651269630985,-0.44497797180661913,-1.4340871551564793,241.775,241.58725077359495,-0.47376383470021677,0.2031821995447275,-0.6769460342449443,0,1
2454,4230679,999882244,236.0,238.5,235.5,235.5,-0.5,2223,39.551337943213916,-2.075570838657285,-0.5131869468006443,-1.5623838918566406,241.275,241.13634330888422,-0.5821371610845439,0.07584709852832028,-0.6579842596128642,0,1
2454,3233601,769789538,237.0,239.0,236.5,238.0,2.5,2267,44.60360500309654,-2.006444876723549,-0.35524878789352665,-1.6511960888300223,240.875,240.9040215823002,-0.8615188257817558,-0.16282765293511325,-0.6986911728466425,0,1
2454,5863365,1425177330,245.0,245.0,241.0,243.0,5.0,3763,53.05459149891385,-1.530560491998017,0.09650847746560443,-1.6270689694636213,240.775,241.05927924287056,-0.9578085976938414,-0.20729393987775913,-0.7505146578160823,1,0
2454,2903886,699747140,242.5,242.5,240.0,240.5,-2.5,2159,49.0272528387378,-1.3397045154523823,0.2298915632089913,-1.5695960786613736,240.45000000000002,241.01785115080608,-0.9908617575178076,-0.19227767976138022,-0.7985840777564274,1,0
2454,2097333,502855748,240.5,242.0,238.5,239.0,-1.5,1600,46.73494547144971,-1.2945643114299799,0.2200254137851152,-1.514589725215095,240.22500000000002,240.8683806951908,-1.0599298693018862,-0.20907663323636694,-0.8508532360655192,0,1
2454,3397347,805923586,239.0,239.0,236.0,237.5,-1.5,2308,44.494539650137,-1.3641033047294968,0.12038913638847859,-1.4844924411179754,239.925,240.61887101406558,-1.0674217046844408,-0.1732547748951372,-0.8941669297893036,0,1
2454,4405990,1056618596,237.0,241.0,237.0,240.0,2.5,2750,48.89204977703706,-1.2036098857506943,0.2247060442938249,-1.4283159300445192,239.95000000000002,240.57302871672738,-0.8940688113674609,7.849473747423286e-05,-0.8941473061049351,1,0
2454,2861586,680412754,238.5,239.5,237.0,237.5,-2.5,2089,45.04847025734646,-1.2635810260294136,0.13178792321208466,-1.3953689492414982,239.77500000000003,240.34539695993277,-0.7247535305089295,0.13551502047680453,-0.8602685509857341,0,1
2454,2742692,650123504,236.5,238.0,236.0,236.5,-1.0,2186,43.57290370439154,-1.3759392581448822,0.015543752877293038,-1.3914830110221752,239.45000000000002,240.0605527406785,-0.745750953867507,0.09161407769458174,-0.8373650315620887,0,1
2454,2803419,664788228,237.5,238.0,236.0,236.5,0.0,2128,43.57290370439154,-1.4482889926154883,-0.04544478527465046,-1.4028442073408378,238.925,239.79680809322085,-0.7002351935001317,0.10970387044956564,-0.8099390639496974,0,1
2454,10486825,2394366600,235.0,236.0,224.5,226.0,-10.5,7774,31.14852038319351,-2.3260753772563874,-0.7385849359324395,-1.587490441323948,238.05,238.77482230853784,-0.8388946959341953,-0.023164505587598305,-0.815730190346597,0,1
2454,3877789,890740759,228.0,232.0,227.5,231.0,5.0,2906,39.932005337723716,-2.5884313723196613,-0.8007527447965705,-1.7876786275230907,237.55,238.19890954494244,-0.8137286496938392,0.0016012325222063417,-0.8153298822160455,0,1
2454,4216168,960183546,229.0,229.0,226.0,228.0,-3.0,2946,36.891046814528636,-3.0037993870009245,-0.9728966075822667,-2.030902779418658,236.9,237.4434347638356,-0.8919202518363064,-0.06127229569620862,-0.8306479561400978,0,1
2454,6939022,1546306884,231.0,231.0,218.0,220.5,-7.5,5245,30.614254530919496,-3.8932894339791346,-1.4899093236483814,-2.4033801103307533,235.925,236.18836552207,-1.1769787279991364,-0.2770646174872309,-0.8999141105119055,0,1
2454,5457648,1222622118,225.0,227.0,221.5,222.0,1.5,4012,33.067104962799,-4.426157255013578,-1.6182217157462597,-2.8079355392673184,235.15000000000003,235.13737548339816,-1.5791754699604597,-0.5434090875588433,-1.0357663824016163,0,1
2454,13968224,2979044187,216.0,217.0,210.5,215.0,-7.0,8284,28.078626197546217,-5.351610308473454,-2.034939815364908,-3.316670493108546,234.07500000000002,233.64571804018348,-1.9672711430594216,-0.7452038085262442,-1.2220673345331774,0,1
2454,6740757,1461098052,217.0,219.5,213.0,218.5,3.5,4341,33.4820093390711,-5.736491073338328,-1.9358564641838258,-3.8006346091545025,232.95,232.5238130001699,-2.2938538932633583,-0.8574292469841447,-1.4364246462792136,0,1
2454,5249201,1136203209,215.0,217.5,215.0,216.0,-2.5,3400,31.65274759746166,-6.17209291392092,-1.8971666438131338,-4.274926270107787,231.75,231.29982685200918,-2.6588151320485647,-0.9779123886154808,-1.6809027434330839,0,1
2454,5170704,1118563768,218.5,219.0,213.5,216.0,0.0,3510,31.652747597461655,-6.443039166070577,-1.7344903167702315,-4.708548849300345,230.65,230.16650634445296,-3.1163854890285667,-1.1483861964763862,-1.9679992925521805,0,1
2454,4976862,1094289092,217.0,222.0,216.5,221.5,5.5,3094,40.01459066352657,-6.14314760674543,-1.1476790059560678,-4.995468600789362,229.925,229.52454291153052,-3.3941656297525387,-1.1409330697602864,-2.2532325599922522,0,1
2454,6305794,1412200731,220.0,227.0,219.5,227.0,5.5,3602,46.997863521037615,-5.399436013465078,-0.3231739301405723,-5.076262083324505,229.50000000000003,229.33753973289862,-3.5676693811977263,-1.0515494569643788,-2.5161199242333474,0,1
2454,3174366,712565484,227.5,227.5,223.0,223.0,-4.0,2123,43.070713962777056,-5.074312274986568,0.0015598466703501401,-5.075872121656918,228.75,228.8680923452765,-3.838038921740103,-1.0575351980054042,-2.780503723734699,0,1
2454,6291132,1433309096,225.0,229.5,224.0,228.5,5.5,4119,49.33914974535334,-4.323012339996438,0.6022878253283839,-4.925300165324822,228.02499999999998,228.84082624562637,-3.546987147387753,-0.613186738922443,-2.9338004084653098,1,0
2454,4290884,972599944,229.5,229.5,225.5,226.0,-2.5,2201,46.81579754117875,-3.8845521363432454,0.8325984231852619,-4.717150559528507,227.3,228.63039467187627,-3.5023144275277662,-0.45481121524996526,-3.047503212277801,0,1
2454,5023498,1119676017,224.5,225.0,222.0,222.0,-4.0,2881,43.024348844485054,-3.8158491034372446,0.7210411648730108,-4.536890268310255,226.45,228.13925432581135,-3.4613879103058993,-0.3311077584224784,-3.130280151883421,0,1
2454,1960865,435803530,222.0,224.0,221.5,221.5,-0.5,1672,42.56035449632974,-3.758422520921897,0.6227741979106867,-4.381196718832584,225.65,227.6474577090846,-3.189551276661354,-0.04741689982234654,-3.1421343768390075,0,1
2454,3844814,860360387,222.0,225.5,221.5,223.5,2.0,2345,45.11031692897428,-3.511054998769737,0.6961133760502776,-4.207168374820014,224.82500000000002,227.34023861952278,-2.9390288426433044,0.16248442735656266,-3.101513269999867,0,1
2454,4713666,1045163592,223.5,223.5,220.0,221.5,-2.0,2968,43.0520551810136,-3.4367806723112437,0.616310162007017,-4.053090834318261,224.025,226.90762835140998,-2.4304382111073637,0.5368600471140028,-2.9672982582213665,0,1
2454,8587638,1918653274,224.0,226.0,221.5,221.5,0.0,3826,43.05205518101359,-3.3394229444897974,0.570934311862771,-3.9103572563525684,223.275,226.50706328834258,-1.9644421832160441,0.8022848600042578,-2.766727043220302,0,1
2454,3937128,878738724,223.0,224.5,221.5,224.5,3.0,2813,47.23990339442653,-2.985773181159715,0.7396672601542829,-3.7254404413139977,222.675,226.35839193365052,-1.3845194569622854,1.1057660690064135,-2.490285525968699,1,0
2454,4814107,1078670735,224.0,226.0,222.0,225.0,0.5,2843,47.92722037056004,-2.6347852106742096,0.8725241845118306,-3.50730939518604,222.625,226.25777030893568,-0.8167845677434069,1.3388007665802337,-2.1555853343236406,1,0
2454,3168375,711465375,226.0,226.0,223.0,223.5,-1.5,2376,45.991532589149735,-2.4494267128787612,0.8463061458458232,-3.2957328587245844,222.25,226.0534910267923,-0.5054819877545264,1.3200826772552916,-1.8255646650098178,1,0
2454,4684648,1059886300,226.0,228.0,225.0,226.0,2.5,3213,49.64205092364398,-2.0768589244307236,0.9750991474350887,-3.0519580718658124,222.15000000000003,226.0495287285114,-0.3040164425794355,1.2172385779443058,-1.5212550205237414,1,0
2454,4606364,1039578264,228.0,228.0,224.0,225.0,-1.0,3251,48.237548215879876,-1.8410652562799044,0.9687142524687267,-2.809779508748631,222.375,225.9717858597328,-0.015734065682584408,1.2044167638729257,-1.2201508295555101,1,0
2454,7816169,1786804264,226.0,230.0,225.5,230.0,5.0,4774,55.080759613343005,-1.236485427885043,1.2586352646908705,-2.4951206925759135,222.775,226.27017209234518,0.1517885270784884,1.0975514853071988,-0.9457629582287105,1,0
2454,5128219,1179261959,230.0,231.0,228.0,230.5,0.5,3069,55.71131406397674,-0.708834731246526,1.42902876906351,-2.137863500310036,223.55,226.5834926780974,0.4228663169060252,1.0949034201077885,-0.6720371032017634,1,0
2454,4423938,1020691261,232.0,233.0,229.0,229.5,-1.0,3006,54.076335274257886,-0.367127379392997,1.4165888967336313,-1.7837162761266283,224.10000000000002,226.7995302574976,0.6417970316887261,1.0510673079123916,-0.40927027622366546,1,0
2454,4148386,948192394,229.0,229.5,227.5,228.5,-1.0,2852,52.41962223299443,-0.17499623615285032,1.2869760319790224,-1.4619722681318728,224.72500000000002,226.92549097916444,0.9459110843580565,1.0841450884653776,-0.1382340041073211,1,0
2454,7995707,1810175082,229.5,230.0,223.5,225.0,-3.5,4702,46.993040910907396,-0.30167415827352784,0.9282384878866761,-1.229912646160204,225.175,226.78286201774486,1.0539447646906974,0.9537430150384149,0.10020174965228261,0,1
2454,4679063,1057653364,224.5,228.5,223.0,228.0,3.0,3254,51.616505684080614,-0.15816912109426084,0.8573948200527546,-1.0155639411470154,225.5,226.8730203868008,1.1657214870825354,0.8524157899442022,0.3133056971383332,1,0
2454,4250759,965895905,227.0,229.0,226.0,226.0,-2.0,2429,48.57465552831209,-0.20347806209520058,0.6496687032414519,-0.8531467653366525,225.45,226.80835221000072,1.2636670673764825,0.7602890961905194,0.5033779711859631,1,0
2454,3104404,687054708,226.0,226.0,223.5,224.0,-2.0,1855,45.675840857988334,-0.3962018413740793,0.3655559391700586,-0.7617577805441379,225.5,226.60032612037105,1.088820301783246,0.46835386447782634,0.6204664373054197,0,1
2454,8885481,1936996801,222.0,222.0,215.0,219.5,-4.5,5788,39.905393072930714,-0.90165549361393,-0.11191817045583363,-0.7897373231580964,225.05,226.0743760373806,0.8671924109949,0.19738077895158412,0.6698116320433158,0,1
2454,4963751,1083307718,219.5,221.0,216.5,216.5,-3.0,3149,36.58689238682625,-1.526707152848985,-0.5895758637527109,-0.9371312890962742,224.57500000000002,225.36516299757463,0.5985543270192079,-0.057005844019286434,0.6555601710384943,0,1
2454,4238350,921253108,216.5,218.5,216.0,217.0,0.5,2685,37.51947734324522,-1.95913557928273,-0.8176034321491645,-1.1415321471335655,224.32500000000002,224.74552129405058,0.24709343845516743,-0.3267733860666615,0.5738668245218289,0,1
2454,4039860,875311042,217.0,218.0,216.0,216.5,-0.5,2708,36.93451693141873,-2.315492487978304,-0.9391682726757906,-1.3763242153025133,224.07500000000002,224.13474193893572,0.01715412985676692,-0.44537015573204963,0.46252428558881653,0,1
2454,3087344,664849463,214.0,216.5,214.0,216.0,-0.5,2064,36.32462136680331,-2.608188157321223,-0.9854911536149678,-1.6226970037062551,223.70000000000002,223.5321684619775,-0.3150869353498894,-0.6220889767509648,0.30700204140107534,0,1
2454,2066712,448707066,216.0,218.5,215.5,218.0,2.0,1391,40.5532163363372,-2.648241024671705,-0.8204352167723599,-1.8278058078993453,223.525,223.12237820553472,-0.6952208938964045,-0.8017783482379839,0.10655745434157939,0,1
2454,2982219,649830348,218.0,219.5,216.5,218.5,0.5,2040,41.59741070531541,-2.6095560515169893,-0.625400194894115,-1.9841558566228743,223.375,222.77997981993954,-0.9347807357629232,-0.833070552083602,-0.10171018367932114,0,1
2454,3604394,781847498,218.0,218.5,216.0,216.5,-2.0,2217,38.671327071058684,-2.709052940908407,-0.5799176674284259,-2.129135273479981,222.975,222.31479612957364,-1.221090783569232,-0.8955044799119287,-0.3255863036573033,0,1
2454,3800961,825466509,218.5,219.0,216.5,216.5,0.0,1920,38.67132707105869,-2.756133946090756,-0.5015989380886197,-2.2545350080021365,222.55,221.88407049034595,-1.4453946042440777,-0.8958466404694195,-0.5495479637746582,0,1
2454,3406879,740467501,217.5,218.0,216.5,218.0,1.5,2057,42.20741601137516,-2.6419537199961383,-0.30993496959520117,-2.332018750400937,222.27500000000003,221.59636156513514,-1.760299625468186,-0.9686013293548221,-0.7916982961133638,0,1
2454,3339918,722614731,218.0,218.5,215.5,216.0,-2.0,2501,38.980206449759436,-2.6819327027425572,-0.27993116187329603,-2.402001540869261,221.77500000000003,221.18181626401403,-2.0077888360017395,-0.9728724319107005,-1.034916404091039,0,1
2454,3652571,792875978,215.5,218.0,215.5,218.0,2.0,2436,43.62246346426501,-2.5231477723844193,-0.09691698521212633,-2.426230787172293,221.425,220.94612617038337,-2.1735365431243583,-0.9108961112266554,-1.262640431897703,0,1
2454,4249760,934984700,218.5,222.0,218.0,220.0,2.0,3080,47.891698345800926,-2.2104456443558718,0.17262811425313718,-2.383073758609009,220.925,220.87604275035497,-2.1293489244983714,-0.6933667940805348,-1.4359821304178366,0,1
2454,2446956,533879915,220.5,221.0,217.0,217.0,-3.0,1751,42.67181270271002,-2.179577075167032,0.1627973467535817,-2.3423744219206135,220.25,220.5889284725509,-1.983232148019678,-0.43780001408147307,-1.5454321339382049,0,1
2454,3958854,850652964,217.0,218.0,214.0,214.5,-2.5,2865,38.869776634258095,-2.329984012980134,0.00991232715238377,-2.3398963401325177,219.5,220.1378967338434,-1.898514206273359,-0.2824656578681233,-1.6160485484052358,0,1
2454,4043134,866064003,214.5,216.0,213.0,215.5,1.0,2662,41.129310913686155,-2.3414996022869445,-0.001282609723541217,-2.3402169925634033,218.85000000000002,219.79434882763277,-1.799646161431615,-0.14687809042110334,-1.6527680710105117,0,1
2454,2719796,589005732,216.0,217.5,215.0,217.0,1.5,1940,44.446356511480964,-2.204179911831744,0.10882966458532728,-2.3130095764170715,218.45000000000002,219.5873600255859,-1.6078431372549071,0.035939947004483885,-1.643783084259391,0,1
2454,3769032,805053412,212.5,215.0,212.5,215.0,-2.0,2271,41.119574430848566,-2.231018559915782,0.06559281320103194,-2.296611373116814,217.8,219.2475555792462,-1.5495416848537795,0.07539311952448924,-1.6249348043782688,0,1
2454,4848857,1022645729,211.5,212.5,210.0,210.5,-4.5,3364,34.806809646375356,-2.585595636791709,-0.23118741093991568,-2.354408225851793,217.025,218.59958849930206,-1.516876897921059,0.08644632516576789,-1.6033232230868268,0,1
2454,3236587,686498312,211.0,213.5,210.5,213.5,3.0,1912,41.27908834954574,-2.594616473241018,-0.1921665979113798,-2.4024498753296384,216.5,218.22184120305747,-1.3369062262051288,0.21313359750535854,-1.5500398237104873,0,1
2454,4688953,991934002,213.0,213.5,211.0,211.5,-2.0,2710,38.532606180887825,-2.7316599607925696,-0.26336806837034477,-2.468291892422225,216.10000000000002,217.72392703986802,-1.214818732005417,0.2681768733640564,-1.4829956053694733,0,1
2454,5458772,1157199808,212.0,213.0,211.5,213.0,1.5,2387,41.66736565165703,-2.688242066870913,-0.1759601395589505,-2.5122819273119625,215.925,217.3740065183963,-1.1356606274856484,0.27786798230706,-1.4135286097927084,0,1
2454,3673176,777841488,212.5,213.0,211.0,211.5,-1.5,2559,39.49806414631537,-2.743248080842619,-0.1847729228245254,-2.5584751580180938,215.65000000000003,216.93889492444103,-1.0719347980155998,0.2732750494216871,-1.3452098474372869,0,1
2454,3693244,791261324,213.0,215.0,212.5,214.5,3.0,2432,45.59835554181574,-2.5157656350273783,0.03416761839257232,-2.5499332534199506,215.55,216.7582360411491,-0.9694224906017967,0.3006298854683922,-1.270052376070189,0,1
2454,5775917,1236976685,212.5,215.0,212.5,213.5,-1.0,3195,44.00558739816317,-2.3886410334908987,0.12903377594324184,-2.5176748094341406,215.425,216.5168852232862,-0.9997626676160086,0.21623176676334432,-1.215994434379353,0,1
2454,18328764,3758954734,204.5,207.5,203.0,204.5,-9.0,10828,32.87541642211237,-2.979769724213128,-0.3696759318231897,-2.610093792389938,214.75,215.62674557711685,-1.1386978654997086,0.06183725510371563,-1.2005351206034243,0,1
2454,9549729,1974927500,205.0,209.0,205.0,207.0,2.5,4968,37.59693918624921,-3.209517049146939,-0.47953860540560056,-2.7299784437413384,214.175,214.98772738621932,-1.2083780880773596,-0.006274373979148207,-1.2021037140982114,0,1
2454,10439845,2200855430,208.0,214.0,206.0,212.0,5.0,5853,45.8071967072877,-2.9540824228227507,-0.1792831832651296,-2.774799239557621,213.95,214.76641424649938,-1.2645943444116117,-0.049992504250720105,-1.2146018401608916,0,1
2454,8813494,1902352192,212.0,218.0,210.0,218.0,6.0,6074,53.68241690859121,-2.2416583432488437,0.426512717047022,-2.6681710602958657,214.025,215.00593911712906,-1.2434691745036708,-0.023093867474223373,-1.2203753070294474,1,0
2454,8703669,1863976166,214.0,217.0,213.0,213.5,-4.5,5624,48.04343051829509,-2.0169197242863675,0.5210010688075988,-2.5379207930939662,213.8,214.8943880714158,-1.2486184544612864,-0.022594517945471182,-1.2260239365158152,0,1
2454,5620867,1205878232,215.0,215.5,213.5,215.0,1.5,3168,49.931412118173995,-1.6981994988965425,0.6717770353579393,-2.369976534254482,213.75000000000003,214.90221117723684,-1.0561381494428117,0.1359086296584029,-1.1920467791012146,1,0
2454,6359248,1372555568,217.0,217.5,215.0,215.5,0.5,3168,50.57611204966343,-1.3892511798715361,0.7845802835063567,-2.173831463377893,213.625,214.94649183077485,-0.9340626494500287,0.20638730372094882,-1.1404499531709775,1,0
2454,5555868,1205280856,217.0,218.0,215.5,217.0,1.5,3201,52.55005210183545,-1.011707611634023,0.929699081395096,-1.941406693029119,213.47500000000002,215.09860354701374,-0.6936347056537151,0.3574521980138099,-1.051086903667525,1,0
2454,4610846,997080582,215.0,217.5,215.0,217.0,0.0,2927,52.55005210183543,-0.7043819372412656,0.9896198046302827,-1.6940017418715483,213.47500000000002,215.2394477287164,-0.547085201793727,0.4032013614990384,-0.9502865632927654,1,0
2454,5832290,1264413263,217.0,218.0,215.5,216.5,-0.5,3687,51.75102026988344,-0.495458609016282,0.9588345062842132,-1.4542931153004952,213.575,215.33282197103372,-0.35276532137520955,0.4780169935340447,-0.8307823149092542,1,0
2454,5243197,1136983335,218.0,218.0,216.0,217.0,0.5,3104,52.52835821053735,-0.2862399489082179,0.934442533113822,-1.2206824820220399,213.65,215.45631663984605,-0.23771080014353774,0.4744572118125733,-0.712168011956111,1,0
2454,16002564,3583214685,217.5,227.0,217.5,225.0,8.0,10543,62.84323961594113,0.5191164366340786,1.3918391349248949,-0.8727226982908163,214.05,216.16325614800562,0.047764045614643535,0.6079456460566036,-0.5601816004419601,1,0
2454,2729623,612493347,225.0,225.0,223.5,224.5,-0.5,1896,61.93740750666916,1.1042917650602817,1.5816115706808784,-0.47731980562059667,214.52500000000003,216.78079272963484,0.7066821719294994,1.0134910178971677,-0.30680884596766816,1,0
2454,4623007,1039644054,227.0,227.0,224.0,224.5,0.0,2899,61.93740750666916,1.5501779424305653,1.6219981984409295,-0.07182025601036429,215.22500000000002,217.352585860773,1.303479918960766,1.2882310119427474,0.015248907018018652,1,0
2454,6936396,1572528283,225.5,230.0,225.0,225.5,1.0,4270,63.16882160791726,1.9616251988610713,1.6267563638971485,0.33486883496392283,215.82500000000002,217.95609801923425,1.67187267588872,1.325299015096561,0.34657366079215896,1,0
2454,4516905,1022485559,228.0,228.5,225.0,225.5,0.0,3087,63.168821607917266,2.261629457330997,1.5414084978936593,0.7202209594373378,216.525,218.51490557336504,1.762121077165142,1.1324379330983865,0.6296831440667556,1,0
2454,5740506,1289368575,226.0,226.5,223.5,224.5,-1.0,3012,60.88437518278945,2.391129893940416,1.3367271476024627,1.0544027463379535,217.10000000000002,218.95824590126392,2.0231213872832234,1.1147505945731742,0.9083707927100493,1,0
2454,7886657,1768779528,225.0,225.5,223.0,224.0,-0.5,3847,59.721419903578486,2.42545496656669,1.0968417761829892,1.3286131903837008,217.72500000000002,219.33170916783698,2.242650324185081,1.067423625180025,1.1752266990050557,1,0
2454,7758852,1750137430,226.0,228.0,224.0,225.0,1.0,4167,61.31302954691478,2.504479397067996,0.9406929653474361,1.56378643172056,218.25000000000003,219.75158256281202,2.4263380323314507,1.0008890666611159,1.4254489656703349,1,0
2454,8948992,2009193808,227.0,227.5,222.5,223.5,-1.5,4279,57.634128692948394,2.4181939292605534,0.6835259980319945,1.734667931228559,218.75000000000003,220.02924311371484,2.43992333775613,0.8115794976686361,1.6283438400874939,1,0
2454,7718449,1703475280,223.0,223.5,218.5,219.5,-4.0,4809,49.162736765593884,2.0039452701036,0.21542187110003264,1.7885233990035672,219.5,219.99003992010634,2.4270271862389725,0.6389466769211829,1.7880805093177896,0,0
2454,5445472,1184483208,218.0,219.0,216.0,218.0,-1.5,3063,46.40797759969019,1.5368963745236215,-0.20130161958395676,1.7381979941075782,220.05,219.842629555654,2.3668726095910375,0.46303368021859814,1.9038389293724394,0,1
2454,4286776,931814668,216.0,218.0,216.0,218.0,0.0,2602,46.4079775996902,1.1534603865390523,-0.467790086054821,1.6212504725938732,220.35000000000002,219.70613847745742,2.3148148148148064,0.3287807083538936,1.9860341064609128,0,1
2454,8801878,1949018916,218.0,224.0,218.0,222.0,4.0,5034,54.323483237039284,1.1589910468184712,-0.3698075406203216,1.5287985874387928,220.55,219.87605414579392,2.0112666138544033,0.02018600591479225,1.991080607939611,1,0
2454,4512117,988657123,222.0,222.0,218.0,218.0,-4.0,3058,46.868535799699664,0.8310279909483143,-0.558216477192383,1.3892444681406972,220.775,219.7370871720314,1.7006802721088226,-0.23232026866463085,1.9330005407734534,0,1
2454,5637389,1237263358,219.0,223.0,216.0,222.0,4.0,3478,53.709722518820264,0.8836947934323973,-0.40443973976663994,1.2881345331990373,221.125,219.90471034447353,1.4536671058410118,-0.3834667479459535,1.8371338537869653,1,0
2454,5833259,1299157998,225.0,225.0,220.5,222.5,0.5,3215,54.4984028265927,0.954773401721269,-0.26668890518221455,1.2214623069034836,221.47500000000002,220.09695402266067,1.0200507836441501,-0.6536664561142522,1.6737172397584024,1,0
2454,5675017,1263470291,223.0,224.0,221.0,223.0,0.5,3561,55.318237333612295,1.0394672013581499,-0.14559608443626693,1.1850632857944168,221.77500000000003,220.31199446542655,0.6432084752175385,-0.8244070116326913,1.4676154868502298,1,0
2454,4607492,1019875468,223.0,223.0,220.0,221.5,-1.5,2654,52.27524030280258,0.9743188426536449,-0.16859555451261765,1.1429143971662625,222.0,220.39999487539495,0.3632031613202999,-0.8835298604239439,1.2467330217442438,0,1
2454,5470991,1227777984,223.0,226.0,222.5,224.5,3.0,3392,57.33072851788896,1.1514895719574838,0.0068601398329770635,1.1446294321245067,222.4,220.70369895869902,0.26846611522273384,-0.782613525217208,1.0510796404399418,1,0
2454,6002813,1350796925,225.0,226.0,224.0,225.5,1.0,3265,58.89383908365412,1.3569482393954502,0.1698550458167547,1.1870931935786955,222.825,221.0589805173139,0.07819966982360839,-0.7783039764930668,0.8565036463166752,1,0
2454,4096271,922973246,225.0,226.0,224.0,226.0,0.5,2307,59.68899587896112,1.5423423721243807,0.28419934283654813,1.2581430292878326,222.875,221.42498196047583,-0.018789928598292687,-0.7002348599319743,0.6814449313336817,1,0
2454,11718216,2692730964,227.0,231.5,226.5,230.0,4.0,7199,65.44738999307904,1.9891059533550504,0.5847703392537742,1.4043356141012762,223.15,222.06016848192206,0.12399077277968569,-0.4459633268431968,0.5699540996228825,1,0
2454,4943565,1120927517,227.0,228.0,225.0,227.5,-2.5,3434,59.706682595542276,2.117036326645689,0.5701605700355301,1.5468757566101587,223.3,222.46311896474265,0.29790173560140726,-0.2176418912171802,0.5155436268185875,1,0
2454,5864755,1318369620,226.5,227.5,223.5,224.0,-3.5,4414,52.73291347147012,1.9139386267834197,0.2936502961386087,1.620288330644811,223.22500000000002,222.57696200439133,0.4010349288486436,-0.09160695837595512,0.49264188722459873,1,0
2454,3297401,734259923,222.0,223.5,222.0,223.0,-1.0,2339,50.903512059433936,1.6532331510875338,0.026355856354178142,1.6268772947333556,223.10000000000002,222.6082981522142,0.3259246496668899,-0.13337379004616712,0.459298439713057,0,1
2454,3511338,785460212,222.0,225.0,221.0,224.0,1.0,2409,52.67171729922853,1.5099085402023036,-0.09357500362484172,1.6034835438271453,223.07500000000002,222.7113871779761,0.4287844891871525,-0.02441116042072361,0.4531956496078761,1,0
2454,3569155,795102475,225.0,225.0,221.0,223.0,-1.0,2372,50.70510558610386,1.3006381636944582,-0.24227630410614975,1.542914467800608,223.02500000000003,222.73276590553343,0.5006598955643322,0.037971396765164867,0.46268849879916735,0,1
2454,9640622,2115800863,222.0,222.5,218.0,219.0,-4.0,4942,43.679782731413276,0.8027694850778175,-0.5921159861782324,1.39488547125605,222.72500000000002,222.45626472734577,0.46523649521839383,0.002038397135381176,0.46319809808301265,0,1
2454,3462891,757793129,218.5,220.5,218.0,218.5,-0.5,2286,42.880014379000116,0.36366702194425216,-0.8249747594494383,1.1886417813936905,222.47500000000002,222.1632080808757,0.40103492884863084,-0.04973053538750549,0.45076546423613634,0,1
2454,9447619,2044156535,217.5,218.5,214.5,215.0,-3.5,4524,37.679233797291026,-0.2637057571141952,-1.1618780308063086,0.8981722736921134,222.25,221.63260007488492,0.33984217498990354,-0.08873863139698623,0.4285808063868898,0,1
2454,9414974,2044270640,214.0,220.0,214.0,220.0,5.0,4395,47.47933325697701,-0.3533715440447054,-1.001235054189455,0.6478635101447496,222.35000000000002,221.51166673600454,0.26665513563375404,-0.12954053660250864,0.3961956722362627,0,1
2454,6146208,1334834944,219.0,219.5,216.0,217.0,-3.0,2860,43.09997338239088,-0.6589117298843234,-1.0454201920232584,0.386508462138935,222.3,221.1774692000042,0.07793557325943098,-0.25460807918146533,0.33254365244089634,0,1
2454,4803441,1039512497,217.0,218.5,215.0,216.5,-0.5,2474,42.398056949308646,-0.9306721406716747,-1.0537444822484878,0.12307234157681309,222.025,220.83099000000388,-0.14884823260789132,-0.3851135080390301,0.23626527543113882,0,1
2454,3933984,854378028,216.5,219.0,216.0,217.0,0.5,2091,43.390897172518606,-1.0930978512239165,-0.9729361542405837,-0.12016169698333282,221.97500000000002,220.54721296296654,-0.499261960580023,-0.5884217888089295,0.08915982822890646,0,1
2454,5020382,1077307866,217.0,217.0,212.0,212.0,-5.0,3143,36.59761442825947,-1.6067579053463419,-1.1892769666904073,-0.41748093865593466,221.47500000000002,219.91408607682087,-0.8845194594281199,-0.7789434301256211,-0.10557602930249883,0,1
2454,4808320,1027525480,212.0,216.0,212.0,214.0,2.0,2708,40.60339674493275,-1.8313433277459978,-1.1310899112720505,-0.7002534164739473,221.05,219.47600562668597,-1.1669424366454837,-0.8490931258743879,-0.31784931077109585,0,1
2454,3779362,807660025,213.5,215.5,213.0,213.0,-1.0,2171,39.26750953539066,-2.0662026378568896,-1.0927593771063537,-0.9734432607505359,220.55,218.99630150619072,-1.4584967605101886,-0.9125179597912741,-0.5459788007189145,0,1
2454,2314687,492424970,214.0,214.5,212.0,212.0,-1.0,1616,37.923804312311624,-2.3064348308171816,-1.0663932560533165,-1.2400415747638651,220.075,218.47805695017658,-1.809033534013922,-1.010443786636006,-0.798589747377916,0,1
2454,2319051,490075772,212.0,213.5,210.0,211.0,-1.0,1668,36.5759260736535,-2.548138858568791,-1.0464778270439405,-1.5016610315248504,219.4,217.92412680571906,-2.07477343590643,-1.0209469508228113,-1.0538264850836188,0,1
2454,3717379,789698521,213.5,213.5,210.5,212.5,1.5,2503,40.01961531655809,-2.588811371951749,-0.8697202723415189,-1.7190910996102302,218.75,217.52233963492506,-2.226986349317481,-0.9385278913870896,-1.2884584579303913,0,1
2454,5908878,1267962392,212.5,217.5,212.0,214.0,1.5,3478,43.33309272131083,-2.4715170576853893,-0.6019407664601271,-1.8695762912252623,218.15000000000003,217.26142558789357,-2.2607781282860238,-0.777855736284506,-1.4829223920015178,0,1
2454,3638317,782473655,214.0,216.5,213.0,215.0,1.0,2554,45.49484425559755,-2.2716822865913855,-0.3216847962928986,-1.949997490298487,217.40000000000003,217.09391258138294,-2.1321400368518337,-0.5193741158802527,-1.612765920971581,0,1
2454,2413462,519352330,216.5,217.0,214.0,215.0,0.0,1397,45.49484425559754,-2.0892284655166975,-0.11138478017456843,-1.977843685342129,216.77500000000003,216.93880794572493,-2.1849280965351814,-0.4577297404508802,-1.7271983560843012,0,1
2454,1687132,362090380,215.5,216.0,214.0,215.0,0.0,1026,45.49484425559754,-1.922471443700175,0.044297793313563316,-1.9667692370137384,216.32500000000002,216.7951925423379,-2.149307999061697,-0.33768771438191636,-1.8116202846797804,0,1
2454,4832522,1037325730,215.5,215.5,214.0,215.0,0.0,2907,45.49484425559755,-1.7699128489014697,0.15748511048981495,-1.9273979593912847,215.925,216.66221531697954,-2.0427644138984387,-0.18491530337492645,-1.8578491105235122,0,1
2454,5797012,1237787268,215.0,215.0,212.0,213.5,-1.5,3028,42.24347778402614,-1.749875056977686,0.14201832193087904,-1.891893378908565,215.4,216.42797714535143,-1.9690949227373238,-0.08899664977104926,-1.8800982729662745,0,1
2454,3607333,779651251,214.0,217.5,214.0,217.0,3.5,2570,51.03649129680589,-1.4350320569578798,0.3654890575605483,-1.8005211145184281,215.10000000000002,216.47034920865875,-1.6214144630170344,0.20694704795939223,-1.8283615109764266,1,0
2454,3526638,764084615,216.5,218.0,215.5,217.0,0.0,2043,51.036491296805885,-1.17200654917076,0.5028116522781345,-1.6748182014488946,215.0,216.50958260060995,-1.2794374021215857,0.43913928708387284,-1.7185766892054586,1,0
2454,11425547,2518234340,214.5,224.0,214.5,221.5,4.5,7107,60.09535956234575,-0.5936018744181979,0.8649730616245574,-1.4585749360427553,215.15000000000003,216.8792431487129,-0.8474576271186531,0.6968952496694445,-1.5443528767880976,1,0
2454,5746684,1257577612,220.0,221.0,217.0,218.5,-3.0,3099,53.048896334966294,-0.3729873642910775,0.8684700574013424,-1.24145742169242,215.32500000000002,216.99929921177122,-0.5003849114703662,0.8351743722541851,-1.3355592837245513,1,0
2454,2990355,650237680,218.0,219.0,216.5,218.0,-0.5,1693,51.95545660272222,-0.23577670975510046,0.8045445695498556,-1.040321279304956,215.22500000000002,217.07342519608446,-0.14224751066856936,0.9546494184447857,-1.096896929113355,1,0
2454,1913214,414082084,217.0,217.5,216.0,216.0,-2.0,986,47.71853637706394,-0.28513273016420726,0.6041508393125992,-0.8892835694768064,215.175,216.99391221859673,0.13503086419752647,0.9855422346487053,-0.8505113704511787,1,0
2454,6420028,1368005854,216.0,216.0,212.0,212.5,-3.5,3314,41.36171014335094,-0.5997548802834274,0.23162295135470323,-0.8313778316381306,214.97500000000002,216.66102983203402,0.26462105670025005,0.8921059417211431,-0.6274848850208931,0,1
2454,6163349,1288784461,211.0,212.5,208.0,208.0,-4.5,3759,34.92055805687502,-1.1983932613707395,-0.29361234378608714,-0.9047809175846524,214.52500000000003,216.01947206669817,0.19066344922094716,0.6545186673934722,-0.46385521817252506,0,1
2454,5187646,1083260110,210.0,211.0,206.0,209.0,1.0,3100,37.258803170120544,-1.5739829529762233,-0.5353616283132567,-1.0386213246629665,214.37500000000003,215.49951117286867,0.12831990450610264,0.4737400981429022,-0.34542019363679954,0,1
2454,7550548,1607826386,208.5,214.5,208.5,213.5,4.5,3693,46.563120273671025,-1.4913368942286809,-0.3621724556525714,-1.1291644385761095,214.35000000000002,215.35139923413766,0.09701202949164814,0.3539457785027582,-0.25693374901111005,0,1
2454,4698267,1003619262,213.5,214.5,211.5,214.5,1.0,2808,48.39458740390004,-1.3298183365862428,-0.16052311840810662,-1.1692952181781362,214.425,215.28833262420153,0.1762877972989039,0.34657723704801113,-0.17028943974910726,1,0
2454,3889325,833321943,214.0,215.0,213.0,214.5,0.0,2012,48.394587403900026,-1.188117833173095,-0.015058091995967082,-1.173059741177128,214.55,215.2299376150014,0.26006636176126985,0.3442846412083017,-0.08421827944703185,0,1
2454,5413087,1156333031,214.5,216.0,211.5,211.5,-3.0,3322,43.23851052537748,-1.3028753551921568,-0.10385249121202311,-1.1990228639801337,214.575,214.9536459398161,0.13613380007778633,0.17628166361985453,-0.040147863542068216,0,1
2454,3976262,846329663,212.0,213.5,211.5,213.0,1.5,2337,46.318182705789866,-1.2582793926123372,-0.04740522290576288,-1.2108741697065744,214.60000000000002,214.80893142575567,0.052396778346638015,0.07403571351096498,-0.02163893516432697,0,1
2454,4895851,1041253683,210.5,213.5,210.0,213.0,0.0,3188,46.318182705789866,-1.209000169592656,0.0014992000911346892,-1.2104993696837907,214.55,214.67493650532933,-0.2963628199371362,-0.2197791078182474,-0.07658371211888883,0,1
2454,2839640,603654991,213.0,213.0,212.0,212.5,-0.5,1250,45.36662465710422,-1.1964993519038103,0.011200014223984311,-1.2076993661277946,214.425,214.51383009752715,-0.5030542579949776,-0.34117643670087106,-0.16187782129410658,0,1
2454,4729717,991550916,212.0,212.0,208.5,209.0,-3.5,3091,39.28289405349179,-1.4522722229236251,-0.19565828543666441,-1.2566139374869607,214.12500000000003,214.10539823845107,-0.7820927723840397,-0.4961719608719465,-0.28592081151209325,0,1
2454,4415424,920167790,208.0,209.0,208.0,208.0,-1.0,2964,37.7262346242812,-1.715886042407277,-0.36741768393625307,-1.348468358471024,213.77500000000003,213.65314651708434,-1.022550077965706,-0.5893034131628901,-0.4332466648028158,0,1
2454,17207202,3702855064,213.5,218.5,212.0,216.5,8.5,8841,54.302485734649245,-1.2248041512060297,0.09893136581199546,-1.3237355170180252,213.85000000000002,213.86402455285585,-0.9646205925526653,-0.42509914219987954,-0.5395214503527858,1,0
2454,23742481,5383012668,224.5,230.5,221.0,228.5,12.0,14221,67.46802439568118,0.13116945758360998,1.1639239796813081,-1.0327545220976981,214.60000000000002,214.94817088227393,-0.4525495116049927,0.06957755099823448,-0.5221270626032272,1,0
2454,12774116,2927704564,229.5,231.0,227.5,229.5,1.0,7174,68.28794882569511,1.2718192142411908,1.8436589890711113,-0.5718397748299204,215.22500000000002,216.02608415025364,0.06553470360437956,0.4701294129660854,-0.40459470936170583,1,0
2454,12042064,2768235691,230.0,232.0,229.0,230.0,0.5,5454,68.71255680426253,2.1908830496368523,2.2101782595734183,-0.019295209936565864,215.875,217.06118902801262,0.43523469994055825,0.6718635274418112,-0.23662882750125303,1,0
2454,5302858,1212782124,230.0,231.0,227.5,228.0,-2.0,3263,64.96549184311867,2.7264358203925667,2.196584824263306,0.5298509961292607,216.20000000000002,217.8714713222339,0.7232201078901755,0.7678791483131429,-0.044659040422967325,1,0
2454,11280043,2643570062,230.0,236.0,229.5,234.0,6.0,7164,70.21335642834244,3.5935904320058114,2.4509915487012406,1.1425988833045708,216.97500000000002,219.0661771502166,1.1328725038402105,0.9420252354105423,0.19084726842966826,0,0
2454,3593374,845877055,236.0,237.0,234.0,235.5,1.5,2585,71.36803841285543,4.351690592876537,2.567273367657573,1.784417225218964,217.85000000000002,220.28349736131165,1.6850625459896855,1.1953722220480139,0.4896903239416717,0,0
2454,14493954,3499042142,238.5,243.5,238.0,243.0,7.5,8729,76.31245977221538,5.494342393070099,2.9679401342809077,2.526402258789191,219.2,221.96620126047375,2.300011712344798,1.4482571107225009,0.851754601622297,0,0
2454,10042096,2449719691,246.0,246.0,240.0,245.0,2.0,6329,77.43168360270964,6.486512978485905,3.168088575757371,3.318424402728534,220.825,223.67240857451273,3.0113636363636362,1.7276872277930713,1.283676408570565,0,0
2454,19802915,4923037547,245.5,253.0,243.0,252.0,7.0,10095,80.84336812405559,7.748338787817545,3.543931508071209,4.204407279746336,223.02500000000003,225.7707486801044,3.8719953663480884,2.0706551662220187,1.8013402001260699,0,1
2454,17207692,4354063376,249.5,258.0,247.5,254.0,2.0,9805,81.69482044858707,8.808192754811643,3.683028380052245,5.125164374759398,225.27500000000003,227.86180433343,4.9733621310295035,2.537617544722747,2.4357445863067566,0,1
2454,10159813,2562246750,252.0,255.0,250.5,250.5,-3.5,6084,75.38054951220433,9.25898212775786,3.3070542023987706,5.95192792535909,227.125,229.5387077161389,5.9784632127616755,2.834174901163935,3.1442883115977405,0,0
2454,6076740,1509317365,247.5,251.5,246.0,248.5,-2.0,3965,71.95796487164984,9.347105059521908,2.7161417073302543,6.630963352191654,228.82500000000002,230.9432478853138,6.611111111111098,2.773458239610686,3.837652871500412,0,0
2454,7471371,1860266817,248.5,252.0,246.5,247.0,-1.5,3441,69.41243541434733,9.18996940709178,2.0472048439201007,7.14276456317168,230.45,232.13263693084613,6.730714731054798,2.3144494876435084,4.4162652434112895,1,0
2454,12725339,3170720911,248.5,251.0,245.5,250.0,3.0,4104,71.57798808579393,9.201444671916164,1.6469440869955871,7.554500584920577,232.375,233.456145306339,6.804933682520908,1.9109347512876953,4.893998931233213,0,0
2454,6613095,1652294431,249.5,252.0,248.5,251.0,1.0,3395,72.28242564210164,9.185347575446173,1.304677592420476,7.8806699830256965,234.27500000000003,234.75569009846205,6.797785792166397,1.5230294887465465,5.27475630341985,0,0
2454,8013878,2009166878,249.0,253.0,247.0,253.0,2.0,3998,73.68708595090331,9.22760372407572,1.077546992840018,8.150056731235702,236.27500000000003,236.10712046153893,6.917270280021086,1.3140111812809883,5.603259098740097,0,0
2454,5515421,1409877119,253.0,258.0,253.0,255.5,2.5,3660,75.36751077092535,9.354982715462683,0.9639407873815831,8.3910419280811,238.425,237.54363005698048,6.945018602728403,1.0734076031906445,5.871610999537759,0,0
2454,6763609,1735609904,256.5,257.5,255.0,257.5,2.0,3729,76.65212343573604,9.507715740447168,0.8933390498928535,8.614376690554314,240.85000000000002,239.02187968238934,6.972607612949107,0.8807972907290784,6.091810322220028,0,0
2454,21218632,5676936508,260.0,273.0,260.0,269.5,12.0,13555,82.53681075721975,10.476293287196313,1.4895332773135976,8.986760009882715,243.925,241.27951822443458,6.949529466004919,0.6861753150279126,6.2633541509770065,0,1
2454,9201795,2491477508,272.0,274.0,268.0,271.0,1.5,6308,83.10987532225533,11.235420501461931,1.7989283932633722,9.436492108198559,246.65000000000003,243.48103539299498,6.831856030083256,0.45480150328499924,6.377054526798257,0,1
2454,6200175,1661202411,269.5,272.0,265.5,265.5,-5.5,4173,73.57594531574267,11.26339287159638,1.4615206107182566,9.801872260878124,248.5,245.1120698083287,6.402983086962299,0.02074284813123306,6.3822402388310655,0,0
2454,8080900,2163198100,264.5,270.5,264.0,269.5,4.0,5138,75.75433427351066,11.476039111769012,1.3393334807127104,10.136705631056302,250.5,246.9185831558599,5.982736775419693,-0.31960277072909804,6.302339546148791,0,0
2454,7039265,1907344050,270.0,273.0,268.0,270.0,0.5,4196,76.02045069823153,11.551747258778676,1.1320333021778985,10.419713956600777,252.5,248.62831773690732,5.689398100918146,-0.4903531561845167,6.179751257102662,0,0
2454,8160513,2164165102,267.0,268.0,263.0,264.0,-6.0,4890,66.57705711869858,11.000786436535236,0.4648579839475673,10.535928452587669,254.3,249.76696086750678,5.307450919370296,-0.6978402701858935,6.005291189556189,1,0
2454,5445451,1456189625,267.0,269.0,265.5,267.5,3.5,4204,68.99647146636713,10.722959166269987,0.14962457094585524,10.573334595324132,255.97500000000002,251.08051932176554,5.026210299105759,-0.7832647123603449,5.809475011466104,1,0
2454,11479321,2995461491,263.0,263.5,259.0,260.5,-7.0,6105,59.69005982707952,9.824684704765701,-0.5989199124467444,10.423604617212446,257.225,251.77825863126438,4.666921898928021,-0.9140424900304662,5.5809643889584875,1,0
2454,10007504,2673899791,263.0,270.5,263.0,267.5,7.0,6742,64.8027429887859,9.567350756809134,-0.6850030883226506,10.252353845131784,258.45000000000005,252.94283206598553,4.589739686405842,-0.7929797620421164,5.382719448447959,1,0
2454,5142761,1366578501,266.5,268.5,263.5,263.5,-4.0,3655,60.11096893270941,8.937617882976411,-1.0517887697242987,9.98940665270071,259.375,253.72484450554217,4.395729213993632,-0.7895921875634615,5.185321401557093,1,0
2454,9466641,2502831654,263.5,266.5,261.5,265.0,1.5,5222,61.24414393544277,8.462042350680349,-1.2218914416162896,9.683933792296639,260.02500000000003,254.56004120883534,4.15536808275583,-0.8239626550410115,4.979330737796841,1,0
2454,9483207,2429423958,258.0,258.5,253.0,253.0,0.0,5816,49.20206434039355,7.035741949585969,-2.118553474168536,9.154295423754505,259.975,254.44448260077345,3.618240032017593,-1.088872564623399,4.707112596640992,0,1
2454,4616548,1154765264,251.0,251.5,248.5,250.0,-3.0,3560,46.728390482550644,5.598774490613579,-2.844416746512742,8.443191237126321,259.95000000000005,254.11526166738284,2.7374357438738293,-1.5757414822137306,4.31317722608756,0,1
2454,5395877,1338617037,251.5,252.5,246.0,247.0,-3.0,4074,44.328314365817484,4.169825347651056,-3.4186927115802126,7.588518059231268,259.875,253.5882052475767,1.7836235458236587,-2.023642944211121,3.8072664900347797,0,1
2454,6026425,1522697950,249.5,255.5,248.0,254.0,7.0,4507,50.69218599614079,3.561163479544774,-3.221883663749196,6.78304714329397,260.225,253.61870856257102,1.244746201099249,-2.0500162311484247,3.2947624322476736,0,1
2454,5398645,1374483138,254.0,256.5,252.5,254.5,0.5,3842,51.12197699780542,3.0835946258484626,-2.9595620139564067,6.043156639804869,260.45000000000005,253.68398940978798,0.6171459792380714,-2.142093162407682,2.7592391416457533,0,1
2454,3422523,867554319,255.0,256.0,252.0,252.0,-2.5,2551,48.83013747670956,2.474860115108072,-2.8546372197574383,5.32949733486551,260.5,253.5592494535074,0.03601052997566636,-2.1785828893360697,2.2145934193117363,0,1
2454,2626937,667440449,254.0,255.0,252.5,254.5,2.5,1869,51.1868058532067,2.169158032731872,-2.528271441706911,4.697429474438783,260.575,253.6289346791735,-0.27812957858404896,-1.9941783983166284,1.7160488197325794,0,1
2454,2967465,754252820,256.0,256.0,252.5,254.5,0.0,2159,51.1868058532067,1.9049281045712405,-2.234001095894034,4.138929200465275,260.525,253.69345803627178,-0.7569553024098585,-1.9784032977139505,1.221447995304092,0,1
2454,4385243,1100362102,254.5,254.5,248.5,251.0,-3.5,3068,47.625409197206665,1.3969994929972813,-2.193543765974395,3.5905432589716764,260.20000000000005,253.49394262617758,-1.1002778604743522,-1.8573806846227554,0.7571028241484032,0,1
2454,13663782,3551874694,252.0,263.0,252.0,261.0,10.0,8300,56.86072582711393,1.7808503016729844,-1.4477543658389536,3.228604667511938,259.775,254.04994687609036,-1.5151515151515085,-1.8178034714399294,0.3026519562884209,1,0
2454,5334944,1386746450,261.0,263.0,258.0,259.0,-2.0,3455,54.78021694753561,1.9017493648613595,-1.0614842421204629,2.9632336069818224,259.17499999999995,254.41661747786145,-1.7912772585669798,-1.6751433718843205,-0.11613388668265928,0,1
2454,3606898,927323919,259.0,260.0,255.5,255.5,-3.5,2557,51.24640594114195,1.6955962164777532,-1.0141099124032555,2.7097061288810087,258.675,254.4968680350569,-2.1619351172386767,-1.636640984444814,-0.5252941327938628,0,1
2454,5584072,1406307716,253.0,254.5,249.0,253.5,-2.0,3769,49.289713793057075,1.3552130236817561,-1.083594484159402,2.438807507841158,257.875,254.42302595838603,-2.1531277794248522,-1.3022669173047916,-0.8508608621200607,0,1
2454,7661094,1946360470,253.5,257.0,251.0,256.0,2.5,4113,51.76874692692512,1.2725172113922554,-0.9330322371591224,2.205549448551378,257.175,254.53983885035743,-1.9676869487882804,-0.8934608693345756,-1.0742260794537049,0,1
2454,13055892,3409453028,259.0,264.0,258.0,259.0,3.0,7936,54.634742898866996,1.4325416637421142,-0.618406227847411,2.050947891589525,256.925,254.87022115773837,-1.6041790160047456,-0.4239623492408324,-1.1802166667639131,1,0
2454,11918313,3128917147,259.0,265.5,257.0,263.0,4.0,7319,58.20117926561571,1.8606800048852676,-0.1522143093634063,2.012894314248674,256.70000000000005,255.4724269979059,-1.2200548839279126,-0.0318705737311995,-1.1881843101967131,1,0
2454,13187668,3515329520,263.0,270.0,261.0,266.5,3.5,7284,61.08408897788167,2.454113975810685,0.35297572924960896,2.101138246561076,257.0,256.2892842573203,-0.7681460590767505,0.33603060089597026,-1.1041766599727207,1,0
2454,9732707,2600368855,265.5,271.0,261.0,266.0,-0.5,5458,60.44273504333794,2.8512019704011777,0.6000509790720812,2.2511509913290966,256.925,257.0085965345558,-0.325293753865187,0.623106324886027,-0.948400078751214,1,0
2454,27621624,7881697449,278.0,292.5,275.0,292.5,26.5,15733,75.26558811467946,5.24377858188484,2.394102072444594,2.8496765094402456,258.375,259.63758938384797,0.553460049799069,1.2014881028402264,-0.6480280530411574,0,0
2454,26602042,7979152558,300.0,303.0,297.5,300.0,7.5,14669,77.80095027525243,7.656836854906146,3.84572827637272,3.811108578533426,260.125,262.627397577637,1.5610043443045498,1.7672259178765657,-0.20622157357201598,0,0
2454,8961361,2632292551,296.0,297.5,291.0,291.0,-9.0,5984,68.7004747970474,8.742203457929634,3.944875903516966,4.797327554412668,262.025,264.72907183114535,2.4300207798557594,2.10899388274222,0.3210268971135391,1,0
2454,7008273,2040523670,292.0,294.5,288.0,290.0,-1.0,5152,67.75217728232296,9.413163577587,3.692668818539465,5.720494759047535,264.02500000000003,266.6009924362457,3.0116959064327418,2.152535207455362,0.8591606989773797,1,0
2454,11150022,3230736858,290.0,292.0,286.5,289.0,-1.0,6196,66.75978250432046,9.75179998384175,3.225044179835372,6.526755804006378,266.12500000000006,268.26017818170897,3.5306107592633102,2.1371600482287443,1.393450711034566,1,0
2454,12734105,3624914048,286.5,289.0,280.0,287.0,-2.0,9154,64.7180387268377,9.746437624253929,2.5757454561980406,7.170692168055888,267.77500000000003,269.64831313121203,4.2283681765388925,2.267933972403461,1.9604342041354312,1,0
2454,5765429,1639398897,282.0,286.5,282.0,284.0,-3.0,3784,61.67123207632515,9.391849591821881,1.776925939012794,7.614923652809087,269.25,270.7114010474186,4.875636293454912,2.3321616714555846,2.5434746219993274,1,0
2454,6912133,1959311740,284.0,288.0,279.0,280.0,-4.0,4441,57.766266019550415,8.687920511234722,0.8583974867405075,7.829523024494215,270.65,271.39944541427644,5.399484846296413,2.2848081794376682,3.1146766668587444,1,0
2454,6118846,1735859504,279.5,286.5,276.0,286.0,6.0,4146,61.68527528531354,8.516033960789116,0.5492087490359205,7.9668252117531955,272.225,272.4809679761819,5.74043460552479,2.100606350932836,3.639828254591954,1,0
2454,4598473,1294711467,285.0,285.0,280.0,280.0,-6.0,3461,56.08102601292207,7.80568371231135,-0.1289131995534767,7.934596911864826,273.5,273.0379333112795,5.8135928815095745,1.7390117015340962,4.074581179975478,1,0
2454,11678480,3211176785,281.0,284.0,271.0,271.5,-8.5,7272,49.254024243613216,6.482125156241182,-1.1619774044989164,7.644102560740098,274.52500000000003,272.9240123252588,5.598345457138768,1.2190114217306318,4.379334035408136,0,1
2454,7308935,1997762755,272.5,276.0,270.0,273.0,1.5,4292,50.40148994242329,5.490936827055236,-1.7225325869478896,7.213469414003126,275.125,272.9296410419063,5.528686581318142,0.9194820367280041,4.6092045445901375,0,1
2454,5037510,1370019220,274.5,275.0,270.5,272.0,-1.0,3218,49.59633198927736,4.5720179158462315,-2.113161198525516,6.685179114371747,275.775,272.86077874250583,4.636395885065621,0.021753072380386484,4.614642812685235,0,1
2454,5746286,1535347934,266.0,269.5,264.5,267.5,-4.5,3856,46.03263519339125,3.440990074689921,-2.595351231745461,6.036341306435382,276.375,272.46368402083874,3.409788097597783,-0.9638837720699618,4.373671869667745,0,1
2454,6067487,1635749693,266.0,273.0,264.0,272.0,4.5,4005,49.9087591869703,2.8746179475767235,-2.5293786870869273,5.403996634663651,277.3,272.42933705633214,2.572793823411704,-1.4407024370048331,4.013496260416537,0,1
2454,4345979,1182312354,272.5,274.5,270.0,270.5,-1.5,2714,48.654315290397115,2.2784618029999706,-2.500427865330944,4.7788896683309146,278.02500000000003,272.2864232003075,1.746165950351089,-1.8138642480523588,3.5600301984034477,0,1
2454,7304257,2004875904,276.0,279.0,270.5,271.0,0.5,4726,49.11345081788552,1.8253085637674644,-2.3628648836507606,4.188173447418225,278.625,272.19113259287735,0.9121993489308846,-2.1182646795780506,3.030464028508935,0,1
2454,3828042,1044464466,270.0,274.0,270.0,273.0,2.0,2565,51.000876816491136,1.6090168969753904,-2.063325240354268,3.6723421373296583,279.125,272.2510486971087,0.31680344158424356,-2.1709284695397533,2.487731911123997,0,1
2454,5990124,1617132484,272.5,273.0,269.0,269.0,-4.0,3554,47.22793129654985,1.1021329198935632,-2.056167373948876,3.1583002938424394,279.25,272.01023027510064,-0.27900352548389706,-2.213388349286315,1.9343848238024182,0,1
2454,2632943,712636568,270.0,272.0,268.0,271.5,2.5,1823,49.73097292278382,0.8918718789332729,-1.8131427319273334,2.7050146108606063,279.525,271.972435439908,-0.7594287977263937,-2.1550508972230498,1.395622099496656,0,1
2454,3518006,944258608,269.5,270.0,267.0,267.0,-4.5,2676,45.543539448231265,0.3579993040619911,-1.8776122454388924,2.2356115495008835,278.25,271.6041068888037,-1.520647321428587,-2.333015536740194,0.8123682153116074,0,1
2454,4349299,1172169236,270.5,272.0,268.0,268.5,1.5,2379,47.14126135113802,0.055301425697734885,-1.7442480990425189,1.7995495247402538,276.675,271.3741730451886,-2.039087343035564,-2.281164446677737,0.2420771036421732,0,1
2454,9701408,2647453113,271.5,275.5,270.5,270.5,2.0,5123,49.27809519217855,-0.022941087843491914,-1.4579924900669967,1.4350514022235048,275.65000000000003,271.3094194862858,-2.2258527994067645,-1.9743439224391501,-0.2515088769676143,0,1
2454,4456924,1215746582,274.5,274.5,271.0,272.0,1.5,3141,50.88186406804862,0.03567735411530748,-1.1194992384865579,1.1551765926018653,274.75000000000006,271.36057359841277,-2.378141924732673,-1.7013064382120469,-0.6768354865206261,0,1
2454,2430050,656681550,270.5,271.5,268.5,271.0,-1.0,1632,49.75244763647472,0.0014248245489625333,-0.9230014144423223,0.9244262389912848,273.85,271.3338644429748,-2.4691786366895903,-1.4338745201351712,-1.035304116554419,0,1
2454,6996464,1928261666,272.5,279.5,271.0,279.5,8.5,4266,58.23793291334017,0.6526352378568276,-0.21743280090756578,0.8700680387643934,273.475,271.9387633731248,-2.2914069354019744,-1.0048822550780443,-1.28652468032393,1,0
2454,8306773,2273461529,278.5,278.5,271.0,271.5,-8.0,4960,49.72645432382871,0.5172287498460832,-0.28227143113464814,0.7995001809807314,272.85,271.906262382523,-2.0213948318977573,-0.5878961212590617,-1.4334987106386956,0,1
2454,5654648,1544809566,271.5,277.5,271.5,272.5,1.0,3922,50.6964547052203,0.48501878060869785,-0.2515851202976269,0.7366039009063248,272.47499999999997,271.9502429467805,-1.5851986146944825,-0.12135992324462941,-1.4638386914498531,1,0
2454,5455804,1494113296,275.5,276.0,271.0,274.5,2.0,3655,52.66362546543202,0.613799929717743,-0.09824317695086549,0.7120431066686085,271.9,272.1391138396116,-1.2522132140527638,0.1693003819176715,-1.4215135959704353,1,0
2454,6872066,1908672414,276.0,279.5,275.0,279.0,4.5,4716,56.836608980639845,1.0666763293933172,0.28370657817976697,0.7829697512135503,271.85,272.64732762926997,-0.918148303700598,0.4026922338158698,-1.3208405375164678,1,0
2454,6680350,1853776600,282.0,283.0,275.0,275.5,-3.5,4363,52.928375882966854,1.130135886638925,0.27773290834029973,0.8524029782986253,272.05,272.85863669376846,-0.5329967038361705,0.6302750669442378,-1.1632717707804083,1,0
2454,5216271,1436642277,277.0,277.5,273.0,275.0,-0.5,2860,52.374315241243394,1.1270898316417401,0.2197494826744918,0.9073403489672484,272.15,273.01725619793376,-0.2587519025875329,0.7236158945543004,-0.9823677971418333,1,0
2454,17883006,5096531487,272.5,294.5,272.5,287.0,12.0,11791,62.516008826856094,2.0691239500155234,0.9294268808386199,1.1396970691769035,272.9,274.05301499808684,0.30779673712050404,1.03213162740987,-0.7243348902893659,1,0
2454,13537831,3954488071,294.0,294.5,290.0,292.0,5.0,7331,65.78531256121957,3.1824655077155626,1.6342147508309273,1.5482507568846353,274.125,275.3824212945249,0.8529033765626624,1.2617906134816226,-0.4088872369189603,1,0
2454,7244717,2149963734,299.5,302.0,292.5,292.5,0.5,5322,66.10369309766506,4.05836028360352,2.0080876213751075,2.050272662228412,275.15,276.650390087523,1.4287715366297735,1.470127018838987,-0.041355482209213555,1,0
2454,6989117,2058433096,295.5,297.5,292.0,293.0,0.5,4022,66.44000367087433,4.738239549229604,2.1503735096009535,2.5878660396286506,276.275,277.8614723032621,1.8805928411633044,1.5375586586980143,0.34303418246529005,1,0
2454,9508483,2749796167,292.0,294.0,282.5,290.0,-3.0,5975,62.437172271945975,4.977595218318697,1.9117833429520372,3.06581187536666,277.225,278.76062250302044,2.191850870464625,1.4790533503994678,0.7127975200651571,1,0
2454,6684869,1949165148,285.0,294.5,285.0,293.5,3.5,4198,65.080421510554,5.387602136057183,1.8574322085524178,3.530169927504765,278.25,279.8524282435375,2.322347378667773,1.2876398868820926,1.0347074917856802,1,0
2454,4820035,1391933545,293.5,294.5,286.0,286.0,-7.5,3418,55.988483894975666,5.049144853532539,1.2151799408222193,3.8339649127103197,279.1,280.3078039292014,2.5595651168170086,1.2198861000250627,1.339679016791946,1,0
2454,4729144,1350910487,286.0,290.0,281.0,285.5,-0.5,3353,55.43249775862867,4.6865456167565185,0.6820645632369589,4.00448105351956,279.80000000000007,280.6924110455568,2.693940652545071,1.0834093086024998,1.610531343942571,1,0
2454,3600978,1027922296,285.5,289.0,282.0,282.0,-3.5,2303,51.57184577909594,4.069847689176925,0.052293308525891646,4.017554380651033,280.55000000000007,280.78926948662667,2.776625650951627,0.9328754456072448,1.8437502053443822,1,0
2454,7978649,2293470825,285.0,290.0,284.5,287.5,5.5,4490,56.67789592290857,3.9790462052991415,-0.030806540281512973,4.0098527455806545,281.5,281.28636063576545,2.7896551724137852,0.7567239736555225,2.032931198758263,1,0
2454,8682612,2526811342,289.0,294.0,288.0,291.0,3.5,5767,59.5972584700779,4.1417624648786955,0.10552777543843295,4.0362346894402625,282.52500000000003,282.0058894775606,2.9688216414488533,0.7487123541524725,2.220109287296381,1,0
2454,7880675,2263523314,290.0,291.0,284.5,284.5,-6.5,4794,52.519021295322204,3.7035286230691895,-0.2661648530968588,3.9696934761660483,283.15000000000003,282.19063840514866,3.0888782073290644,0.695015136026147,2.3938630713029174,1,0
2454,2905400,841745688,286.0,291.5,286.0,291.5,7.0,2109,58.26737982825411,3.876382124522422,-0.074649081314901,3.951031205837323,284.17500000000007,282.88022074550804,2.9048010222708807,0.4087503607743703,2.4960506614965103,1,0
2454,4691717,1361604930,293.0,293.5,287.5,288.0,-3.5,3307,54.70141208161071,3.6884310829314018,-0.21008009832473729,3.898511181256139,284.6,283.2594636532482,2.5544703230653596,0.046735729255079406,2.50773459381028,1,0
2454,4003475,1151713027,289.0,289.5,285.5,288.0,0.0,2668,54.701412081610705,3.499142590711358,-0.3194948724358251,3.818637463147183,285.42500000000007,283.6106144937483,2.1283116529319526,-0.3035383527026623,2.431850005634615,1,0
2454,5068194,1456830765,290.0,290.5,284.5,285.0,-3.0,3614,51.564343647421964,3.0716471328100283,-0.597592264269724,3.6692393970797523,286.05000000000007,283.7135319386558,1.663722025912832,-0.6145023837774264,2.2782244096902584,0,1
2454,11476211,3351768401,289.0,295.0,288.0,291.0,6.0,6952,56.88939992939294,3.1803427469008625,-0.39111732014311196,3.5714600670439745,286.87500000000006,284.2532703135702,1.4106299835106337,-0.6940755409437,2.104705524454334,1,0
2454,19773715,5939895025,298.0,306.5,296.0,306.0,15.0,10654,66.73550804074988,4.425841102705363,0.6835048285291103,3.7423362741762523,288.225,285.8641391792317,1.3108487914558395,-0.6350853863987955,1.945934177854635,1,0
2454,16332612,4994543212,308.0,309.0,303.0,303.5,-2.5,8953,64.10752257479099,5.151791767763541,1.1275643948698306,4.02422737289371,289.625,287.17049924002936,1.3778822475934422,-0.45444154420895444,1.8323237918023967,1,0
2454,26768732,8485734075,309.0,322.0,308.0,322.0,18.5,14660,72.6808524582584,7.137630131922947,2.4907222072233886,4.646907924699558,291.975,289.75046225928645,1.858653311074007,0.021063615417288295,1.8375896956567188,0,0
2454,18343999,5961206139,320.5,330.0,318.0,326.0,4.0,11764,74.1202448672947,8.931234204903376,3.427461024163054,5.503773180740322,293.92500000000007,292.43561320304303,2.386634844868729,0.43923611936960816,1.947398725499121,0,0
2454,9779007,3162424987,326.0,327.0,320.5,321.0,-5.0,6154,69.21134630393396,9.835838715587158,3.465652427877469,6.370186287709689,295.375,294.55149370652134,2.6886678523592806,0.5930153014881276,2.095652550871153,1,0
2454,9439166,2986108835,321.0,322.0,312.5,314.5,-6.5,5868,63.3385694605536,9.913966594720193,2.8350242456084027,7.078942349111791,296.475,296.0291608393716,2.8176397352728997,0.5775897475213974,2.2400499877515023,1,0
2454,7519592,2398531345,317.0,323.5,316.0,316.5,2.0,4359,64.34118499802419,10.021742379286309,2.3542400241396138,7.667502355146695,297.65000000000003,297.5455192957145,3.219005390366886,0.7831643220923068,2.4358410682745792,1,0
2454,7547318,2378130034,316.5,319.5,313.0,313.0,-3.5,4106,61.18755419318878,9.712771926974426,1.6362156574621842,8.076556269512242,298.8,298.6902956441801,3.321220773040886,0.7083037638130452,2.6129170092278406,1,0
2454,6564806,2101481420,321.0,322.5,318.5,320.5,7.5,4524,65.13151650129294,9.958304798502468,1.5053988231921807,8.452905975310287,300.15,300.30582930016675,3.62318840579708,0.8082171172553911,2.8149712885416887,1,0
2454,4570436,1463017637,318.5,322.5,315.0,321.5,1.0,3202,65.63296601789698,10.116960982195337,1.3312440055080401,8.785716976687297,301.92500000000007,301.8757678705248,4.096290111960246,1.025055058734846,3.0712350532254002,1,0
2454,11984238,3948360826,328.0,334.0,326.0,328.0,6.5,7655,68.77620817325301,10.644489775889781,1.487018239361987,9.157471536527794,304.05000000000007,303.81089617641186,4.808327473417271,1.3896739361534962,3.4186535372637747,1,0
2454,10777715,3594466252,327.0,339.5,326.0,338.5,10.5,7012,73.06226129797459,11.774097921651673,2.0933011080991033,9.68079681355257,306.875,306.38045942260356,5.503654273911635,1.668000589318288,3.8356536845933467,0,0
2454,12505057,4226723810,338.5,346.0,330.0,330.0,-8.5,9228,65.25337344857968,11.84687811651753,1.7328650423719676,10.114013074145562,309.0,308.1300550209292,5.6676576633562945,1.4656031830103577,4.202054480345937,1,0
2454,7630413,2539492113,335.0,337.0,326.5,334.5,4.5,5183,67.249085061434,12.127866837662907,1.611083010813875,10.516783826849032,311.175,310.08338427863816,5.921080219734114,1.3752205915105415,4.545859628223573,1,0
2454,15248751,5249258020,336.0,350.0,333.0,342.5,8.0,9665,70.49369249353532,12.847982025595456,1.864958558997138,10.983023466598318,314.07500000000005,312.48461507281314,5.827498541301971,1.0253111304627183,4.802187410839252,0,0
2454,15054322,5176528308,350.5,350.5,338.0,338.0,-4.5,8559,66.50266273259032,12.906784728099979,1.5390090092013278,11.36777571889865,316.4,314.3746435859381,5.46687370600412,0.5317490361318935,4.935124669872226,1,0
2454,6886834,2336399326,337.5,344.0,336.0,336.0,-2.0,4718,64.74811966685137,12.646225196123737,1.0227595817800683,11.623465614343669,318.8,315.97652183883156,5.210583708824561,0.22036723116186696,4.990216477662694,1,0
2454,8852838,2975522230,338.0,341.5,332.0,335.0,-1.0,5161,63.84117548188361,12.218194506442956,0.4757831136794284,11.742411392763527,321.15,317.38566836928845,5.071441712148169,0.06498018758837976,5.006461524559789,1,0
2454,13289766,4353238084,331.5,332.5,323.0,328.0,-7.0,8669,57.743818493402756,11.185199584254917,-0.4457694468068887,11.630969031061806,323.3,318.1719151567486,4.8561955902692855,-0.12021274743240351,4.976408337701689,1,0
2454,7730251,2591975087,330.0,338.5,330.0,337.5,9.5,5272,62.91980364563118,11.006241174173056,-0.49978228551100123,11.506023459684057,325.625,319.6036251451376,4.908682725562773,-0.05418048971113265,4.962863215273906,1,0
2454,4695375,1573995883,337.0,339.0,332.0,336.5,-1.0,3363,62.05809139874804,10.660832264004398,-0.6761529565437279,11.336985220548126,327.15000000000003,320.85520846772,4.668877499748767,-0.23518857242011126,4.904066072168878,1,0
2454,5447287,1825128124,336.5,341.0,328.0,331.0,-5.5,3623,57.40172424002181,9.829975342772514,-1.2056079022204909,11.035583244993004,328.52500000000003,321.6066745071481,4.419707153144506,-0.38748713521949796,4.807194288364004,1,0
2454,15697597,4987805622,323.0,326.0,307.5,326.0,-5.0,10531,53.473642055527854,8.668136155564923,-1.8939576715424664,10.56209382710739,328.725,321.93210602513716,3.8938669852648347,-0.7306618424793352,4.62452882774417,0,1
2454,6588631,2106835806,323.5,324.5,317.5,317.5,-8.5,4900,47.520207781957154,6.981018431620953,-2.8648603163891497,9.845878748010103,328.30000000000007,321.603801875127,2.987280988947763,-1.3097982710371259,4.297079259984889,0,1
2454,8063450,2632417200,326.0,332.5,322.0,326.0,8.5,5227,53.1387812203266,6.257709463498202,-2.8705354276095214,9.128244891107723,328.55,321.9294461806731,2.38433742076892,-1.5301934713727752,3.9145308921416953,0,1
2454,5848318,1883858542,323.0,325.0,319.0,322.0,-4.0,4705,50.403987350402566,5.3006131555558795,-3.0621053884414753,8.362718543997355,328.925,321.9346723895121,1.6899801294536472,-1.7796406101504387,3.469620739604086,0,1
2454,4947048,1592993908,322.0,325.0,319.5,320.5,-1.5,2948,49.377721204489546,4.370687408244294,-3.193624908602449,7.564312316846743,329.12500000000006,321.8284003606594,0.9545133160499728,-2.0120859388432906,2.9665992548932634,0,1
2454,6854773,2249715139,327.0,330.0,325.0,329.5,9.0,4451,55.263369577605594,4.310253419231003,-2.6032471180925922,6.913500537323595,329.95000000000005,322.39666700061053,0.42978540100250273,-2.0294510831126087,2.4592364841151113,0,1
2454,6000173,1941212779,334.0,334.0,319.0,320.0,-9.5,4423,48.81209078096797,3.4559503974202244,-2.766040111922697,6.2219905093429215,329.925,322.21913611167645,0.04602428515471014,-1.930569759168321,1.9765940443230312,0,1
2454,6266273,1995569406,320.5,323.5,316.0,322.0,2.0,4530,50.13193312020981,2.906784777512428,-2.652164585464395,5.558949362976823,329.95000000000005,322.2029038071078,-0.2380672466494346,-1.771729032777973,1.5336617861285382,0,1
2454,7428234,2434423050,324.0,332.0,322.5,327.0,5.0,5206,53.36901682278209,2.8422614596073004,-2.173350322695618,5.015611782302918,329.90000000000003,322.5582442658406,-0.3338424185463868,-1.4940033637399401,1.1601609451935533,0,1
2454,4118085,1358007795,331.5,333.5,326.5,327.0,0.0,2813,53.36901682278209,2.7593185585749893,-1.8050345789823439,4.564353137557333,329.32500000000005,322.88726320911167,-0.746866873912468,-1.525622255284817,0.7787553813723491,0,1
2454,3238485,1058239110,330.0,330.0,324.0,326.0,-1.0,2272,52.5773733337534,2.5831174986941505,-1.584988511090546,4.1681060097846965,329.125,323.11783630473303,-1.1239356300289314,-1.5221528091210244,0.39821717909209303,0,1
2454,3919596,1287078180,328.0,331.0,324.5,330.5,4.5,2852,55.75772462742534,2.7746053577767498,-1.1148005216063575,3.8894058793831072,328.925,323.66466324512317,-1.338946383675389,-1.3897308502139856,0.05078446653859665,1,0
2454,7460233,2483879623,337.0,337.0,328.5,331.0,0.5,4714,56.109931576464064,2.932898063806988,-0.7652062524608958,3.6981043162678837,328.35,324.2080215232622,-1.3334111967608968,-1.1073565306395947,-0.22605466612130207,1,0
2454,4521461,1511199013,334.5,336.5,332.0,334.5,3.5,3139,58.5947712769519,3.302695505126337,-0.31632704891323726,3.6190225540395744,328.175,324.9703902993168,-1.0534499514091447,-0.6619162282302741,-0.3915337231788706,1,0
2454,10532780,3458722680,336.0,336.5,318.5,326.0,-8.5,5254,51.03762026991852,2.876722611514708,-0.5938399540198933,3.4705625655346015,327.675,325.0466576845526,-1.0303666550021429,-0.5110663454586178,-0.519300309543525,0,1
2454,8055572,2573830984,326.5,329.0,312.0,315.0,-11.0,5925,43.2615563914891,1.632707123796024,-1.4702843533908623,3.1029914771868863,326.67500000000007,324.30246081903016,-0.9357272355108539,-0.33314154077386304,-0.6025856947369909,0,1
2454,4555823,1452038860,315.0,320.5,315.0,320.0,5.0,3106,47.1994995626929,1.0383051647708612,-1.6517490499328202,2.6900542147036814,326.27500000000003,323.9837600176205,-0.832406268907254,-0.18385645933621042,-0.6485498095710436,0,1
2454,3030874,960747432,318.0,320.0,315.0,318.0,-2.0,2351,45.82931194730546,0.4012289271896634,-1.8310602300112144,2.232289157200878,325.3,323.5405185348338,-0.9327701513551606,-0.2273762734272936,-0.705393877927867,0,1
2454,17490883,5175975746,318.0,318.0,286.5,286.5,-31.5,11466,30.708701187364785,-2.615297799430266,-3.878069565304915,1.2627717658746491,322.8,320.7967764211424,-1.1347978426046383,-0.343523171741417,-0.7912746708632213,0,1
2454,11079895,3194553260,289.0,293.0,284.5,287.5,1.0,7492,31.481573073915307,-4.8690973966461115,-4.905495330016609,0.03639793337049705,320.625,318.3303485380948,-1.4297312818075638,-0.5107652887554739,-0.9189659930520899,0,1
2454,7054528,2061838316,291.0,297.5,287.5,296.0,8.5,4919,37.829299189783235,-5.901343834389081,-4.750193414207662,-1.1511504201814187,319.125,316.6762486463841,-1.7608786486002455,-0.6735301244385243,-1.0873485241617211,0,1
2454,3470565,1037189700,297.5,301.5,296.0,299.5,3.5,2723,40.28257117217343,-6.363629860149047,-4.169983551974102,-2.1936463081749444,318.225,315.4039339318372,-2.0571074611357476,-0.7758071495792211,-1.2813003115565265,0,1
2454,4239176,1252523766,299.5,300.0,291.0,296.0,-3.5,2794,38.64051675563224,-6.932502047167247,-3.791084591193842,-3.1414174559734054,316.725,313.96660549244183,-2.4621895936133624,-0.9447114256454687,-1.5174781679678937,0,1
2454,4712816,1391222720,298.0,299.0,291.0,291.0,-5.0,3074,36.360258841455,-7.698057156116931,-3.6453117601148204,-4.052745396002111,315.175,312.26537545596466,-2.949067070095829,-1.1452711217023481,-1.803795948393481,0,1
2454,4395536,1284612976,291.5,295.5,289.0,289.5,-1.5,3173,35.68000363566625,-8.329782017474997,-3.421629297178309,-4.908152720296688,313.625,310.5790513481154,-3.488324914288055,-1.3476231727156591,-2.140701741572396,0,1
2454,12426779,3496441073,287.5,289.0,276.0,285.0,-4.5,7560,33.646297819694496,-9.088771216345606,-3.3444947968391334,-5.744276419506472,311.40000000000003,308.68430680381056,-4.257706509986335,-1.693603814731151,-2.5641026952551838,0,1
2454,5170946,1476082358,285.0,289.0,280.0,287.5,2.5,3828,35.83444911020005,-9.380414933792963,-2.908910811429192,-6.471504122363771,309.77500000000003,307.11509889241717,-4.830279178452851,-1.8129411865581333,-3.0173379918947174,0,1
2454,5989588,1749073372,289.0,294.0,287.5,294.0,6.5,4090,41.25840275918835,-8.98349288981251,-2.0095910139589908,-6.973901875853519,308.37500000000006,306.1436100855714,-5.115633672525445,-1.6786365445045819,-3.436997128020863,0,1
2454,2430748,709237164,294.0,294.0,288.0,292.5,-1.5,2042,40.409495865244374,-8.689796212735928,-1.372715469505927,-7.317080743230001,306.65000000000003,305.132972301455,-5.459912476261259,-1.6183322785923164,-3.8415801976689425,0,1
2454,2601721,762704811,293.0,296.0,290.0,290.0,-2.5,1929,38.970316206528594,-8.56009316131997,-0.9944099344719746,-7.5656832268479945,304.8,304.0120113902361,-5.838099975130569,-1.597215821969301,-4.240884153161268,0,1
2454,2119223,615744893,292.5,293.5,289.0,290.5,0.5,1466,39.43490492751804,-8.32103700238929,-0.6042830204330354,-7.716753981956254,303.025,303.01112165762606,-5.377350640705625,-0.9091731900354851,-4.46817745067014,0,1
2454,1436728,412953664,291.0,291.5,286.0,287.0,-3.5,1116,37.29469056688448,-8.31811793767281,-0.4810911645732441,-7.8370267730995655,300.85,301.82511264595007,-4.886337495033178,-0.33452803549042986,-4.551809459542748,0,1
2454,6020186,1686626066,287.5,288.0,277.0,280.0,-7.0,3576,33.391441033370896,-8.77944211275053,-0.753932271720771,-8.02550984102976,298.30000000000007,300.208437635139,-4.843727010950692,-0.23353404112635534,-4.610192969824337,0,1
2454,4375518,1225275094,280.0,283.5,276.5,283.0,3.0,3311,36.46067370178116,-8.801511570572075,-0.620801383633852,-8.180710186938223,295.725,298.9337385510546,-4.82647909933889,-0.17302890361164192,-4.653450195727248,0,1
2454,4585851,1306607386,281.0,287.5,281.0,286.0,3.0,3156,39.46463031893753,-8.479184090853096,-0.23877912313189853,-8.240404967721197,293.725,297.9756838435691,-4.605388878272512,0.03844905396378895,-4.643837932236301,0,1
2454,5128493,1499057868,288.5,294.0,287.0,294.0,8.0,3571,46.70104080965589,-7.49184279943961,0.5988497346252704,-8.09069253406488,292.675,297.6811887440454,-4.119490820699811,0.4194776892291925,-4.538968509929004,1,0
2454,2537800,737884500,293.0,293.5,289.0,291.5,-2.5,2170,44.89492357329556,-6.832337881102092,1.006683722370231,-7.839021603472323,291.25,297.22332291115316,-3.6387389702732973,0.7201836317245656,-4.358922601997863,1,0
2454,8197202,2457754182,295.0,302.5,295.0,300.5,9.0,5380,52.0798846036696,-5.519821630198351,1.8553599786191777,-7.375181608817528,290.375,297.46603973254923,-2.832602339181286,1.2210562102532623,-4.053658549434548,1,0
2454,6783498,2045161886,301.0,307.0,298.0,307.0,6.5,4411,56.49209773444274,-3.910074463476576,2.7720857162727626,-6.682160179749339,291.4,298.17225901161964,-1.984126984126989,1.6556252522460473,-3.6397522363730364,1,0
2454,4965501,1497589301,310.0,310.0,297.0,300.0,-7.0,4032,51.04164410340299,-3.1627218460908466,2.815550666926794,-5.97827251301764,292.025,298.30764723298114,-1.375620112215958,1.811305699325663,-3.186925811541621,1,0
2454,4142031,1246085238,304.0,306.0,296.0,298.0,-2.0,3354,49.57007334945967,-2.7006909139955724,2.6220652792176544,-5.322756193213227,292.125,298.2848585490566,-0.8599134650925329,1.8616098771592708,-2.7215233422518037,1,0
2454,5147465,1554053895,297.0,304.0,296.0,304.0,6.0,3812,53.867146522892455,-1.8292912844167404,2.794771927037189,-4.6240632114539295,292.35,298.7082023602376,-0.3211618437955877,1.9202891987649728,-2.2414510425605605,1,0
2454,6851283,2102171284,304.5,311.0,302.0,309.5,5.5,5020,57.44658539402923,-0.6869777138416566,3.1496683980898186,-3.836646111931475,293.02500000000003,299.5075947779978,0.35430839002266284,2.0766075460665787,-1.722299156043916,1,0
2454,3775458,1151503406,309.5,309.5,302.5,306.0,-3.5,2780,54.54617805090366,-0.06337616750687403,3.018615955539681,-3.0819921230465552,293.77500000000003,299.9885136833313,1.051493710691821,2.2190342933885896,-1.1675405826967686,1,0
2454,5579414,1729514122,309.0,311.5,307.0,309.5,3.5,2920,56.89016823120866,0.7051250573138645,3.029693744288336,-2.3245686869744713,294.775,300.6930682253068,1.582843457435227,2.2003072321055965,-0.6174637746703695,1,0
2454,4350414,1356536168,312.0,313.0,308.5,313.0,3.5,3003,59.15832767924103,1.5783938225459337,3.122370007616324,-1.5439761850703904,296.17499999999995,301.60469280121,2.0918776989345127,2.1674731788839057,-0.07559547994939307,1,0
2454,4648847,1447447827,311.0,314.0,309.0,312.0,-1.0,2946,58.21588403642968,2.164819278809887,2.967036371104222,-0.802217092294335,297.4,302.3747155566759,2.611576690703565,2.149737736522366,0.4618389541811985,1,0
2454,5882149,1797448689,308.0,308.0,303.5,306.5,-5.5,3952,53.196293973465224,2.160852678688343,2.3704558167861425,-0.20960313809779943,298.025,302.6802921821073,2.869907617749492,1.9264549308546348,0.9434526868948573,1,0
2454,8801766,2783065628,308.5,321.5,307.0,319.5,13.0,6063,61.619902474524615,3.1701568788359964,2.703808013547037,0.4663488652889598,299.375,303.92619646491414,3.342176782709963,1.9189792766520843,1.4231975060578785,1,0
2454,7447305,2359053990,321.0,321.0,314.0,319.0,-0.5,4572,61.16394456614277,3.8849090940076394,2.7348481829749436,1.1500609110326958,300.82500000000005,305.04277450455015,3.4859230603911118,1.6501804434665865,1.8357426169245252,1,0
2454,5556851,1752790673,317.0,319.0,312.0,319.0,0.0,4000,61.16394456614277,4.400627677472528,2.6004534131518655,1.8001742643206624,302.25,306.0766430597687,3.4277517288628867,1.273607289550689,2.154144439312198,1,0
2454,10574361,3387271687,318.5,323.5,317.0,318.0,-1.0,4831,60.131877610047134,4.674759015771599,2.299667801160749,2.37509121461085,303.80000000000007,306.959854684971,3.4900330455175093,1.0687108849642493,2.42132216055326,1,0
2454,7802626,2419033601,315.0,316.0,307.5,307.5,-10.5,5143,50.49689296401968,3.9986538361965245,1.2988500972685397,2.6998037389279848,305.17500000000007,306.9998654490472,3.48856990962252,0.853798199255408,2.634771710367112,1,0
2454,9112131,2830608640,308.0,317.0,305.5,305.5,-2.0,5628,48.88998305523386,3.263828936686764,0.4512201582070232,2.8126087784797407,306.3,306.8887643046733,3.3783496836114835,0.5948623785954972,2.7834873050159863,0,1
2454,7022277,2129207316,300.5,308.5,300.5,308.0,2.5,4107,50.98945974879922,2.850346990498906,0.030190569615332397,2.8201564208835737,307.4,306.9710780598827,3.13327823341174,0.27983274271660274,2.853445490695137,1,0
2454,4417172,1369854976,314.0,314.0,307.0,308.0,0.0,2971,50.98945974879923,2.4939113119699527,-0.2609960871308967,2.7549073991008495,308.1,307.0472944998914,2.95274341896607,0.0794383426167462,2.873305076349324,0,1
2454,6988505,2106321000,305.5,305.5,298.5,299.0,-9.0,4277,43.524746184672004,1.4682832297951904,-1.0292993354445272,2.4975825652397177,308.475,306.45119861101057,2.5535420098846786,-0.25581045317171647,2.809352463056395,0,1
2454,7830732,2349990830,295.0,304.0,295.0,299.0,0.0,3804,43.52474618467201,0.6479958921392495,-1.4796693384803747,2.127665230619624,308.4,305.89925797315794,2.0140031211776086,-0.6362794735030293,2.650282594680638,0,1
2454,13669201,4221421137,310.0,311.0,306.5,307.0,8.0,6700,50.930380628718765,0.6361126971992803,-1.193242026736275,1.8293547239355554,308.4,305.98079441959067,1.5300546448087307,-0.896182359897526,2.4262370047062567,0,1
2454,5242656,1594570080,304.0,306.5,301.5,304.5,-2.5,3124,48.777792569815574,0.4201231547568227,-1.1273852553429862,1.5475084100998089,308.625,305.87110594406545,1.2010312519650324,-0.9801646021929797,2.181195854158012,0,1
2454,5583969,1665084169,295.0,301.0,295.0,299.0,-5.5,3806,44.337955506618414,-0.19263358823661747,-1.392113598669141,1.1994800104325236,308.675,305.3621351333939,0.4781635172745545,-1.3624258695067664,1.8405893867813208,0,1
2454,11116800,3171040900,290.0,292.0,279.0,286.5,-12.5,7745,36.259950719437754,-1.6676694001176884,-2.2937195284401697,0.6260501283224813,307.8,303.9649399383277,-0.3120941728457214,-1.7221468477016337,1.4100526748559123,0,1
2454,7681256,2221927960,292.5,295.0,284.5,284.5,-2.0,5379,35.15628861656979,-2.963863618541666,-2.871930997491318,-0.09193262105034816,306.55,302.5230925354886,-1.1645702306079924,-2.0596983243711238,0.8951280937631314,0,1
2454,4649916,1329808392,285.0,288.5,283.0,286.0,1.5,3062,36.71216506273363,-3.8259660561269015,-2.987226748061243,-0.8387393080656589,305.55,301.29915975508203,-1.8576859261126442,-2.2022512159006205,0.3445652897879763,0,1
2454,8477304,2361336140,272.5,286.0,270.0,283.0,-3.0,4974,34.9081160504086,-4.697117925390273,-3.0867028938596914,-1.6104150315305819,304.225,299.94366643989076,-2.230929659356654,-2.060395959315704,-0.17053370004094978,0,1
2454,5525043,1582507255,286.5,289.0,283.0,285.0,2.0,3527,37.126315882364196,-5.1665717497375,-2.8449253745655345,-2.3216463751719654,302.82500000000005,298.83672818508404,-2.6076953924734867,-1.9497293539460294,-0.6579660385274572,0,1
2454,11124413,3331870818,293.5,304.5,292.0,304.5,19.5,7132,53.69508417925737,-3.9199435864797465,-1.2786377690462247,-2.6413058174335218,302.45000000000005,299.25622980100377,-2.783753005187919,-1.7006295733283694,-1.0831234318595495,1,0
2454,7652415,2314089330,300.0,306.0,298.5,302.0,-2.5,3770,51.810024122789876,-3.097999087215385,-0.3653546158254901,-2.7326444713898947,302.225,299.45947203796646,-2.923680546766242,-1.472445691925354,-1.4512348548408882,0,1
2454,6895549,2073977032,300.0,302.0,299.5,300.5,-1.5,3816,50.660815764635075,-2.538378763435958,0.15541256636314982,-2.6937913297991076,301.275,299.5365481833023,-2.7717942219969616,-1.0564474937248587,-1.7153467282721029,0,1
2454,3620576,1085968648,304.5,304.5,296.5,296.5,-4.0,2666,47.62698410878433,-2.390090717586702,0.24296048976992468,-2.6330512073566266,300.15,299.31161868824285,-2.723332276139152,-0.8063884382936393,-1.9169438378455128,0,1
2454,9192774,2791847974,302.0,307.0,301.0,301.0,4.5,4571,51.16977280719767,-1.887698764655454,0.5962819541609381,-2.483980718816392,299.25,299.43668397059525,-2.7834222335111534,-0.6931827165325122,-2.090239516978641,1,0
2454,9511203,2840415948,301.0,302.5,294.5,299.5,-1.5,5349,49.956678263738794,-1.5922327187445262,0.7133984000574927,-2.305631118802019,298.325,299.44137404684744,-2.754277717702442,-0.5312305605790404,-2.2230471571234016,1,0
2454,11706432,3550979916,296.0,307.0,296.0,302.5,3.0,5596,52.38783931894699,-1.1032808854098448,0.9618801867137394,-2.0651610721235842,298.075,299.66793893226617,-2.5400161338258678,-0.25357518136197266,-2.286440952463895,1,0
2454,7595028,2270568837,302.5,303.0,295.0,295.0,-7.5,4846,46.32831173005612,-1.3059165614535004,0.6073956085360672,-1.9133121699895677,297.54999999999995,299.32216567802425,-2.162127686714734,0.09945061259932908,-2.261578299314063,0,1
2454,8100162,2427703282,299.0,303.0,296.5,301.0,6.0,4263,51.19208382607971,-0.971161987852895,0.7537201457093383,-1.7248821335622333,297.20000000000005,299.4464497018743,-1.4735967267613066,0.6303852580422051,-2.1039819848035117,1,0
2454,10376719,3152730919,297.5,307.5,297.5,300.0,-1.0,5525,50.37275711129289,-0.7775945927202201,0.7578300326736107,-1.5354246253938308,296.80000000000007,299.4874534276614,-0.8448688370503474,1.0072905182025316,-1.852159355252879,1,0
2454,11617109,3566334106,304.0,309.5,302.5,309.5,9.5,6605,57.35549407976499,0.1407570085115708,1.3409453071243214,-1.2001882986127506,297.32500000000005,300.22912354413097,0.01283285210138245,1.4919937658834093,-1.4791609137820267,1,0
2454,8455746,2622196817,309.5,312.5,307.5,310.5,1.0,4353,58.02500439461264,0.9384312600919316,1.7108956469637457,-0.7724643868718142,297.9,300.9899292075287,0.8188824662813161,1.8384347040506743,-1.0195522377693582,1,0
2454,12539320,3982510120,312.0,322.5,311.5,317.0,6.5,8073,62.18123441219996,2.071213864491426,2.274942601090592,-0.20372873659916613,298.4,302.1758603773414,1.0434708234438659,1.6504184489705793,-0.6069476255267134,1,0
2454,10215713,3261185234,317.0,320.5,317.0,319.0,2.0,5451,63.38266040985788,3.0946621857219156,2.6387127378568653,0.45594944786505026,299.125,303.4220929419828,1.3405054644808443,1.5579624720060463,-0.21745700752520195,1,0
2454,6017705,1896267707,319.0,319.0,313.5,313.5,-5.5,3822,57.93227014168054,3.422495916763239,2.3732371751185513,1.0492587416446881,299.85,304.16860457590997,1.6296580704336179,1.4776920623670557,0.15196600806656205,1,0
2454,8616499,2743713183,313.5,321.0,313.5,318.0,4.5,4645,60.89520217181537,3.9993172625447073,2.3600468167200153,1.639270445824692,301.42500000000007,305.1931523851018,2.0951833152254777,1.5545738457271325,0.5406094694983452,1,0
2454,12301493,3925794781,322.0,322.5,317.0,317.0,-1.0,5719,59.88578993644822,4.325894473484084,2.1492992221275133,2.1765952513565705,303.05000000000007,306.0677336899091,2.3029182341813654,1.4098470117464161,0.8930712224349493,1,0
2454,18084889,6054487648,321.5,344.0,320.5,334.0,17.0,11517,69.22511565619138,5.8885872230977725,2.969593577392961,2.9189936457048113,305.45000000000005,308.13679045361954,2.797350769165634,1.5234236373845478,1.2739271317810863,1,0
2454,16137222,5490746480,335.0,344.0,335.0,342.5,8.5,10246,72.6533892561534,7.723875420395132,3.843905419752256,3.8799700006428757,308.42500000000007,310.68221338298105,3.4314964610717853,1.7260554634325591,1.7054409976392262,0,0
2454,12857200,4371958070,348.0,348.0,335.0,336.0,-6.5,9317,66.54825999057437,8.555239387845802,3.740215509762341,4.815023878083461,310.975,312.5576049842417,4.139652965737152,1.9473695744783406,2.1922833912588118,1,0
2454,5677495,1917408825,339.0,342.0,335.0,336.0,0.0,4026,66.54825999057437,9.109097318038266,3.4352587519638442,5.673838566074422,312.54999999999995,314.2940786891127,4.607063049516508,1.931823726606157,2.6752393229103513,1,0
2454,6414475,2101407300,324.0,334.0,323.0,328.0,-8.0,4629,59.420965754928574,8.801047578809744,2.501767210188257,6.299280368621487,313.85,315.3093321195488,4.82215573838609,1.7175331323805905,3.104622606005499,1,0
2454,11777725,4033222125,328.5,347.5,328.0,347.0,19.0,8240,68.1465222719381,9.975070745182734,2.940632301248997,7.034438443933737,316.17500000000007,317.6567889995822,5.016801698723888,1.5297432741747108,3.487058424549177,1,0
2454,12445408,4238582628,343.0,345.0,334.0,342.5,-4.5,9095,64.60336705058762,10.422239086413015,2.7102405139834227,7.711998572429592,318.475,319.497026851465,5.1396224869999445,1.3220512499606136,3.817571237039331,1,0
2454,6476805,2177788815,338.0,341.5,333.0,333.0,-9.5,4538,57.77408102415561,9.895977939668512,1.7471834937911357,8.148794445877376,320.07500000000005,320.49724708468983,4.9210515606559895,0.8827842588933263,4.038267301762663,1,0
2454,6907204,2319100669,337.5,341.0,331.0,331.0,-2.0,4704,56.42182674134359,9.211346238490705,0.850041434090663,8.361304804400042,321.65,321.2752287821202,4.650762818178123,0.48999641313236797,4.160766405045755,1,0
2454,10060735,3444179400,339.0,346.5,338.5,340.0,9.0,6832,60.86127675980059,9.287929991260341,0.7413001494882394,8.546629841772102,323.525,322.6622488723335,4.895738893925663,0.5879779911039265,4.3077609028217365,1,0
2454,2089136,710858161,343.0,344.0,339.0,340.5,0.5,1595,61.09838137080361,9.281972190823296,0.5882738792409548,8.693698311582342,325.80000000000007,323.9835637706792,4.9963903260738665,0.5509035386017036,4.445486787472163,1,0
2454,3080504,1044401848,343.5,343.5,336.0,336.5,-4.0,2400,58.0676843416067,8.852438618505687,0.12699224553867516,8.725446372967012,327.57500000000005,324.91070719507337,5.0497184617227715,0.48338533940048656,4.566333122322285,1,0
2454,7879106,2591642804,333.5,334.0,326.5,328.0,-8.5,5223,52.14805454996442,7.736964296963379,-0.7907856608029071,8.527749957766286,328.975,325.139543699142,4.499612102404947,-0.05337681593387078,4.5529889183388175,0,1
2454,6833784,2254810529,331.0,333.0,327.5,327.5,-0.5,4442,51.813445046796424,6.734960605761103,-1.4342314816041473,8.16919208736525,329.875,325.3143923140204,3.7834622248661316,-0.6156213547781486,4.39908357964428,0,1
2454,4664776,1533207133,330.0,331.0,326.0,327.0,-0.5,3158,51.457865631136436,5.833277251049822,-1.8687318690523433,7.702009120102165,330.7,325.43925214261145,3.2137563000296416,-0.9482618236917113,4.162018123721353,0,1
2454,9673560,3276658983,330.0,343.0,329.5,339.0,12.0,5731,58.770847194977996,6.01761904150618,-1.3475120628767892,7.365131104382969,331.8,326.4437519838995,2.8456724524737114,-1.0530765369981134,3.898748989471825,1,0
2454,5856142,1956379286,339.5,342.0,330.5,331.5,-7.5,4257,53.36010335932504,5.495178916746852,-1.4959617501088935,6.991140666855745,332.425,326.81828887398103,2.4934846079987247,-1.1242115051784802,3.617696113177205,0,1
2454,4800170,1614479520,335.0,338.0,334.0,336.0,4.5,3074,55.978843491811034,5.382210968097866,-1.2871437590063044,6.66935472710417,333.55,327.4984156240565,1.794391429073223,-1.4586437472831857,3.2530351763564087,1,0
2454,7929952,2709370382,340.0,346.0,338.5,342.0,6.0,4899,59.26316404913128,5.711000057126739,-0.7666837359819452,6.477683793108684,334.75,328.57260705931157,1.2836197689095905,-1.5755323259574547,2.8591520948670452,1,0
2454,5928455,2014076745,345.0,345.0,336.0,340.0,-2.0,4011,57.71736160520403,5.743971564974117,-0.5869697825076541,6.3309413474817715,335.9,329.41908061047366,1.1010488021981975,-1.4064826341350785,2.507531436333276,1,0
2454,29146106,10533810175,345.0,373.0,345.0,362.0,22.0,16649,67.6983092662183,7.459331332490194,0.9027119880067378,6.556619344483456,337.3,331.83248204673487,1.275318829707427,-0.9857700853006792,2.261088915008106,1,0
2454,18316689,6688416165,370.0,374.5,357.5,360.5,-1.5,10726,66.5449148764306,8.5986094257579,1.6335920650195543,6.965017360738345,338.20000000000005,333.95600189512487,1.2794748124330115,-0.7852912820600757,2.0647660944930872,1,0
2454,10760973,3824870968,357.0,362.0,351.0,354.5,-6.0,6048,61.99501874393814,8.914583892839346,1.5596532256808002,7.354930667158546,339.125,335.477779532523,1.215188425687651,-0.679662135044349,1.894850560732,1,0
2454,8170123,2911181595,356.0,363.0,350.5,350.5,-4.0,5658,59.09417263774455,8.74146321727244,1.109226040091115,7.632237177181325,339.85,336.590536604188,1.1341419433213664,-0.6085668939285069,1.7427088372498734,1,0
2454,10638684,3619653249,352.0,354.0,330.0,341.5,-9.0,7539,53.07639031176239,7.788260827956265,0.12481892061995126,7.663441907336313,340.525,336.95420055943333,1.1964258670301189,-0.43702637617580375,1.6334522432059226,1,0
2454,7676548,2592094224,338.5,346.0,334.5,337.0,-4.5,5152,50.3173125369056,6.593720371050949,-0.8557772290282912,7.4494976000792406,340.025,336.9575931105864,1.2003248715624077,-0.34650189731481196,1.5468267688772197,0,1
2454,12585799,4183385670,341.0,344.5,321.0,323.5,-13.5,8400,43.08189925702948,4.505761661269844,-2.354988751047518,6.860750412317362,339.075,335.9607343616541,1.2348480550670273,-0.24958297104815408,1.4844310261151814,0,1
2454,8263068,2754050073,337.0,339.5,325.5,339.5,16.0,6059,51.90835650398614,4.094902140372767,-2.2126786175556763,6.307580757928443,339.4,336.22290218671674,1.281614739988258,-0.1622530289015387,1.4438677688897967,1,0
2454,10585708,3555601220,328.0,341.0,327.0,340.0,0.5,6560,52.1580341972414,3.766224143768227,-2.033085291328174,5.799309435096401,339.85,336.5026872099229,1.444589407604864,0.0005773109720537128,1.4440120966328103,1,0
2454,9126980,3057254740,341.5,343.0,330.0,331.0,-9.0,5643,47.38885612450542,2.747844241656196,-2.441172154752164,5.18901639640836,339.40000000000003,336.0950807499286,1.3791929167376076,-0.0518553439161622,1.4310482606537698,0,1
2454,12988126,4144889072,328.0,329.0,312.0,320.0,-11.0,8795,42.298144465455636,1.0411609081876918,-3.318284390576535,4.359445298764227,338.375,334.90285254623024,0.929765759624277,-0.4010260008235942,1.3307917604478712,0,1
2454,6275448,2029315218,315.0,328.0,315.0,325.5,5.5,4269,45.453332070102036,0.13089720352508039,-3.382838476191317,3.5137356797163974,337.825,334.2063449502132,0.8190964312832008,-0.40935626333173647,1.2284526946149372,0,1
2454,7337344,2353204780,332.0,332.5,317.0,318.5,-7.0,5521,42.28424601218519,-1.142168630082665,-3.72472344783925,2.582554817756585,337.35,333.04291199093814,0.019034566773236433,-0.9675345022733607,0.9865690690465971,0,1
2454,5086816,1649148200,319.0,326.0,319.0,325.0,6.5,3741,46.046012668943504,-1.6080501962416633,-3.352484011198599,1.7444338149569356,337.225,332.44714073235014,-0.7687471422039297,-1.4042529690004215,0.6355058267964918,0,1
2454,4855243,1592056447,325.5,330.5,322.5,328.0,3.0,3478,47.739053120177026,-1.7154155236170254,-2.767879470859169,1.0524639472421435,337.275,332.1177229003242,-1.391271202591975,-1.6214216235107735,0.2301504209187985,0,1
2454,4831038,1591581711,328.0,331.5,326.0,329.5,1.5,2729,48.60741144007664,-1.660326643086421,-2.1702324722628514,0.5099058291764307,336.8,331.92381750030023,-1.7936535195680208,-1.6190431523894553,-0.17461036717856537,0,1
2454,11336872,3655616336,329.5,330.5,317.0,319.5,-10.0,6141,43.42688602375042,-2.395965535626999,-2.3246970918427436,-0.0712684437842553,336.20000000000005,331.0035347225002,-2.1040148428683607,-1.5435235805518364,-0.5604912623165245,0,1
2454,5398227,1733270017,325.0,326.0,318.0,320.0,0.5,3892,43.749698903689804,-2.9051303028809343,-2.2670894872773433,-0.6380408156035912,335.40000000000003,330.18845807638905,-2.341803687095178,-1.425049939822923,-0.9167537472722552,0,1
2454,3768594,1206626462,324.0,324.0,318.5,319.0,-1.0,2769,43.21853870162845,-3.3507137495570873,-2.170138347162797,-1.1805754023942905,334.25,329.35968340406396,-2.352862185389831,-1.1488867504940605,-1.2039754348957705,0,1
2454,3594624,1145588680,320.0,322.0,315.0,319.0,0.0,2657,43.21853870162845,-3.6616328174707746,-1.9848459320611873,-1.6767868854095873,333.20000000000005,328.59229944820737,-2.768976707567651,-1.2520010181375043,-1.5169756894301467,0,1
2454,8766504,2723461981,318.5,318.5,307.0,310.0,-9.0,5677,38.357663410957976,-4.581451086434868,-2.3237313608202244,-2.2577197256146433,330.6,327.2150920816735,-3.328523328523329,-1.4492381112745458,-1.8792852172487833,0,1
2454,5357335,1665111011,311.5,315.0,307.0,313.0,3.0,3646,40.74986181752991,-5.010579917259292,-2.202288153315719,-2.8082917639435734,328.225,326.1621222978458,-3.489067716474653,-1.2878259993806958,-2.201241717093957,0,1
2454,3005338,946411308,315.5,317.0,313.5,314.0,1.0,2250,41.563933240176,-5.209919258591697,-1.9213019957184985,-3.288617262873198,326.20000000000005,325.26122434985723,-3.4439416792358024,-0.994159969713476,-2.4497817095223264,0,1
2454,6695276,2131424596,315.0,322.0,313.0,320.5,6.5,4551,46.69102956641765,-4.7882059874579,-1.1996709796677614,-3.5885350077901386,324.70000000000005,324.9085410646826,-3.3959047674396294,-0.7568984463338424,-2.639006321105787,0,1
2454,6587676,2109013187,323.0,323.0,317.5,320.0,-0.5,3893,46.354114740238444,-4.443123441840726,-0.6836707472404693,-3.7594526946002564,323.625,324.54494543026163,-3.1103730893977675,-0.37709341463358426,-2.733279674764183,0,1
2454,4097555,1316904710,323.0,323.0,318.0,322.0,2.0,2629,47.971352538463634,-3.962581579128255,-0.1625031076223986,-3.800078471505856,322.875,324.35643095394596,-2.9826200346431753,-0.19947228790319338,-2.783147746739982,0,1
2454,4971678,1611594672,322.0,326.5,319.0,324.0,2.0,3328,49.6073745254741,-3.3813868823691564,0.3349532713093599,-3.7163401536785163,322.9,324.3300286610611,-2.6518483764393257,0.10503949624052522,-2.756887872679851,1,0
2454,3884905,1247808195,324.0,325.5,318.5,318.5,-5.5,2888,45.38126654420886,-3.326247027274519,0.312074501123198,-3.638321528397717,321.84999999999997,323.8981746861677,-2.4508359364256247,0.24484154900338106,-2.6956774854290058,0,1
2454,2389488,756471208,319.0,319.5,315.0,315.0,-3.5,1890,42.87793568156587,-3.5243426162770106,0.0911831296965655,-3.615525745973576,320.6,323.23905063534045,-2.1099794726038343,0.4685584102601372,-2.5785378828639716,0,1
2454,5019062,1561375974,312.5,313.5,310.0,310.0,-5.0,3541,39.52375478772281,-4.038242663315657,-0.33817353387366467,-3.7000691294419923,319.55,322.2583802179078,-1.8960353820828655,0.5460020006248849,-2.4420373827077504,0,1
2454,10028970,3115230639,313.0,313.0,308.5,311.5,1.5,4437,41.01450131337151,-4.275192926228442,-0.4600990374291598,-3.8150938887992822,319.125,321.4614631647295,-1.7386198523118668,0.5627340243167072,-2.301353876628574,0,1
2454,3291068,1041189192,313.5,319.0,313.0,319.0,7.5,2601,47.926314480698785,-3.813826973510743,0.0010135322308317818,-3.8148405057415746,318.8,321.2791325599347,-1.5269383440049609,0.6195324260988908,-2.1464707701038517,1,0
2454,9003494,2945547026,319.5,330.5,319.5,329.5,10.5,5632,55.74481721935185,-2.5712886689768197,0.9948414694118042,-3.566130138388624,319.35,321.88808570364324,-1.092307998963516,0.8433302169122685,-1.9356382158757846,1,0
2454,4005678,1309186448,330.5,330.5,324.5,325.0,-4.5,2703,52.132221161200846,-1.9274619213337019,1.3109345736439377,-3.2383964949776396,319.35,322.11859787374374,-0.6090012379697383,1.061309582324837,-1.6703108202945753,1,0
2454,5500800,1822798000,329.5,334.0,327.0,331.0,6.0,3798,56.20733463553037,-0.9224413991479992,1.8527640766637123,-2.7752054758117115,319.5,322.7764795127257,-0.05996641880548256,1.2882755211912744,-1.348241939996757,1,0
2454,3642395,1202086533,331.0,332.0,328.0,331.0,0.0,2542,56.20733463553039,-0.12452000542242558,2.120548376311429,-2.2450683817338546,319.57500000000005,323.38562917844973,0.21288078675940106,1.2488981814049265,-1.0360173946455253,1,0
2454,3846689,1264655512,329.0,330.0,326.5,330.0,-1.0,2277,55.29738131900066,0.42227903530755384,2.133877933633127,-1.711598898325573,320.1,323.8755825726386,0.35237981153169284,1.1107177649417745,-0.7583379534100817,1,0
2454,5830621,1937420550,331.0,334.5,330.5,332.5,2.5,2209,57.16442885203188,1.045300744878773,2.2055197145634766,-1.1602189696847038,320.725,324.51442830799874,0.540594454418517,1.0391459262628788,-0.498551471844362,1,0
2454,3972024,1291982460,329.0,330.5,323.0,324.0,-8.5,2832,49.581974143745825,0.8434482296439683,1.6029337594629376,-0.7594855298189694,320.975,324.4763225074062,0.47445328229969297,0.7784038033152441,-0.30395052101555103,1,0
2454,3639873,1172683566,322.5,326.0,320.5,320.5,-3.5,2847,46.82761961489354,0.3964874472845281,0.9247783816827981,-0.52829093439827,321.05000000000007,324.18178009945024,0.5804212541885974,0.7074974201633187,-0.12707616597472135,0,1
2454,3938428,1253631998,320.0,322.5,315.0,315.0,-5.5,2635,42.80363758748868,-0.3969603160714996,0.10506449466141632,-0.5020248107329159,321.30000000000007,323.5016482402317,0.7371449119021839,0.6913768623015242,0.045768049600659694,0,1
2454,5146049,1623103533,316.0,318.5,312.5,315.0,0.0,2531,42.80363758748868,-1.0140836598283158,-0.4096470792763198,-0.604436580551996,321.4,322.8718965187331,1.0426047107322074,0.7974693289052381,0.24513538182696923,0,1
2454,4698793,1471989209,311.5,318.0,311.0,312.0,-3.0,3143,40.596784037153014,-1.725344585451694,-0.8967264039197583,-0.8286181815319357,321.3,322.0665708506788,1.1466971117253448,0.7212493839187004,0.42544772780664436,0,1
2454,5656714,1756514428,312.0,313.0,309.0,310.0,-2.0,3626,39.147703413910115,-2.422482409396423,-1.27509138229159,-1.147391027104833,320.77500000000003,321.1727507876655,1.0337705049532577,0.4866582217172907,0.5471122832359671,0,1
2454,3846807,1200868205,312.0,313.5,310.5,312.0,2.0,2384,41.40028787418114,-2.7815222155139168,-1.307304950727267,-1.4742172647866498,320.375,320.49328776635696,0.66233140655105,0.09217529865206642,0.5701561078989836,0,1
2454,3055482,946277366,310.0,311.0,308.0,310.5,-1.5,1953,40.198413782098015,-3.1507810697026457,-1.3412510439327965,-1.8095300257698492,319.8,319.7530442281083,0.38675587165730824,-0.14672018899334033,0.5334760606506486,0,1
2454,2955202,914297120,307.0,311.0,307.0,310.0,-0.5,1758,39.78381741312122,-3.4440661427029227,-1.3076288935464588,-2.136437249156464,319.1,319.0305965075077,-0.16173427360216977,-0.5561682674022547,0.3944339938000849,0,1
2454,10965073,3273899254,305.0,305.5,293.0,296.5,-13.5,7162,30.6054767244854,-4.711522354965723,-2.060068084647407,-2.651454270318316,318.0,317.3616634328775,-0.8656439988726561,-1.0080623941381928,0.14241839526553673,0,1
2454,6511777,1938129379,297.0,302.0,296.0,296.5,0.0,4582,30.6054767244854,-5.650851041439864,-2.3995174168972384,-3.251333624542626,317.07500000000005,315.81635503044214,-1.5342250196695515,-1.3413147319480705,-0.19291028772148094,0,1
2454,4398790,1299489420,295.0,299.0,292.0,297.0,0.5,3321,31.28641218176425,-6.282509117265022,-2.4249403941779164,-3.8575687230871054,316.425,314.4225509541131,-2.187019503115644,-1.5952873723153305,-0.5917321308003136,0,1
2454,4915252,1475236967,298.5,302.0,298.5,300.0,3.0,3372,35.38336554577938,-6.466486138298819,-2.0871339321693707,-4.3793522061294485,315.85,313.354213846401,-2.5817311592439536,-1.591999222754912,-0.9897319364890416,0,1
2454,5740591,1760190346,301.0,312.5,301.0,305.0,5.0,4377,41.62994060898577,-6.138075130410186,-1.4069783394245903,-4.731096790985596,315.15,312.7353831911121,-2.7892939885379953,-1.4396496416391629,-1.3496443468988324,0,1
2454,3870712,1184177660,305.0,309.0,303.0,304.5,-0.5,2872,41.20100693490898,-5.8507095244528955,-0.8956901867738392,-4.955019337679056,313.9,312.1253548065853,-2.835665831449013,-1.1888171876401443,-1.6468486438088685,0,1
2454,3724168,1123543900,303.5,306.5,297.0,298.0,-6.5,2668,36.00703344153998,-6.077409297284589,-0.8979119676844265,-5.179497329600163,312.55,311.0790322283197,-3.0429277457828037,-1.116863281579148,-1.9260644642036557,0,1
2454,9900612,2836080144,295.0,295.0,280.5,281.5,-16.5,6996,26.778488530728048,-7.502004170046973,-1.8580054723574477,-5.643998697689526,310.075,308.88799280399974,-3.456372398236459,-1.2242463472262424,-2.2321260510102165,0,1
2454,9758208,2784490196,282.0,288.0,282.0,285.0,3.5,5676,30.828373247798304,-8.253444549902952,-2.0875566817707405,-6.165887868132211,307.775,307.1185118555553,-3.827008125064296,-1.2759056592432634,-2.5511024658210326,0,1
2454,7374647,2027096778,278.0,279.5,271.0,272.5,0.0,4583,25.420621076006675,-9.74527453924992,-2.8635093368941664,-6.881765202355753,304.9,304.5541776440327,-4.423223992889793,-1.4976972216550077,-2.925526771234785,0,1
2454,4904871,1362518190,274.5,280.0,274.0,280.0,7.5,3345,33.013231757386755,-10.204739350969078,-2.658379318890659,-7.546360032078419,302.275,302.73534967040064,-4.782229422393928,-1.4853621209273142,-3.2968673014666137,0,1
2454,3684846,1015965751,277.0,278.5,273.5,276.0,-4.0,2643,31.189487175903064,-10.76751389746164,-2.5769230923065773,-8.190590805155063,299.875,300.7549533985191,-5.067327395140736,-1.4163680749392977,-3.650959320201438,0,1
2454,4540240,1279941160,276.0,285.0,276.0,283.0,7.0,3322,37.677931268207686,-10.527322856708338,-1.8693856412426193,-8.657937215465719,298.0,299.43977166529544,-4.933366965149041,-1.025926115958082,-3.907440849190959,0,1
2454,3578038,1018138368,281.5,286.0,281.0,285.0,2.0,2540,39.43513912070363,-10.059625342081631,-1.1213505012927296,-8.938274840788901,296.5,298.3701589493476,-4.694701678717936,-0.6298086636215814,-4.064893015096355,0,1
2454,1934940,550236400,285.0,286.5,282.5,282.5,-2.5,1365,37.99308829457852,-9.777986259771978,-0.6717691351864605,-9.106217124585518,294.875,297.1945916197663,-4.505711915246671,-0.3526551201202528,-4.153056795126418,0,1
2454,3209658,916487509,283.0,287.5,283.0,285.5,3.0,2274,40.791103601956245,-9.206582576939411,-0.08029236188311373,-9.126290215056297,293.55,296.3283255738577,-4.363500213949529,-0.16835473505848864,-4.195145478891041,0,1
2454,5334897,1517803064,287.0,288.5,281.0,281.0,-4.5,4014,38.01973071705112,-9.012957667860462,0.09066603775666948,-9.103623705617132,292.1,295.19289404986824,-4.399000667657407,-0.16308415101309226,-4.2359165166443145,0,1
2454,3739955,1059742140,283.5,284.5,281.5,284.0,3.0,1731,40.90238706598066,-8.519229232908458,0.4675155781669389,-8.986744811075397,290.70000000000005,294.36379078691505,-4.47922755515145,-0.19464883080570772,-4.284578724345742,0,1
2454,4735839,1332397609,282.0,284.0,280.0,280.0,-4.0,2255,38.34182330662299,-8.354408046175024,0.5058694119202993,-8.860277458095323,289.17500000000007,293.2998062841806,-4.4833289805867595,-0.15900020499281364,-4.324328775593946,0,1
2454,10295269,2807183937,278.5,278.5,271.0,271.5,-8.5,6856,33.537219206754756,-8.808130386527182,0.04171765725451415,-8.849848043781696,287.25,291.68500581868574,-4.2222076301792715,0.08169691633173937,-4.303904546511011,0,1
2454,18771099,4861250740,270.0,270.0,254.0,255.0,-16.5,12278,26.575506482516413,-10.379472614591975,-1.2236996566482237,-9.155772957943752,285.17500000000007,288.9675979802646,-4.321927328082604,-0.014418225257274209,-4.30750910282533,0,1
2454,8034621,2091192065,255.0,264.0,254.0,262.5,7.5,5721,33.34822138370352,-10.894006011342526,-1.3905864427190195,-9.503419568623507,283.475,287.0070351669117,-3.9795691761048437,0.2623519413763895,-4.241921117481233,0,1
2454,6743232,1761316480,259.0,263.0,259.0,263.0,0.5,4108,33.786712110073154,-11.133096210946633,-1.3037413138585006,-9.829354897088132,281.775,285.228736265659,-3.8683293108071752,0.2988734453392463,-4.1672027561464215,0,1
2454,8246218,2211411430,263.0,271.5,263.0,267.5,4.5,4487,37.75566285220905,-10.834570342135635,-0.8041723560380021,-10.030397986097633,280.15,283.91549654227686,-3.539713585575868,0.501991336456443,-4.041704922032311,0,1
2454,6557869,1712969223,263.5,265.0,258.5,260.0,-7.5,4464,34.08818220528294,-11.07550226438184,-0.8360834226273646,-10.239418841754475,277.9,282.14397827988597,-3.5549368463941478,0.38941446051053097,-3.9443513069046787,0,1
2454,13736789,3475740444,256.0,257.0,250.0,254.0,-6.0,7555,31.45573181589332,-11.616682519539097,-1.1018109422276972,-10.5148715773114,275.375,280.0592391480426,-3.7350029651932104,0.16747867336917466,-3.902481638562385,0,1
2454,16149338,4377632250,265.0,277.5,265.0,275.0,21.0,10555,46.909265806669524,-10.23308662235985,0.22542796396124132,-10.45851458632109,274.225,279.684480692632,-3.673964266922894,0.18281389731159337,-3.856778164234487,1,0
2454,9306991,2538540211,276.0,277.0,269.0,269.0,-6.0,5612,43.86625256938391,-9.511088849671182,0.7579405893199276,-10.26902943899111,273.6,278.893037678363,-3.801552310094634,0.04418068331188252,-3.8457329934065165,0,1
2454,6376440,1737968101,272.0,274.0,271.0,274.0,5.0,2818,46.95439988948485,-8.438172203266447,1.4646857885797306,-9.902857991846178,273.05,278.5305904429287,-3.7053674268601986,0.11229245323705461,-3.817659880097253,1,0
2454,2324777,633361621,273.5,274.0,270.0,273.0,-1.0,1591,46.40454364810121,-7.5811785663024125,1.8573435404350125,-9.438522106737425,273.07500000000005,278.1209170767859,-3.675314465408837,0.11387633175073297,-3.78919079715957,0,1
2454,5438603,1500245558,273.0,278.0,271.5,275.5,2.5,3378,48.04265897670632,-6.623919408381255,2.251682158684936,-8.875601567066191,272.85,277.926775071098,-3.4152910310882247,0.29911981285707645,-3.714410843945301,1,0
2454,4605097,1276059906,277.0,278.0,275.0,277.5,2.0,3015,49.3757200014103,-5.638899619031292,2.5893615584279193,-8.228261177459212,272.925,277.89516210286854,-2.8688620103008877,0.6764390669155311,-3.545301077216419,1,0
2454,3355805,922400769,276.0,276.5,272.0,275.0,-2.5,2282,47.727311737473634,-5.00232970294195,2.5807451796138103,-7.58307488255576,272.525,277.6807056508042,-1.947581305089898,1.2781758177012168,-3.225757122791115,1,0
2454,2071377,569773832,272.5,276.5,272.5,274.5,-0.5,1461,47.38657314624097,-4.486472022781413,2.4772822878194773,-6.963754310600891,272.0,277.44509782481873,-1.486110135973246,1.391717589454295,-2.877827725427541,1,0
2454,5137482,1352335230,265.0,268.5,258.0,263.5,-11.0,3965,40.530928919273705,-4.908675013849006,1.644063437401508,-6.552738451250514,271.04999999999995,276.4121276155729,-1.172535211267612,1.3642340113279434,-2.5367692225955554,0,1
2454,2505500,664664243,263.5,267.0,263.5,265.0,1.5,1979,41.76812071731361,-5.06386339700623,1.1911000433954273,-6.254963440401657,270.025,275.56678482923417,-1.144401362942092,1.1138942877227709,-2.258295650664863,0,1
2454,2362251,617604011,263.5,264.0,260.0,260.0,-5.0,2068,38.865604014751646,-5.526602290966991,0.5826889195477332,-6.109291210514725,268.975,274.4136896566983,-0.8648521267821736,1.1147548191061514,-1.979606945888325,0,1
2454,12955116,3228868120,250.0,253.0,246.0,247.5,-12.5,8579,32.74018724616405,-6.823316782919505,-0.5712204579238245,-6.252096324995681,267.15000000000003,272.4200830154614,-0.6636854060193008,1.0527372318952195,-1.7164226379145202,0,1
2454,7904316,1959972699,250.5,252.5,246.0,247.0,-0.5,5696,32.51940836303782,-7.8013886295157135,-1.239433843616026,-6.561954785899688,265.50000000000006,270.537113903205,-1.0190734398782517,0.5578793584290149,-1.5769527983072666,0,1
2454,5129423,1264730904,249.5,249.5,244.0,247.0,0.0,3526,32.51940836303782,-8.478779522096602,-1.533459788957531,-6.945319733139071,264.27500000000003,268.7936239844491,-1.1633189861310513,0.3309070497409723,-1.4942260358720236,0,1
2454,3896372,958080284,246.0,247.0,245.0,245.5,-1.5,2837,31.773925159437596,-9.032532733980759,-1.6697704006733503,-7.362762333307408,263.8,267.06817035597135,-1.52651569787011,-0.025831729598469133,-1.5006839682716409,0,1
2454,6912322,1708406356,247.0,249.5,244.0,247.5,2.0,3807,33.948146024796316,-9.203905959998508,-1.4729149013528797,-7.730991058645628,263.05,265.618676255529,-1.785109983079528,-0.2275408118463096,-1.5575691712332185,0,1
2454,5206562,1308206310,248.0,253.0,248.0,253.0,5.5,3115,39.644386541812416,-8.79453847656518,-0.8508379343356403,-7.943700542229539,262.55,264.6839594958602,-2.0945585165768605,-0.42959147627491356,-1.664967040301947,0,1
2454,2873118,716841736,253.0,253.0,247.0,250.0,-3.0,2104,37.732918871732885,-8.612902545367376,-0.5353616025102692,-8.077540942857107,261.675,263.5962587924632,-2.4793892384994582,-0.6515377585580089,-1.8278514799414494,0,1
2454,3303194,816104824,248.5,249.0,245.5,247.5,-2.5,2334,36.167926228045765,-8.571872655735291,-0.39546537030254747,-8.176407285432743,261.05,262.4039433263548,-2.889493419601505,-0.8493135517280446,-2.0401798678734604,0,1
2454,10744025,2710160475,247.5,256.0,247.5,252.0,4.5,5662,40.91803969293844,-8.083067213365581,0.0746720576537303,-8.157739271019311,260.95000000000005,261.63328085773594,-3.329154991889107,-1.0311800992125169,-2.29797489267659,0,1
2454,5486321,1400257676,254.5,256.5,253.0,256.0,4.0,3437,44.84690448442241,-7.28889694127119,0.6950738637984974,-7.983970805069688,260.0,261.21600079419994,-3.583013860218233,-1.0280311740333143,-2.5549826861849185,0,1
2454,4274480,1097281860,257.0,258.5,255.0,256.0,0.0,2868,44.84690448442242,-6.583619412521784,1.120281114038323,-7.7039005265601075,259.35,260.82963036499996,-3.7783189432514286,-0.9786690056532081,-2.7996499375982205,0,1
2454,6027520,1514129310,255.0,255.0,248.5,251.5,-4.5,2967,41.26650288728576,-6.314998905239236,1.1111212970566982,-7.426120202295934,258.225,260.1385466342592,-3.886999802877998,-0.869879892223822,-3.017119910654176,0,1
2454,3759530,941178520,252.5,253.0,249.0,249.5,-2.0,1911,39.74765949373472,-6.192119602892632,0.9872004795226417,-7.179320082415273,257.05,259.3505061428326,-3.566310900286594,-0.4393527917059341,-3.1269581085806597,0,1
2454,4155461,1052235516,250.0,255.0,250.0,253.5,4.0,2455,44.173260652172516,-5.706192860565324,1.1785017774799602,-6.884694638045284,255.95,258.9171353174376,-3.2643371169968067,-0.10990320673291754,-3.154433910263889,0,1
2454,5658310,1438867385,253.5,256.0,252.0,254.0,0.5,2232,44.71985136564088,-5.220567146655725,1.331301993111647,-6.551869139767372,254.77500000000003,258.5529030717015,-3.039295694537185,0.09211057258136357,-3.1314062671185487,0,1
2454,4832939,1231300865,252.5,257.0,250.0,255.0,1.0,2826,45.86152168264103,-4.700825437505415,1.480834961809566,-6.181660399314981,253.77500000000003,258.2897250663903,-2.4443783019570073,0.5496223721292335,-2.994000674086241,1,0
2454,6905361,1723106209,253.0,254.5,245.5,248.0,-7.0,4315,39.68331816943511,-4.798454292871895,1.1065648851544694,-5.905019178026365,252.45000000000002,257.52752320962065,-2.12236570376454,0.6973079762573611,-2.819673680021901,0,1
2454,8970148,2193348260,249.0,251.0,238.0,242.5,-5.5,4666,35.62271878117185,-5.259007335761623,0.5168094738117937,-5.775816809573417,251.40000000000003,256.41437334224133,-2.001149942502883,0.6548189900152144,-2.6559689325180975,0,1
2454,5581726,1359517395,246.0,247.0,241.0,244.0,1.5,3612,37.50103304982016,-5.440249664683648,0.2684537159118152,-5.7087033805954635,250.35000000000002,255.49479013170495,-1.7688560811489604,0.7096902810953098,-2.4785463622442703,0,1
2454,3333026,812170844,246.5,246.5,242.0,244.0,0.0,2629,37.50103304982015,-5.5202514931589235,0.15076150994923232,-5.671013003108156,249.55,254.6433241960231,-1.415272837357168,0.8506188199096818,-2.2658916572668497,0,1
2454,3492346,851245237,245.5,245.5,242.0,242.0,-2.0,2298,35.88212606424436,-5.679566299022355,-0.006842636731358986,-5.672723662290996,249.275,253.70678166298433,-1.212397910008637,0.8427949978065703,-2.0551929078152074,0,1
2454,3522752,862165992,244.5,246.5,243.0,245.5,3.5,2656,40.70616637318549,-5.460458909895152,0.16981180191667544,-5.630270711811828,249.20000000000002,253.09887191017066,-1.1146780809702281,0.7524118614759834,-1.8670899424462115,0,1
2454,1762951,429209215,244.0,245.0,242.0,243.5,-2.0,1396,38.90488092773339,-5.3861102841129025,0.19532834215914008,-5.581438626272043,249.02500000000003,252.38784436126912,-1.0598264342216557,0.6458108065796448,-1.7056372408013005,0,1
2454,3198033,783025835,243.0,246.5,243.0,244.5,1.0,2424,40.3267407523793,-5.186707682327835,0.3157847551553665,-5.502492437483202,248.97500000000002,251.80355959376772,-1.003876864617853,0.5614083009467581,-1.5652851655646112,0,1
2454,3748889,919652194,246.5,248.5,243.0,245.0,0.5,2533,41.065284367086285,-4.931486752925537,0.4568045476461329,-5.3882913005716695,248.85000000000002,251.2995922164516,-0.848592546807816,0.5733540950054362,-1.4219466418132523,0,1
2454,5312721,1274677040,243.5,245.0,237.5,238.0,-7.0,3910,34.60755268023457,-5.233732614471592,0.12364694888006245,-5.357379563351654,248.10000000000002,250.3144372374552,-1.0310876812156033,0.31268716847811917,-1.3437748496937225,0,1
2454,5338227,1294611062,241.5,244.0,240.5,243.0,5.0,2505,41.66417905529083,-5.012030852270101,0.2762789688652427,-5.288309821135344,247.75,249.77262707171778,-1.3317817429532135,0.00959448539240726,-1.3413762283456208,0,1
2454,2855605,693998865,241.0,244.0,241.0,243.5,0.5,1558,42.33432835865437,-4.741329689835652,0.4375841050397531,-5.178913794875405,247.55,249.30798802936832,-1.6649848637739884,-0.2588869083426941,-1.4060979554312942,0,1
2454,3087089,749582127,244.5,245.0,241.0,241.5,-2.0,1835,40.33816066492679,-4.634753796876083,0.43532799839945735,-5.070081795275541,247.02500000000003,248.72961854571142,-1.7997721151854265,-0.3149393278033057,-1.4848327873821208,0,1
2454,2935735,706952870,241.0,242.0,239.0,241.5,0.0,1994,40.33816066492678,-4.498436458553044,0.45731626937799774,-4.955752727931042,246.3,248.1940912460291,-1.7723880597014934,-0.230044217855498,-1.5423438418459954,0,1
2454,6198255,1519371850,244.5,246.5,243.0,246.5,5.0,3249,47.513774608681985,-3.9415104931027543,0.8113937878626301,-4.752904280965384,245.82500000000002,248.0686030055825,-1.6728865391592969,-0.10443415785064114,-1.5684523813086557,1,0
2454,5081741,1270421189,248.5,252.0,248.5,250.0,3.5,2871,51.87690969004333,-3.1810527082843976,1.2574812581447894,-4.438533966429187,245.75,248.21166944961342,-1.424756274631825,0.11495688534146464,-1.5397131599732896,1,0
2454,12269236,3011263156,250.0,251.0,243.0,245.0,-5.0,4045,45.99461294532117,-2.947861535469059,1.1925379447681026,-4.1403994802371615,245.525,247.97376800890132,-1.246821319217407,0.23431347260470625,-1.4811347918221132,0,1
2454,4459111,1085211970,245.5,246.5,241.0,246.0,1.0,2092,47.28210793600424,-2.6517959552237755,1.1908828200107089,-3.8426787752344844,245.15,247.8275629712049,-1.2068831269952487,0.21940133186149158,-1.4262844588567403,1,0
2454,5522030,1342928452,248.0,248.0,242.0,242.0,-4.0,2860,42.87864640409824,-2.7087041649435832,0.9071796882327212,-3.6158838531763045,244.55,247.39589164000455,-1.103485923730805,0.2582388281007484,-1.3617247518315534,0,1
2454,9432507,2229811886,240.0,241.0,232.5,234.5,-7.5,5325,36.091486228585026,-3.3207125438984804,0.23613704742225972,-3.55684959132074,243.525,246.44064040741162,-1.1098069900886973,0.2015342093942849,-1.3113411994829822,0,1
2454,7119698,1665116439,234.5,235.5,232.5,233.5,-1.0,2975,35.28941143780488,-3.8421354898728453,-0.22822871884168405,-3.613906771031161,242.8,245.48207445130706,-1.1516817170527636,0.1277275859441751,-1.2794093029969387,0,1
2454,6597219,1520567020,234.0,234.5,228.5,228.5,-5.0,3123,31.517848560698226,-4.605733120025178,-0.7934610791952132,-3.812272040829965,242.10000000000002,244.2241430104695,-1.1177660440802033,0.12931460713338838,-1.2470806512135917,0,1
2454,18592317,3875921696,207.5,210.5,207.0,210.5,-18.0,9016,22.284382974449407,-6.587403820343667,-2.2201054236109616,-4.367298396732705,240.425,241.72605834302732,-1.6229217878571713,-0.3006729093148637,-1.3222488785423077,0,1
2454,7413236,1608345392,210.0,221.0,210.0,220.0,9.5,4611,33.37774710679008,-7.307089938025172,-2.3518332330339726,-4.955256704991199,239.225,240.11672068798825,-1.909279336734692,-0.4696243665539075,-1.4396549701807846,0,1
2454,7507028,1664516555,218.5,226.5,216.0,221.0,1.0,4284,34.43862187744385,-7.70790282295485,-2.2021168943709206,-5.505785928583929,238.17499999999998,238.70066730369282,-2.1023668322915,-0.5301694896885725,-1.5721973426029276,0,1
2454,3703987,830340588,222.5,227.0,222.0,222.0,1.0,2393,35.5439548986362,-7.854318583820486,-1.8788261241892457,-5.975492459631241,237.0,237.4635808367526,-2.2625953378450947,-0.5523183961937335,-1.7102769416513612,0,1
2454,3778048,850015371,225.5,226.5,224.0,224.5,2.5,2040,38.34264402023782,-7.680093683258576,-1.3636809789018685,-6.316412704356708,236.05,236.50331558958575,-2.662083838792302,-0.7614455177127524,-1.9006383210795494,0,1
2454,2588243,583793147,225.0,227.0,224.0,225.0,0.5,1833,38.91392257648072,-7.416184217766954,-0.8798172107281967,-6.536367007038757,235.07500000000002,235.65121813850533,-3.2643957826439807,-1.0910059692515448,-2.173389813392436,0,1
2454,3881788,857651300,221.5,222.5,218.5,222.5,-2.5,2531,37.064744549109086,-7.324332822093822,-0.630372652044052,-6.69396017004977,233.95000000000002,234.67705383194937,-3.7193782046065103,-1.2367907129712594,-2.482587491635251,0,1
2454,2304109,510839198,220.5,224.0,220.0,221.5,-1.0,1623,36.32124767465347,-7.248673377368789,-0.443770565855214,-6.804902811513575,233.125,233.70097577032348,-4.232696182540992,-1.400086952724593,-2.832609229816399,0,1
2454,3750442,813843972,220.0,222.0,214.0,214.0,-7.5,2876,31.257035744420904,-7.705080668511641,-0.7201422855984525,-6.984938382913189,231.675,232.241644231781,-4.788281634662737,-1.5645379238770705,-3.2237437107856666,0,1
2454,5893975,1241584625,212.0,216.0,206.0,214.0,0.0,4332,31.257035744420904,-7.9748575414183165,-0.7919353268041016,-7.182922214614215,230.2,230.89041132572316,-5.026258626852544,-1.442011932853502,-3.5842466939990425,0,1
2454,7491358,1570280845,207.5,212.0,206.0,210.0,-4.0,5052,28.775386630112678,-8.414427939947274,-0.9852045802664469,-7.429223359680827,228.625,229.34297344974368,-5.343120990931227,-1.4070994375457473,-3.9360215533854794,0,1
2454,8769095,1790204285,212.0,213.5,200.5,202.0,-8.0,5995,24.573252518361375,-9.301106423809586,-1.497506451303006,-7.803599972506579,226.65,227.31756800902193,-5.630273160137006,-1.3554012854012205,-4.274871874735785,0,1
2454,7244609,1473119608,206.0,208.0,199.5,208.0,6.0,4067,32.53114435758608,-9.411169550211014,-1.2860556621635464,-8.125113888047467,224.72500000000002,225.88663704539067,-5.13434759463172,-0.6875805759167477,-4.446767018714972,0,1
2454,5275023,1099501150,209.0,212.0,206.0,207.0,-1.0,2550,31.926558217163922,-9.469923628728225,-1.0758477925446055,-8.39407583618362,222.57500000000002,224.48762689388025,-5.113364314885245,-0.5332778369362181,-4.580086477949027,0,1
2454,10262937,2247970325,212.0,227.5,211.0,227.5,20.5,6203,51.73109980362824,-7.772709033506914,0.49709344214136486,-8.269802475648278,221.70000000000002,224.7107656424817,-4.6255506607929515,-0.03637134627513916,-4.589179314517812,1,0
2454,9447080,2116661855,227.0,229.0,218.5,223.5,-4.0,6223,48.75080199449832,-6.673492937153952,1.2770476307954617,-7.950540567949414,220.57500000000002,224.62107929859417,-4.246004760285615,0.27453964338575787,-4.520544403671373,1,0
2454,7310536,1662872172,226.5,230.5,224.5,227.5,4.0,4944,51.74470424702522,-5.4171442242033265,2.0267170749968706,-7.443861299200197,219.85000000000002,224.8343326838835,-3.9067825494205928,0.491009483400624,-4.397792032821217,1,0
2454,4237811,962584530,225.5,230.0,224.0,230.0,2.5,2890,53.570326309982946,-4.171661395262447,2.6177599231502002,-6.789421318412647,219.625,225.21697470729953,-3.5331113577506517,0.6917445400564524,-4.224855897807104,1,0
2454,5869560,1362477300,233.5,238.0,226.5,230.0,0.0,3897,53.570326309982946,-3.1483154592516485,2.9128846873287992,-6.061200146580448,219.45,225.5712728771292,-2.982305936073075,0.9940399693872237,-3.9763459054602985,1,0
2454,3698354,864450190,230.0,236.0,230.0,235.0,5.0,2526,57.31600338625285,-1.911810062556583,3.319512067219092,-5.231322129775675,219.775,226.26969710845296,-2.2303290414878476,1.3968134911779608,-3.6271425326658084,1,0
2454,3951731,930600285,239.0,240.0,233.0,235.0,0.0,2436,57.31600338625285,-0.9212510188489773,3.448056888741358,-4.369307907590335,221.0,226.91638621153052,-1.2797363141301303,1.8779249748285427,-3.157661288958673,1,0
2454,4588760,1051158040,234.5,234.5,226.5,228.5,-6.5,3007,51.10054768443815,-0.653191927410262,2.972892784144059,-3.626084711554321,221.425,227.03369093660234,-0.4398447606727145,2.174253222628767,-2.6140979833014817,1,0
2454,5490588,1278727842,228.0,235.5,227.0,234.5,6.0,3026,55.85896141838325,0.04290214055350816,2.9351894816862636,-2.8922873411327554,222.10000000000002,227.5867508672244,0.6059297639608409,2.5760221978098583,-1.9700924338490173,1,0
2454,4337995,996457340,227.5,234.0,226.5,231.0,-3.5,3002,52.640979186619774,0.30858379333935204,2.560696907577686,-2.252113114238334,222.55,227.83958413631888,1.7526426452374635,2.978188063269185,-1.2255454180317213,1,0
2454,2607260,602412800,231.0,233.0,229.0,230.0,-1.0,1885,51.72412436872397,0.4334502302132819,2.1484506755612927,-1.7150004453480108,222.82500000000002,227.999614941036,2.6384806040693896,3.0912208176808886,-0.4527402136114992,1,0
2454,3910993,905920872,231.5,235.0,229.5,231.5,1.5,1955,53.045214403542474,0.6459985755679156,1.8887992167327412,-1.2428006411648256,223.15000000000003,228.25890272318148,3.502707685217178,3.164358319062942,0.33834936615423633,1,0
2454,8593017,1918466774,225.0,228.0,220.0,220.0,-11.5,6060,43.26900620331446,-0.11221566753678758,0.9044679789024304,-1.016683646439218,223.02500000000003,227.64713215109396,3.0526557961636787,2.1714451440075537,0.8812106521561249,0,1
2454,4529006,1003762163,222.0,225.0,220.0,223.5,3.5,2503,46.50067905512043,-0.4257770754674084,0.4727252567774477,-0.8985023322448561,223.12500000000003,227.33993717693886,2.9904581249640616,1.6873979782463493,1.3030601467177123,1,0
2454,4366250,972768000,222.5,225.5,220.5,225.0,1.5,2022,47.871221361877815,-0.5469345651513038,0.28125421367484194,-0.8281887788261457,223.675,227.1666084971656,2.8261244184042535,1.218451417349233,1.6076730010550206,1,0
2454,3605281,802149444,223.0,224.5,220.0,223.0,-2.0,2712,46.17276844802306,-0.7951698113121779,0.026415174011174325,-0.8215849853233522,224.125,226.8579708307089,2.547093958189739,0.7515367657077745,1.7955571924819644,0,1
2454,2429076,541747727,223.5,225.0,222.0,222.5,-0.5,1730,45.73588979130364,-1.0204803909389284,-0.15911632449246094,-0.8613640664464675,224.75,226.5351581765823,2.3023669998850766,0.4054478459224897,1.896919153962587,0,1
2454,1501480,334604275,224.0,224.0,222.0,222.0,-0.5,1261,45.27455754573693,-1.225262407558887,-0.29111867288993554,-0.9341437346689514,225.75,226.1992205338725,1.869575214117364,-0.02187515187617839,1.8914503659935424,0,1
2454,5138404,1166405306,224.0,230.5,223.0,228.0,6.0,2826,51.58554935364862,-0.8931085754798289,0.03282812735129803,-0.925936702831127,226.75,226.3326116054375,1.5117581187010078,-0.3037537978340277,1.8155119165350355,1,0
2454,3222824,738320668,228.0,232.0,225.0,232.0,4.0,2446,55.28750069163283,-0.30360789706483615,0.49786304461303266,-0.8014709416778688,228.0,226.75241815318287,1.458870736600738,-0.285312943947438,1.744183680548176,1,0
2454,4001176,937372036,232.0,236.5,231.0,236.5,4.5,2995,59.078426043398366,0.5206858868450865,1.0577254628183643,-0.5370395759732778,228.45,227.4744612529471,1.1420413990007034,-0.48171382523797823,1.6237552242386817,1,0
2454,4823111,1136152863,240.0,241.5,231.5,231.5,-5.0,3555,53.636883874928984,0.7617059638475041,1.0389964318566256,-0.27729046800912144,228.85000000000002,227.77264930828434,0.8582408198121195,-0.6124115235412498,1.4706523433533694,1,0
2454,6754593,1595072968,233.0,238.0,231.0,237.5,6.0,3418,58.56850411010329,1.4204914262984119,1.3582255154460265,0.06226591085238523,229.35000000000002,228.493193803967,0.6629834254143646,-0.646135134351204,1.3091185597655686,1,0
2454,7644178,1873734039,243.0,247.0,242.5,245.5,8.0,4199,64.05811188741252,2.558622584329214,1.997085338781463,0.5615372455477511,230.125,229.75295722589536,0.4359320508493804,-0.6985492071329504,1.134481257982331,1,0
2454,10166331,2544509507,248.0,252.5,245.0,252.0,6.5,6078,67.79216343475788,3.939681211454996,2.702515172725796,1.2371660387292,231.22500000000002,231.4008863202735,0.8570630932439904,-0.22193453179067246,1.078997625034663,1,0
2454,4879496,1197233303,246.5,247.0,244.0,244.5,-7.5,3190,60.04111011225427,4.37851995109537,2.5130831298929364,1.8654368212024341,231.70000000000002,232.37119103729026,0.9848800110972257,-0.0752940911499499,1.0601741022471756,1,0
2454,8345167,1949126791,239.0,239.5,229.0,229.5,-15.0,5200,48.176989171611254,3.4758606166130903,1.2883390363285248,2.1875215802845656,231.425,232.1585102197132,1.1135147128157978,0.042672488454897683,1.0708422243609002,0,1
2454,4682911,1098891125,233.5,236.5,232.5,233.5,4.0,2815,50.95985345388692,3.048126259208317,0.6884837431390012,2.3596425160693157,231.675,232.2578798330678,1.3234764792202893,0.20210740388751125,1.121369075332778,1,0
2454,3099071,713859401,229.5,234.0,228.0,229.0,-4.5,2188,47.84698231016709,2.3192959078603224,-0.032277286567194974,2.3515731944275173,231.4,232.0165554009887,1.532137518684584,0.32861475468144463,1.2035227640031394,0,1
2454,2710930,617690970,227.0,229.5,226.0,228.0,-1.0,1667,47.157605159558635,1.6420721749482254,-0.5676008155834338,2.209672990531659,231.25,231.71903277869325,1.7818574514038754,0.4626677499205887,1.3191897014832867,0,1
2454,3454665,805311411,231.5,235.0,230.0,233.0,5.0,1879,50.96203402463866,1.491631105858147,-0.5744335077388096,2.0660646135969567,231.4,231.81391923953078,1.911048378168933,0.47348694134851677,1.4375614368204161,1,0
2454,4468290,1055623660,233.5,238.0,233.5,237.5,4.5,1819,54.16072241286312,1.7157398852792198,-0.2802597826541897,1.9959996679334095,231.70000000000002,232.23511040697295,2.0665615403767985,0.5032000828451058,1.5633614575316928,1,0
2454,3433139,811925804,239.0,240.0,233.0,236.0,-1.5,2512,52.92153959033661,1.7521129758765994,-0.19510935364544824,1.9472223295220477,232.5,232.51399111756754,2.031643293779208,0.37462546899801197,1.657017824781196,1,0
2454,2744768,647453393,239.0,239.0,234.0,235.0,-1.0,1474,52.06627427033833,1.6808712323175712,-0.2130808777635813,1.8939521100811525,233.07500000000002,232.69813992367364,2.0474137931034484,0.3123167746578017,1.7350970184456467,1,0
2454,2413231,566781162,234.0,236.5,233.5,234.5,-0.5,1489,51.617098144373294,1.566013783861706,-0.26235066097555726,1.8283644448372633,233.55,232.83161104043856,1.939655172413781,0.16364652317450723,1.7760086492392737,1,0
2454,2712347,636109698,232.5,236.0,232.5,236.0,1.5,1752,52.929053429094836,1.5778375631756205,-0.20042150532931435,1.7782590685049349,234.20000000000002,233.0663065189246,1.5142730936999464,-0.20938844443146198,1.7236615381314084,1,0
2454,9042120,2049881661,229.5,231.0,223.5,225.0,-11.0,5840,43.593590289571075,0.6916272755933619,-0.8693054343292586,1.5609327099226205,234.32500000000002,232.4688023323376,0.6285919540229803,-0.8760556672867426,1.5046476213097228,0,1
2454,5269734,1177829400,224.0,226.0,221.5,223.5,-1.5,2560,42.492958709241094,-0.1302369357670159,-1.352935716551709,1.2226987807846932,234.4,231.80444660401628,0.006916777335089244,-1.198184675179707,1.2051014525147963,0,1
2454,923087,205274436,223.0,223.5,221.5,223.0,-0.5,860,42.1112945727776,-0.8125495009551571,-1.6281986253918803,0.8156491244367232,234.14999999999998,231.15226537408915,-0.27653337757868346,-1.1853078640747838,0.9087744864961004,0,1
2454,1674367,375607809,223.5,225.5,222.5,225.0,2.0,1173,44.26763119406278,-1.1783208896244162,-1.5951760112489115,0.41685512162449534,233.8,230.6965420130455,-0.6068397334881729,-1.2124913759874185,0.6056516424992457,0,1
2454,1528188,337471318,221.0,222.0,219.0,221.0,-4.0,1229,40.97981595719931,-1.7705540757371239,-1.7499273578892953,-0.02062671784782853,233.025,229.9782796417088,-0.8285611530694114,-1.1473702364549256,0.31880908338551434,0,1
2454,897303,198854106,222.0,223.5,220.0,220.0,-1.0,793,40.17644283993374,-2.294149260574841,-1.8188180341816098,-0.475331226393231,232.45000000000002,229.23914781639704,-1.0670098812588318,-1.108655171715477,0.041645290456645105,0,1
2454,2969386,668855350,224.5,227.0,223.0,225.0,5.0,2189,45.88848819201891,-2.2793688582616767,-1.4432301054947565,-0.8361387527669202,231.82500000000002,228.9251368670343,-1.3958056662240077,-1.1499607653445223,-0.2458449008794855,0,1
2454,3415320,774673074,223.5,229.5,223.5,229.5,4.5,1904,50.47199075813912,-1.8828386985204588,-0.8373599566028309,-1.045478741917628,231.025,228.96771932132805,-1.8057973417336781,-1.247961952683354,-0.557835389050324,0,1
2454,4284014,957735608,229.5,229.5,220.5,220.5,-9.0,2864,42.68457363361489,-2.2686587876289366,-0.978544036569047,-1.2901147510598896,229.45,228.34048085308152,-2.2410358565737116,-1.34656037401871,-0.8944754825550016,0,1
2454,3718829,831122104,224.0,226.0,221.0,223.5,3.0,2430,45.692493712434086,-2.305769583510198,-0.8125238659602467,-1.4932457175499514,228.4,227.98192671581623,-2.517108580611214,-1.2981064784449698,-1.2190021021662443,0,1
2454,6492944,1404926350,218.5,218.5,213.5,217.0,-6.5,3607,40.70769053677896,-2.8270869354569186,-1.0670729743255736,-1.760013961131345,227.77500000000003,227.1684506627928,-2.8324438514565458,-1.290753399432241,-1.5416904520243047,0,1
2454,7008819,1538049578,221.0,221.5,217.5,219.0,2.0,3394,42.776308755749874,-3.0437647817347795,-1.0270006564827474,-2.016764125252032,227.05,226.56338024332666,-3.2450349572435484,-1.362675604175395,-1.8823593530681535,0,1
2454,4626012,1022088672,221.0,222.5,218.5,222.0,3.0,2372,45.829278771259496,-2.9395236096534916,-0.7382075875211673,-2.2013160221323242,226.7,226.22535207715433,-3.102658623771232,-0.9762394165624624,-2.1264192072087695,0,1
2454,8817353,2009865778,225.5,231.5,224.0,226.0,4.0,5701,49.68386168887458,-2.5052660120439043,-0.24315999192926396,-2.2621060201146403,226.60000000000002,226.20865933069845,-2.6939564596116705,-0.4540298019223208,-2.2399266576893497,0,1
2454,2881535,650010667,226.0,228.0,223.0,226.0,0.0,1898,49.68386168887457,-2.1364856605031264,0.10049628768921126,-2.2369819481923376,226.25,226.19320308398005,-2.1570282819755207,0.06631870057106326,-2.223346982546584,0,1
2454,2023139,460067553,227.0,229.0,226.0,227.5,1.5,1555,51.1942357780392,-1.703549651056619,0.4267458377085749,-2.130295488765194,225.75,226.2900028555371,-1.7836480117404896,0.35175917664487577,-2.1354071883853654,1,0
2454,4203075,974791848,231.5,234.0,230.0,231.5,4.0,3103,55.067615762741205,-1.0258527815352068,0.8835541657839898,-1.9094069473191966,225.525,226.67592856994176,-1.4317957398787022,0.5628891588053306,-1.9946848986840329,1,0
2454,4945299,1149987297,233.5,233.5,231.5,233.0,1.5,2545,56.46299883171232,-0.36354494608067967,1.2366896009908137,-1.6002345470714934,225.425,227.14437830550162,-0.9466170080695203,0.8384543124916101,-1.7850713205611304,1,0
2454,4464761,1051292342,233.0,238.0,232.0,237.0,4.0,3007,60.02787642442927,0.4785884856410121,1.6630584261700043,-1.1844699405289922,225.55,227.87442435694595,-0.6410256410256326,0.9152365436283983,-1.556262184654031,1,0
2454,3010704,712239855,237.5,239.0,234.5,237.0,0.0,2133,60.027876424429266,1.1329256360139368,1.8539164612343433,-0.7209908252204065,225.60000000000002,228.55039292309812,-0.5176682421787093,0.8308751539802575,-1.3485433961589668,1,0
2454,6656676,1615966586,239.5,244.5,239.0,244.0,7.0,4776,65.7240478837763,2.191076672505403,2.329653998180648,-0.13857732567524458,226.55,229.69480826212788,0.15585509688289614,1.2035187944334904,-1.0476636975505942,1,0
2454,4439388,1093095336,247.0,249.0,243.5,244.5,0.5,3084,66.0957005518216,3.0350288900128817,2.538884972550501,0.4961439174623807,227.60000000000002,230.7914891315999,0.8036014809828302,1.4810121428267395,-0.6774106618439093,1,0
2454,4435260,1082602920,246.5,248.0,241.0,242.0,-2.5,3091,62.449572754506775,3.4622275915926934,2.37286693930425,1.0893606522884434,228.55,231.62174919592582,1.6125868639318437,1.8319980206206024,-0.21941115668875869,1,0
2454,3064991,733919331,240.5,241.0,237.0,241.0,-1.0,2323,61.00002227180133,3.677699764151299,2.0706712894902846,1.6070284746610146,229.35000000000002,232.31643444067205,2.3107714701601125,2.024146101479097,0.28662536868101557,1,0
2454,6357578,1560450304,242.5,248.0,242.0,244.5,3.5,4181,64.13760968473677,4.083808164142795,1.981423751585424,2.1023844125573707,230.52500000000003,233.21892077840005,2.956628660853995,2.1360026337383835,0.8206260271156115,1,0
2454,6402195,1587318360,246.5,249.5,245.0,248.0,3.5,4083,66.99697658759358,4.634647415826805,2.0258104026155475,2.6088370132112577,231.925,234.3138155355556,3.5475234270414893,2.181517919940702,1.366005507100787,1,0
2454,4014061,994715632,247.5,249.0,246.5,248.5,0.5,2651,67.39689942043489,5.053286175227925,1.9555593296133336,3.097726845614591,233.10000000000002,235.36464401440332,3.9544962080173347,2.070792560733238,1.8837036472840967,1,0
2454,4277832,1048432080,245.0,248.0,244.0,245.5,-3.0,2777,62.50295579644939,5.084375959086628,1.5893192907776297,3.4950566683089987,233.90000000000003,236.11541112444752,4.222369841401647,1.8709329552940397,2.351436886107607,1,0
2454,5074048,1234144712,245.5,245.5,241.5,243.0,-2.5,2702,58.679063461329775,4.851362246051849,1.08504446219428,3.766317783857569,235.02500000000003,236.62538067078475,4.2897735109934,1.5506692999086344,2.7391042110847654,1,0
2454,19458668,4923171176,252.5,259.5,249.5,259.5,16.5,10633,71.20179635705003,5.929754781468461,1.730749598088713,4.1990051833797475,236.82500000000002,238.3197969173933,4.642582839587462,1.522782902802157,3.119799936785305,0,0
2454,6519205,1681211296,257.0,259.5,256.0,257.5,-2.0,3933,68.49222273188306,6.547529505439087,1.878819457647471,4.668710047791616,238.85000000000002,239.74055270129008,4.7443762781186,1.2996610730666358,3.4447152050519643,1,0
2454,5523900,1431583629,259.5,261.5,256.5,259.0,1.5,3694,69.43178597399223,7.076583440111904,1.9262987138562302,5.1502847262556735,240.85000000000002,241.16717842712046,4.855184372375284,1.1283753338586555,3.7268090385166284,1,0
2454,3051493,782840208,257.0,259.0,255.5,255.5,-3.5,2343,64.59176885547315,7.131237281350025,1.5847620440754806,5.546475237274544,242.52500000000003,242.22886891400043,4.74091448290736,0.8112843555125853,3.929630127394775,1,0
2454,4364578,1105758156,254.5,258.0,250.5,252.0,-3.5,3147,60.081388130772154,6.813587301905841,1.0136896517050369,5.799897650200804,243.82500000000002,242.95265640185224,4.622988691003824,0.5546868508872391,4.068301840116585,1,0
2454,3795721,960792750,254.5,254.5,251.0,253.5,1.5,2350,61.32774780204187,6.606726636507631,0.6454631890454614,5.961263447462169,245.20000000000002,243.73394111282613,4.468937875751476,0.3205088285079123,4.148429047243564,1,0
2454,3647988,914308465,252.0,252.5,249.0,250.0,-3.5,2649,56.86621825502545,6.090163703372184,0.10312020472801109,5.987043498644173,246.32500000000002,244.19809362298716,4.338282247765003,0.15188256041715054,4.186399687347852,1,0
2454,8261067,2109861247,251.5,258.0,251.5,255.5,5.5,5197,61.594462800784996,6.054792018398587,0.05419881580353092,6.000593202595056,247.52500000000003,245.03527187313625,4.079069152452724,-0.08586442791610249,4.164933580368826,1,0
2454,6240313,1607105271,254.0,259.5,253.5,259.0,3.5,4655,64.27800332348767,6.237280960161144,0.18935020605287,6.047930754108274,248.82500000000002,246.06969617882987,3.7984496124030867,-0.293187174372592,4.091636786775679,1,0
2454,16461969,4356063816,260.0,271.0,259.5,264.0,5.0,10724,67.7453213414043,6.708036900742513,0.5280849173073916,6.179951983435122,250.175,247.3978668322499,3.6416320776881457,-0.3600037672700265,4.001635844958172,1,0
2454,20311509,5658723721,271.0,282.5,270.5,282.5,18.5,12863,76.74102185993937,8.476201390933142,1.836999525998415,6.639201864934726,252.45000000000002,249.99802484467583,3.977125705118258,-0.019608111871931566,3.9967338169901896,0,0
2454,15256458,4329913582,283.5,293.0,276.5,276.5,-6.0,11226,69.92917495386011,9.286288083920851,2.1176689751888995,7.168619108731952,254.07500000000002,251.9611341154406,4.286374489717319,0.23171253818170268,4.054661951535616,1,0
2454,9345510,2602844800,280.0,282.0,274.0,280.0,3.5,6159,71.51742206015048,10.094347024763977,2.340582332825619,7.753764691938358,255.85000000000002,254.03808714392648,4.128463732681334,0.05904142491657449,4.06942230776476,0,0
2454,7996170,2234604080,280.0,283.5,277.0,277.0,-3.0,5500,68.19274990205778,10.373090103489943,2.095460329241268,8.277629774248675,257.6,255.7389695777097,4.050636113008066,-0.015028955805354904,4.065665068813421,1,0
2454,5726149,1577295475,275.5,279.0,272.0,273.0,-4.0,4023,63.92562479044028,10.154178383363671,1.501238887291997,8.652939496071674,259.20000000000005,257.01756442380525,3.8803831359830845,-0.14822554626426943,4.028608682247354,1,0
2454,9173054,2564614620,274.0,281.5,274.0,280.0,7.0,6230,67.73106213228371,10.4253537777563,1.4179314253476996,9.0074223524086,260.975,258.71996705907895,4.0064943174721845,-0.017691491820135852,4.02418580929232,1,0
2454,4456436,1227394400,277.5,279.0,272.5,274.0,-6.0,3545,61.721029720249106,10.04037320324619,0.8263606806700707,9.21401252257612,262.27500000000003,259.85182135099905,4.14337879126611,0.09535438557903131,4.048024405687078,1,0
2454,7692720,2066115334,270.0,271.5,266.0,267.5,-6.5,5142,55.93090928111479,9.105811520045961,-0.08656080202412753,9.192372322070089,263.225,260.4183531027769,4.230407445913153,0.1459064321808592,4.084501013732294,1,0
2454,3485628,942557863,267.5,272.5,267.5,270.0,2.5,2589,57.57923949765543,8.469265340672052,-0.578485585118429,9.047750925790481,264.45,261.12810472479345,4.478311262360952,0.3150481989029261,4.163263063458026,1,0
2454,4929135,1345388138,274.5,276.0,270.0,270.5,0.5,3663,57.918254219259836,7.913917019616463,-0.9070671249392159,8.820984144555679,265.825,261.82231918962356,4.5184421197387055,0.28414324502454313,4.234298874714162,1,0
2454,2627183,713284959,270.0,273.5,269.0,273.0,2.5,2056,59.65441833782238,7.5880581695629985,-0.9863407799941442,8.574398949557143,266.5,262.65029554594776,4.472796597741603,0.1907981784219519,4.281998419319651,1,0
2454,4932937,1352816255,272.0,278.0,271.5,272.5,-0.5,3604,59.12899158779762,7.206396014454924,-1.0944023480817755,8.3007983625367,267.25,263.37990328328493,4.314541648410502,0.026034583272680933,4.288507065137821,1,0
2454,4556807,1255091039,274.0,277.0,273.5,276.0,3.5,2895,61.67376130144257,7.104451066555953,-0.9570778367845971,8.06152890334055,268.1,264.31472526230084,3.6848484848484775,-0.4829268642314757,4.167775349079953,1,0
2454,4328819,1205148682,280.0,281.5,276.0,278.0,2.0,3158,63.088077245087355,7.103161422856658,-0.7666939843871141,7.869855407243772,269.225,265.32844931694524,3.2889178555048444,-0.7030859948600874,3.9920038503649318,1,0
2454,5706614,1565688758,276.5,277.0,272.0,275.5,-2.5,3544,60.102440017923016,6.821773110296135,-0.8384658375581102,7.660238947854245,270.4,266.08189751569006,2.7014685028961365,-1.0324282779750362,3.7338967808711727,1,0
2454,3167594,868253534,275.5,275.5,273.0,274.5,-1.0,2385,58.90166405720909,6.443799097773876,-0.9731518800642958,7.416950977838172,271.45,266.705460662676,2.159297540434491,-1.2596793923493457,3.4189769327838366,1,0
2454,4761736,1319015608,274.5,279.5,274.5,277.5,3.0,3111,61.39359057328681,6.313548243543892,-0.8827221874354247,7.196270430979316,272.82500000000005,267.50505616914444,2.0356051928216705,-1.1066973919697332,3.1423025847914037,1,0
2454,13915848,3939989615,280.0,286.0,279.0,284.0,6.5,8403,66.17856681484055,6.658069104263518,-0.4305610613726394,7.088630165636157,274.25,268.72690386031894,1.7735301809190933,-1.0950179230978485,2.868548104016942,1,0
2454,5459643,1514103611,276.5,279.0,276.0,276.5,-7.5,3793,57.34654344162825,6.253826825861324,-0.6678426718198667,6.921669497681191,275.125,269.3026887595546,1.5971826977803023,-1.0170923249893116,2.614275022769614,1,0
2454,3638168,1019087708,279.0,281.5,278.5,281.0,4.5,2911,60.73272004388296,6.224818467274304,-0.55748082432551,6.782299291599814,275.975,270.16915625884684,1.644573615935348,-0.775761125467413,2.420334741402761,1,0
2454,2680720,749341731,280.0,280.5,278.0,279.5,-1.5,2084,59.0498988996488,6.0114948989537424,-0.6166435141168574,6.6281384130706,275.82500000000005,270.86032986930263,1.5405074612813623,-0.7038618240971188,2.244369285378481,1,0
2454,4616705,1291581990,278.5,283.5,276.5,276.5,-3.0,3278,55.72426632058047,5.536537745438125,-0.8732805341059802,6.409818279544105,275.82500000000005,271.27808321231726,1.3947541291290957,-0.6796921249995083,2.074446254128604,1,0
2454,5880432,1648894090,279.0,282.5,277.0,282.5,6.0,3352,60.514015359150925,5.579958348861112,-0.6638879445463948,6.243846293407507,275.95000000000005,272.10933630770114,1.2214203974870705,-0.6824206853132269,1.9038410828002974,1,0
2454,7480601,2133322664,284.5,287.0,284.0,285.5,3.0,4848,62.687497413488146,5.789704310530226,-0.36331358630182464,6.153017896832051,276.375,273.1012373219455,1.1907253657061543,-0.5704925736753146,1.7612179393814689,1,0
2454,9761324,2831145136,290.0,291.5,288.0,290.5,5.0,6579,66.04242526243006,6.286916054737901,0.10711852632467966,6.179797528413221,277.25,274.39003455735696,1.184356765768261,-0.4614889388905663,1.6458457046588273,1,0
2454,6655692,1930546180,289.5,291.5,287.0,290.5,0.0,4800,66.04242526243006,6.604823648578815,0.3400208961324749,6.26480275244634,277.775,275.58336533088607,1.1880868341522826,-0.36620709640523597,1.5542939305575185,1,0
2454,8345644,2442714977,289.0,294.5,289.0,294.5,4.0,5804,68.65715371415375,7.097716223256668,0.6663307766482616,6.431385446608407,278.8,276.9845975285982,1.5891660333033861,0.027897682196693863,1.5612683511066923,1,0
2454,10051612,2967556306,294.0,300.0,291.0,299.5,5.0,6094,71.6008313635664,7.801860363266371,1.0963799333263715,6.70548042994,280.4,278.6524051190724,2.013453635466167,0.3617482274875796,1.6517054079785873,0,0
2454,13100630,3953065900,300.0,304.5,298.0,300.0,0.5,7486,71.88519339067317,8.304516195316467,1.2792286123011731,7.025287583015293,281.9,280.23370844358556,2.402866497241085,0.6009288714099981,1.801937625831087,0,0
2454,13327619,3941853535,298.0,303.0,291.0,291.5,-8.5,8464,60.748957772410925,7.9256338278877365,0.7202769958979545,7.205356831989782,282.95000000000005,281.0682485588755,2.4220820765926234,0.4961155606092289,1.9259665159833945,1,0
2454,6379713,1877348747,294.0,297.0,292.0,293.5,2.0,4862,62.23155710144626,7.6980122143422705,0.39412430588199054,7.30388790846028,283.975,281.9891190359958,2.63859457242463,0.5701024451529881,2.0684921272716417,1,0
2454,7199887,2142582665,298.0,299.0,295.5,296.5,3.0,4784,64.40353508653492,7.671265796728676,0.2939023106147163,7.37736348611396,285.175,283.06399910740356,2.8656845359887133,0.6377539269736574,2.227930609015056,1,0
2454,8003479,2396123221,299.0,301.5,297.5,300.0,3.5,4509,66.80218729454552,7.842091072994606,0.3717820695045164,7.470309003490089,286.375,284.31851769204036,3.105885551175754,0.7023639537285584,2.4035215974471957,1,0
2454,19673897,5717401233,294.5,299.0,287.5,288.5,-11.5,12856,53.94069339476631,6.969181063539224,-0.400902351960692,7.370083415499916,286.9,284.6282571222596,3.1648143128218806,0.6090341722997477,2.555780140522133,1,0
2454,11586481,3370949109,289.5,293.5,289.0,291.0,2.5,7048,55.927235952545516,6.405286542586509,-0.7718374983307266,7.177124040917236,287.67500000000007,285.1002380761663,3.1209172410685997,0.45210968043717337,2.6688075606314263,1,0
2454,5029798,1464296920,293.5,294.0,288.5,290.0,-1.0,2572,54.9071101347331,5.810722042779332,-1.093121598510323,6.903843641289655,288.45000000000005,285.46318340385767,2.9812855249264096,0.24998237143598656,2.731303153490423,1,0
2454,3197270,930828530,292.0,293.5,288.5,289.0,-1.0,2081,53.849330086446834,5.19890402107535,-1.3639516961714442,6.562855717246794,289.02500000000003,285.72516981838675,2.7159414441679335,-0.012289367457992029,2.7282308116259255,0,1
2454,4918551,1414604290,290.5,290.5,285.0,290.0,1.0,3422,54.78734867180541,4.740084727477381,-1.4582167918155307,6.198301519292912,289.32500000000005,286.04182390591365,2.4601896582572684,-0.21443292269492575,2.674622580952194,1,0
2454,3863399,1119816210,292.0,292.0,287.0,289.5,-0.5,2668,54.1942305734841,4.286706822493443,-1.5292757574395752,5.815982579933018,289.975,286.2979850980682,2.1297970665059163,-0.4358604115570226,2.565657478062939,0,1
2454,3703193,1068998663,289.5,291.0,286.0,288.0,-1.5,2623,52.36280312977287,3.7629867337169003,-1.6423966769728944,5.405383410689795,290.32500000000005,286.42406027598906,1.659866675584653,-0.7246326419826288,2.3844993175672817,0,1
2454,3850978,1106347620,286.0,290.0,283.5,290.0,2.0,2431,54.56739267809588,3.4693258466843986,-1.5488460512043174,5.018171897888716,290.85,286.68894469998986,1.1737872719181004,-0.9685696365193452,2.1423569084374456,0,1
2454,4352363,1255914347,289.5,291.5,286.5,287.5,-2.5,2641,51.367297053303794,3.0002829768249057,-1.6143111368510485,4.614594113675954,291.4,286.749022870361,0.8829801412768165,-1.0075014137285034,1.89048155500532,0,1
2454,9104796,2657776840,290.0,295.5,287.0,295.5,8.0,5378,59.54351660149214,3.2367846260595456,-1.1022475900931274,4.339032216152673,292.05,287.3972433984824,0.6991534813632595,-0.9530624589136486,1.652215940276908,1,0
2454,22384303,6781260499,307.5,307.5,298.0,298.0,2.5,12700,61.7099473233099,3.584621705932136,-0.6035284081764294,4.1881501141085655,292.675,288.18263277637254,0.5551869055518515,-0.8776232277800453,1.4328101333318968,1,0
2454,18705013,5738419004,304.0,310.0,301.0,309.0,11.0,11188,69.45940811424477,4.693786122288941,0.40450880654430055,4.28927731574464,293.6,289.7246599781227,0.3810153066842683,-0.8414358613181028,1.222451168002371,1,0
2454,12433296,3780714653,304.0,306.0,301.0,306.0,-3.0,7125,65.5622110572884,5.269982902941251,0.7845644697572887,4.485418433183963,294.37500000000006,290.930240720484,0.5498847546921093,-0.5380531306482095,1.0879378853403188,1,0
2454,12499811,3882133910,309.0,313.0,307.0,311.0,5.0,7291,68.71299558489066,6.060222740740755,1.2598434460454335,4.800379294695322,295.20000000000005,292.4168895560037,0.702824414130784,-0.30809077696762777,1.0109151910984118,1,0
2454,9896385,3055637965,308.0,311.0,304.5,310.0,-1.0,5243,67.38510577695328,6.530522069606604,1.3841142199290255,5.146407849677579,295.725,293.7193421814849,0.8281641092610651,-0.14620086546987743,0.9743649747309425,1,0
2454,9566606,2919252906,311.0,314.0,300.0,300.0,-10.0,6385,55.77696385992146,6.026847503109934,0.7043517227458835,5.322495780364051,295.725,294.18457609396745,0.9087947882736201,-0.052456149165857946,0.9612509374394781,1,0
2454,7160414,2144997563,303.0,305.5,293.0,298.5,-1.5,4831,54.26685116219267,5.4438905350215805,0.09711580372602402,5.3467747312955565,296.07500000000005,294.5042371240439,0.977714186611167,0.013170599337351097,0.964543587273816,1,0
2454,8021402,2325871374,300.0,300.0,285.5,286.5,-12.0,5980,44.00297891725463,3.967854271875183,-1.1031363675362993,5.070990639411482,295.725,293.911330670411,0.9456880097171518,-0.015084462045331315,0.9607724717624831,0,1
2454,8354651,2373753670,279.0,289.0,276.5,289.0,2.5,5857,46.28246093089358,2.9656280910980968,-1.6842900386507083,4.649918129748805,295.35,293.5475283985287,0.9936001735545847,0.026262161433681208,0.9673380121209035,0,1
2454,5782386,1680575399,290.0,293.5,287.5,290.0,1.0,4019,47.20818700703794,2.226383897143421,-1.9388273860843075,4.165211283227729,294.85,293.2847485171562,1.0527915255708584,0.06836281075996387,0.9844287148108946,0,1
2454,4927890,1425674820,290.0,292.0,286.0,288.0,-2.0,2975,45.51863975107142,1.4622879172969192,-2.1623386927446475,3.6246266100415667,294.825,292.8932856640335,1.2185047501032478,0.18726082823388257,1.0312439218693652,0,1
2454,8935427,2611844330,291.5,296.5,289.0,291.0,3.0,5784,48.496249769130884,1.0862892103825175,-2.0306699197272398,3.1169591301097572,294.825,292.7530422815125,1.2101425617586166,0.14311891191140114,1.0670236498472154,0,1
2454,5080134,1471544273,291.5,293.0,286.5,290.0,-1.0,3306,47.56309556792621,0.6995518849038831,-1.9339257961646994,2.6334776810685825,294.825,292.54911322362267,1.0035701846046574,-0.05076277219404646,1.0543329567987039,0,1
2454,5504726,1597601895,287.0,292.5,286.5,290.5,0.5,3604,48.100820826159705,0.4284664944587462,-1.7640089492878692,2.1924754437466154,294.90000000000003,292.39732705890987,0.5194041552332344,-0.4279430412523757,0.94734719648561,0,1
2454,3821414,1102087232,290.0,290.5,286.5,287.5,-3.0,2864,45.11166741493538,-0.028121392579009807,-1.7764774690605003,1.7483560764814905,294.77500000000003,292.0345620915832,0.11337868480724979,-0.6671748093426882,0.780553494149938,0,1
2454,9875909,2882498428,291.0,295.0,289.0,292.0,4.5,6368,50.119003909449745,-0.026552114416801942,-1.419926552718634,1.393374438301832,294.9,292.0320019366511,-0.3208486118386738,-0.8811216847908896,0.5602730729522157,0,1
2454,5171759,1502837201,294.5,294.5,286.0,287.0,-5.0,3413,45.18639577237588,-0.4238804336411022,-1.4538038975543475,1.0299234639132453,294.85,291.6592610524547,-0.9540026633483941,-1.2114205890404879,0.25741792569209376,0,1
2454,7623986,2135956052,287.0,288.5,276.5,281.0,-6.0,5243,40.087781722060114,-1.2089794822226736,-1.7911223569087351,0.5821428746860615,294.4,290.8696861596803,-1.3640238704177323,-1.2971534368878608,-0.06687043352987146,0,1
2454,7631484,2143149972,283.0,283.5,279.5,280.5,-0.5,2343,39.68591295963373,-1.8501940703452533,-1.9458695560250518,0.09567548567979854,294.05,290.1015612589633,-1.7531188443860712,-1.3489987286849598,-0.4041201157011114,0,1
2454,5039512,1399122121,277.5,280.5,275.0,280.5,0.0,3388,39.685912959633725,-2.331485339440235,-1.9417286600960266,-0.38975667934420816,293.3,289.3903344990401,-1.814237822914617,-1.1280941657708046,-0.6861436571438125,0,1
2454,10940177,3209808892,284.5,298.5,284.5,296.5,16.0,7848,56.0406298526157,-1.405642483723284,-0.8127086435032606,-0.5929338402200234,293.22499999999997,289.9169763880001,-1.6846184158675803,-0.7987798069790142,-0.8858386088885661,1,0
2454,16347408,5020298336,298.5,313.0,297.0,311.0,14.5,10658,65.23964239438303,0.4924468474933974,0.8683045501707367,-0.37585770267733926,293.325,291.4786818407408,-1.3655118213373414,-0.3837385699590201,-0.9817732513783213,1,0
2454,13144705,4105535165,308.5,316.5,304.0,314.0,3.0,8841,66.78817524624935,2.2132581828057027,2.0712927083864336,0.14196547441926918,293.725,293.1469276303156,-0.9649065552727234,0.013493356884478391,-0.9783999121572018,1,0
2454,8772745,2758648450,316.0,318.0,311.0,311.0,-3.0,6107,63.73065559497776,3.296933637163704,2.523974530195548,0.7729591069681562,293.725,294.4693774354774,-0.6715268285274355,0.24549846690381305,-0.9170252954312486,1,0
2454,9334896,2943639552,317.0,319.5,312.5,313.0,2.0,5967,64.8847951088625,4.267939379043412,2.7959842176602043,1.4719551613832074,293.875,295.84201614396056,-0.3535746723757755,0.45076049844437843,-0.8043351708201539,1,0
2454,6168786,1902728516,312.0,312.0,305.5,307.0,-6.0,4058,58.836015052769625,4.501428898988593,2.423578990084308,2.077849908904285,294.225,296.66853346663015,-0.03886765563257993,0.6123740121500593,-0.6512416677826391,1,0
2454,8082018,2538785170,313.0,316.5,310.0,316.0,9.0,5285,64.22363563029225,5.351012666478539,2.618530206059403,2.732482460419136,295.1,298.1004939505835,0.5267239707878003,0.9423725108563517,-0.4156485400685513,1,0
2454,8924969,2767666452,310.0,314.0,308.0,308.0,-8.0,6005,57.07303209992141,5.317484134837002,2.068001339534293,3.2494827953027094,296.175,298.8337906949847,0.9878697778639334,1.1228146543459878,-0.13494487648205436,1,0
2454,4508590,1396594310,308.5,312.5,306.5,309.5,1.5,2942,58.01689373920923,5.3502753520998,1.6806340454376723,3.6696413066621276,297.20000000000005,299.623880273134,1.5721238747469344,1.365655000983191,0.20646887376374343,1,0
2454,6906886,2154996160,309.5,316.5,308.5,309.5,0.0,4696,58.01689373920924,5.31499467785153,1.3162826969515216,3.9987119809000085,298.175,300.3554446973463,2.3898761443187797,1.746725816444029,0.6431503278747507,1,0
2454,4800518,1482567526,311.0,312.5,306.0,307.0,-2.5,3019,55.65165845269436,5.0273531846045785,0.822912962963656,4.2044402216409225,299.125,300.84763397902435,3.171935268386204,2.0230279524091626,1.1489073159770413,1,0
2454,7844100,2373071842,305.0,307.0,300.0,300.5,-6.5,4538,49.949856209017995,4.226182747620726,0.017394020783842556,4.208788726836883,299.6,300.8218833139114,3.725490196078425,2.061266304081107,1.664223891997318,1,0
2454,6585570,2020221060,304.0,309.0,304.0,308.5,8.0,4100,55.9339631539839,4.1885001232303125,-0.016230882885256648,4.204731006115569,300.52500000000003,301.39063269806616,3.927264902087371,1.8104328080720422,2.116832094015329,1,0
2454,8662800,2688656680,314.5,315.0,307.5,308.5,0.0,5881,55.933963153983896,4.111244504426111,-0.07478920135156653,4.186033705777677,301.425,301.9172524982094,3.5631517960602563,1.1570557616359416,2.4060960344243147,1,0
2454,4674213,1450037914,311.0,313.0,308.0,310.0,1.5,3173,57.05062456544269,4.123522928389434,-0.050008621910595075,4.173531550300029,302.54999999999995,302.5159745353791,3.172615990412585,0.6132159647906157,2.559400025621969,1,0
2454,9233348,2891655576,312.0,316.0,310.0,313.5,3.5,5301,59.6217678769361,4.365353341142566,0.15345743267402856,4.211895908468537,303.625,303.3296060512769,2.931575241630914,0.2977401728071558,2.633835068823758,1,0
2454,4462509,1398181826,311.5,315.5,310.0,315.5,2.0,3093,61.056436993063656,4.664618156363531,0.3621777983159946,4.302440358047536,305.05,304.2311167141453,2.639579878385842,0.004595847649667029,2.634984030736175,1,0
2454,3262743,1016180573,313.5,315.0,309.0,311.5,-4.0,2587,56.71608108643406,4.52683853117918,0.17951853850531485,4.3473199926738655,306.57500000000005,304.7695525130975,2.4959178912992677,-0.11125291154952599,2.6071708028487937,1,0
2454,3335968,1037970554,312.5,313.0,309.5,310.5,-1.0,2411,55.65097863614269,4.287531548129607,-0.04783075563540695,4.335362303765014,308.07500000000005,305.1940301047199,2.0780456852791818,-0.4233000940556897,2.5013457793348715,1,0
2454,5593416,1757554259,314.0,315.5,312.5,313.0,2.5,3449,57.78536435464104,4.250609763140574,-0.06780203249955274,4.3184117956401264,309.70000000000005,305.77225009696286,1.924496467362622,-0.4614794495777996,2.3859759169404215,1,0
2454,4718184,1477945592,314.0,315.5,311.0,314.0,1.0,2646,58.64276737854221,4.253014521190266,-0.0523178195598879,4.305332340750154,310.57500000000005,306.3817130527434,1.706814646655708,-0.5433290162277709,2.250143662883479,1,0
2454,8268252,2599022236,315.0,317.0,312.5,314.0,0.0,5629,58.64276737854221,4.206431188936449,-0.07912092145096405,4.285552110387413,310.725,306.94603060439204,1.5480233094369513,-0.561696282757222,2.1097195921941734,1,0
2454,7822935,2478233455,314.0,319.0,313.5,319.0,5.0,5394,63.00046958926426,4.520858137296727,0.18824482152745148,4.332613315769276,310.975,307.8389172262889,1.4666583155872743,-0.5144490212855193,1.9811073368727936,1,0
2454,8818515,2830694255,322.0,326.5,316.0,317.5,-1.5,6294,60.926426741270234,4.596026166498689,0.2107302805835305,4.385295885915158,311.3,308.55455298730453,1.4641394933183494,-0.4135742748435556,1.877713768161905,1,0
2454,4090644,1304523089,320.0,320.5,317.5,319.0,1.5,2646,62.264288273733264,4.722200250158323,0.2695234913945317,4.452676758763792,311.6,309.32828980305976,1.261686109042773,-0.4928221272953057,1.7545082363380786,1,0
2454,6690938,2143353098,319.5,322.0,318.5,321.0,2.0,4079,64.03260650241295,4.926784500887038,0.3792861936985972,4.547498307188441,312.30000000000007,310.19286092875905,1.0897079706118247,-0.5318402125810033,1.621548183192828,1,0
2454,5706740,1787637360,312.0,315.5,312.0,314.0,0.0,4073,54.42041423376763,4.472521056291157,-0.05998180071782766,4.532502857008985,312.20000000000005,310.47487123033244,0.978519796287152,-0.5144227095245409,1.492942505811693,1,0
2454,3738897,1175444201,314.5,316.0,313.0,313.5,-0.5,2648,53.79918255573522,4.025761707319532,-0.4053929197515629,4.431154627071095,312.475,310.69895484290043,0.947424606351742,-0.43641431956796084,1.3838389259197028,1,0
2454,4383939,1392098115,317.0,319.0,315.5,318.0,4.5,3311,58.40169124379423,3.9888333090390233,-0.3538570544256574,4.342690363464681,312.9,311.2397730026856,0.9643993023494174,-0.3355516988562285,1.2999510012056459,1,0
2454,6720950,2162178950,320.0,324.0,319.0,322.5,4.5,4670,62.43207876351188,4.273418372391461,-0.05541759285857584,4.328835965250037,313.55,312.07386389137554,1.1146627325628915,-0.14823061491420364,1.2628933474770951,1,0
2454,3255923,1039423014,321.5,322.0,318.0,318.0,-4.5,2331,56.53332406047793,4.088709594420948,-0.19210109666327124,4.280810691084219,314.1,312.5128369364588,1.2522013351353476,-0.008553609873398038,1.2607549450087456,1,0
2454,5194708,1636742649,318.5,319.0,313.5,314.5,-3.5,3467,52.38741542096368,3.6181974795503606,-0.5300905692270872,4.148288048777448,314.8,312.66003420042483,1.19887886413387,-0.04950086469990067,1.2483797288337706,0,1
2454,5075568,1595294119,315.5,317.5,313.0,314.0,-0.5,3293,51.80295330139128,3.168443572121248,-0.7838755813249603,3.9523191534462083,315.07500000000005,312.7592909263193,1.223729715349821,-0.019720010787159792,1.2434497261369808,0,1
2454,7544470,2338695890,313.0,314.0,308.5,310.0,-4.0,4794,47.260386377800096,2.4608763389830983,-1.1931542515704883,3.6540305905535866,315.15000000000003,312.5548990058512,1.0924937089547602,-0.12076481374577663,1.2132585227005368,0,1
2454,9627433,2931931065,311.0,311.0,301.0,302.0,-8.0,5859,39.752380058038845,1.240293733658575,-1.9309894855160095,3.1712832191745846,314.75,311.7730546350474,0.7330957939140674,-0.38413018302917545,1.1172259769432429,0,1
2454,7333715,2240024071,307.5,308.0,302.5,304.5,2.5,4436,42.809991051357976,0.4692926185620081,-2.1615924804900613,2.6308850990520694,314.3,311.2343098472661,0.4487337103516035,-0.5347938132733115,0.983527523624915,0,1
2454,7703764,2373239326,306.0,309.5,305.5,308.5,4.0,4217,47.40894329073193,0.17897217091018547,-1.961530342513507,2.1405025134236926,313.95000000000005,311.0317683770982,0.15057464200109508,-0.666362305299056,0.8169369473001511,0,1
2454,7586407,2376181798,310.0,315.0,310.0,314.5,6.0,4631,53.455190925520604,0.42810604046030676,-1.3699171783707087,1.7980232188310155,314.1,311.2886744232391,-0.19428594801319052,-0.8089783162506734,0.6146923682374829,1,0
2454,8578357,2663116170,315.0,315.5,307.5,308.0,-6.5,5136,47.133278538383365,0.09989917426213424,-1.358499235655105,1.4583984099172393,313.975,311.0450689104066,-0.34769092322168177,-0.7699066331673317,0.42221570994564994,0,1
2454,5665905,1762904765,310.0,313.0,308.0,313.0,5.0,3568,51.850553763916416,0.2404789893574275,-0.9743355364478496,1.2148145258052772,313.975,311.18987862074687,-0.41597677888843093,-0.6705539910672647,0.2545772121788338,0,1
2454,4494969,1404890771,309.5,315.0,308.0,313.5,0.5,3197,52.308834348028206,0.3877654087129372,-0.661639293673872,1.0494047023868092,313.95000000000005,311.3609987229138,-0.5782354623840751,-0.6662501396503271,0.088014677266252,0,1
2454,9083924,2865310332,311.0,319.5,310.0,319.0,5.5,5639,57.14117748279004,0.9374882112426235,-0.08953319291534867,1.0270214041579722,314.20000000000005,311.9268506693646,-0.7381316998468744,-0.6609171016905011,-0.07721459815637327,1,0
2454,17119494,5552940056,322.0,328.0,320.5,325.5,6.5,10393,62.036900523645585,1.8760176068286682,0.6791969621365568,1.1968206446921115,314.525,312.93226913830057,-0.6607525237075613,-0.4668303404409504,-0.1939221832666109,1,0
2454,17759819,5584931876,322.0,322.0,309.0,314.5,-11.0,11365,51.34736612917422,1.7124606648310419,0.4125120161111442,1.2999486487198977,314.375,313.0483973502783,-0.697205063910478,-0.4026263045150936,-0.29457875939538436,1,0
2454,24478906,7848696390,318.0,327.5,314.0,314.0,-0.5,14521,50.91788797173896,1.5249165004188967,0.17997428135919913,1.3449422190596976,314.125,313.1188864354429,-0.7396992297346919,-0.356096376271446,-0.3836028534632459,0,1
2454,13587337,4249351145,310.5,316.5,309.5,316.0,2.0,8427,52.624828460863455,1.5201463829971544,0.1401633311499655,1.379983051847189,313.875,313.33230225503974,-0.6172085064776477,-0.18688452241152143,-0.43032398406612626,1,0
2454,9440893,2935230547,313.0,315.5,309.0,312.0,-4.0,5375,48.95766308065529,1.1799971869203318,-0.15998869194148568,1.3399858788618175,313.775,313.2336131991109,-0.3280358598207152,0.08183049939632886,-0.40986635921704406,0,1
2454,10859433,3355221085,305.0,313.0,304.0,309.0,-3.0,6522,46.34895378885918,0.6607350283197775,-0.5434006804336322,1.2041357087534097,313.55,312.92001222139896,-0.1478083588175697,0.20964640031957948,-0.3574547591371492,0,1
2454,13326307,4225014512,313.0,319.5,312.5,318.0,9.0,8399,54.22857557007621,0.9643246758171244,-0.19184882634902833,1.1561735021661528,313.55,313.29630761240645,0.11622216784925035,0.37894154158911963,-0.2627193737398693,1,0
2454,7158959,2270486923,316.5,320.5,314.5,316.5,-1.5,4312,52.835775762521685,1.071532238092061,-0.06771301125927343,1.1392452493513345,313.25,313.5336181596356,0.18149190423751105,0.35536902238190426,-0.17387711814439324,1,0
2454,8148041,2619275161,318.5,323.0,318.0,323.0,6.5,5323,57.88374841529247,1.6618340918619197,0.4180710740084681,1.2437630178534516,313.5,314.2348316292922,0.5299417064122826,0.5630550596453406,-0.033113353233058085,1,0
2454,3973869,1266869342,321.5,322.0,317.0,318.0,-5.0,2734,53.16954246040873,1.706522620121973,0.370207681814817,1.336314938307156,313.675,314.5137329900854,0.6993719924965361,0.5859882765836754,0.11338371591286077,1,0
2454,4361080,1399279460,322.0,323.0,318.5,319.5,1.5,2919,54.37016567096738,1.841745568244562,0.4043445039499247,1.4374010642946373,313.95000000000005,314.88308610193087,0.7905943721091399,0.5417685249570232,0.2488258471521166,1,0
2454,5639867,1776265695,314.5,317.0,313.5,316.5,-3.0,3305,51.52497855904377,1.6873846806682877,0.19998689309892015,1.4873977875693676,314.27500000000003,315.00285750178784,0.6874427131072438,0.35089349276410176,0.33654922034314205,1,0
2454,8208353,2638139981,317.0,324.5,317.0,322.0,5.5,5423,56.06432754284516,1.98596364703252,0.39885268757052184,1.587110959461998,315.275,315.5211643535073,0.5456137136342208,0.167251594632863,0.37836211900135786,1,0
2454,30578217,10510892950,328.0,353.0,326.5,353.0,31.0,18941,71.98706802963731,4.670195445214972,2.466467588602379,2.203727856612593,317.7,318.29737440139564,1.1875785972171367,0.647373182572623,0.5402054146445137,0,0
2454,13464762,4719376529,351.5,354.0,347.0,351.0,-2.0,8841,70.21896349186744,6.560460296267138,3.4853859517236354,3.0750743445435025,319.82500000000005,320.71979111240336,1.7545454545454504,0.9714720319207494,0.783073422624701,0,0
2454,11451561,4011166449,351.0,356.5,347.0,347.0,-4.0,7075,66.6909129743417,7.647585632034293,3.658009029992632,3.9895766020416605,321.45000000000005,322.66647325222533,2.16621390481937,1.106512385755735,1.059701519063635,1,0
2454,9351639,3243043796,349.0,352.0,342.5,345.0,-2.0,5467,64.9341694620229,8.25262587365205,3.4104394172883117,4.842186456363739,323.3,324.3208085668753,2.6452958040135464,1.268475427959929,1.3768203760536173,1,0
2454,8018420,2771854155,347.5,352.0,342.5,342.5,-2.5,5091,62.71046823633641,8.433183033054604,2.8727972613526918,5.560385771701912,324.77500000000003,325.66741533969935,3.115264797507788,1.3907555371633364,1.7245092603444516,1,0
2454,5594378,1905759654,337.5,344.5,336.0,343.0,0.5,3753,62.98350000169873,8.51842658491637,2.366432650571565,6.151993934344804,326.25,326.9513104997216,3.257024760542097,1.2260124001581163,2.031012360383981,1,0
2454,10359958,3582678466,347.0,348.0,343.0,345.5,2.5,3929,64.38755066552831,8.687566956489945,2.028458417716113,6.6591085387738325,327.57500000000005,328.3252874997422,3.500237304224004,1.1753799550720183,2.3248573491519857,1,0
2454,21836331,7946252194,355.5,367.5,355.0,366.0,20.5,13619,73.32310101783033,10.356408364913761,2.9578398609119425,7.398568504001819,329.6,331.11600694420576,3.896843635220853,1.2575890288550937,2.639254606365759,0,0
2454,8989969,3274846486,364.5,366.0,361.5,365.5,-0.5,5754,72.84302692172241,11.505997407241125,3.285943122591444,8.220054284649681,332.15000000000003,333.6629693927831,4.4817352935433945,1.473984549742108,3.0077507438012865,0,0
2454,10557568,3894652868,370.5,373.5,365.0,367.5,2.0,6582,73.58795467932956,12.435094264822453,3.372031984138218,9.063062280684235,334.82500000000005,336.1694161044288,4.968396153249554,1.5685163275586138,3.39987982569094,0,0
2454,5333803,1962895110,367.5,371.5,364.0,370.5,3.0,3877,74.70863317532239,13.26062491660474,3.3580501087364034,9.902574807868337,337.55,338.71242231891557,5.6229656593670985,1.7784686669409266,3.844496992426172,0,0
2454,5274940,1930657160,370.5,370.5,363.0,364.0,-6.5,3379,67.97844769625239,13.237771439606774,2.66815730539075,10.569614134216025,340.15,340.5855762212181,6.055644914215674,1.768918337431601,4.286726576784073,1,0
2454,6380489,2327626485,365.0,369.0,362.0,365.0,1.0,3941,68.44935541108921,13.148780579399158,2.0633331561465056,11.085447423252653,342.95000000000005,342.39405205668345,5.795238095238081,1.2068092147632061,4.588428880474875,1,0
2454,4485683,1644194478,368.5,369.5,364.5,367.5,2.5,3323,69.65096398160516,13.128644941579523,1.6345580146614953,11.494086926918028,345.425,344.2537519043365,5.696466484683023,0.886430083366518,4.810036401316505,1,0
2454,14046238,5250955851,371.0,378.0,368.0,374.5,7.0,9206,72.77725504985638,13.521659527999134,1.6220580808648837,11.89960144713425,348.32500000000005,346.49421472623754,5.653148064467538,0.6744893305208262,4.978658733946712,0,0
2454,19604086,7542265375,381.5,389.5,378.0,382.5,8.0,13123,75.8402956572917,14.313660591114171,1.9312473151839367,12.382413275930235,351.30000000000007,349.16130993170145,5.7526670777049,0.6192066750065504,5.13346040269835,0,0
2454,9046222,3415126416,380.0,382.0,375.5,378.0,-4.5,6188,71.00089192908035,14.412081246362618,1.6237343763459062,12.788346870016712,354.30000000000007,351.29750919601986,5.87902402820296,0.5964509004036884,5.282573127799272,0,0
2454,7656588,2865773740,376.0,379.5,372.5,374.5,-3.5,5713,67.39856833395294,14.045748925017506,1.0059216440006349,13.039827281016871,357.05000000000007,353.0162122185369,5.9019716233646555,0.49551879645230645,5.406452826912349,1,0
2454,9899513,3729848875,381.0,383.0,373.0,375.0,0.5,6952,67.65107071176384,13.638556947610198,0.47898373327466004,13.159573214335538,359.975,354.6446409430897,5.8363516628251615,0.3439190687302496,5.492432594094912,1,0
2454,10976486,4175834666,375.5,384.5,375.5,382.0,7.0,7798,71.03356148179314,13.722511302090368,0.45035047020386365,13.272160831886504,362.975,356.6709638361942,5.475930971843764,-0.01320129780091861,5.489132269644682,0,0
2454,9510754,3652543272,385.0,388.0,382.5,383.0,1.0,5211,71.49215482300332,13.711677690334454,0.35161348675835846,13.360064203576096,364.475,358.62126281129093,5.1272340348788745,-0.2895185878126467,5.416752622691521,0,0
2454,7371028,2815458696,383.0,384.0,379.0,382.0,-1.0,5137,70.29366726972862,13.467159302886557,0.08567607944836908,13.381483223438188,366.02500000000003,360.3530211215657,4.798129132842323,-0.4948987918793586,5.293027924721682,0,0
2454,8439232,3243635142,387.0,388.0,380.5,380.5,-1.5,5263,68.44029377282315,13.002455047160879,-0.30322254102184765,13.305677588182727,367.70000000000005,361.84538992737566,4.329986827583739,-0.7704328777103546,5.100419705294094,1,0
2454,9398253,3623512418,381.5,388.0,381.5,386.5,6.0,5085,71.65916806495562,12.968826869060592,-0.26948057529770786,13.2383074443583,369.775,363.67165734016265,4.105691056910551,-0.7957829187068342,4.901473975617385,0,0
2454,4616257,1790618058,385.5,391.0,384.5,388.0,1.5,3587,72.41659990127097,12.914345226742,-0.2591697740930403,13.17351500083504,372.05000000000007,365.4737567964469,3.846761037730872,-0.8437703503092107,4.690531388040083,0,0
2454,4040265,1561388555,388.0,389.0,384.5,387.0,-1.0,3028,71.05324691517211,12.644716074193354,-0.42303914131334963,13.067755215506704,374.25,367.0682933300434,3.5828150316207474,-0.8861730851354683,4.468988116756216,0,0
2454,8943671,3408717280,382.5,385.0,379.0,380.0,-7.0,6460,62.22244791282063,11.730964275767008,-1.0694327517917586,12.800397027558766,375.975,368.02619752781794,3.4155070273275268,-0.8427848715429516,4.258291898870478,1,0
2454,8219250,3112968604,382.0,384.0,374.0,376.0,-4.0,5751,57.80162844634439,10.562287347931317,-1.7904877437019593,12.352775091633276,376.475,368.6168495627944,3.000294571225583,-1.0063978621159166,4.0066924333415,0,1
2454,9126978,3379890360,376.0,378.0,368.5,369.0,-7.0,6278,50.97597879927892,8.967884770875628,-2.70791225660612,11.675797027481748,376.65,368.6452310766615,2.5629721833238124,-1.1549762000141501,3.7179483833379625,0,1
2454,7417613,2769711658,369.5,376.5,369.0,376.5,7.5,4535,56.854729238699484,8.21480144388471,-2.7687964668776317,10.983597910762342,377.1,369.2270658117236,2.2737455197132563,-1.155362290899765,3.4291078106130213,0,1
2454,3950924,1474616152,374.0,375.5,372.0,372.0,-4.5,2937,52.76619355308559,7.172188564403143,-3.04912747708736,10.221316041490503,377.175,369.4324683441885,1.8957549519833723,-1.2266822869037193,3.1224372388870916,0,1
2454,8891382,3347302942,372.0,381.0,367.5,379.5,7.5,6013,58.16584395057902,6.87188287746568,-2.6795465312198594,9.55142940868554,377.95000000000005,370.1782114298042,1.4582049702197553,-1.331385814933869,2.7895907851536244,1,0
2454,7691915,2957855704,382.5,387.0,382.0,385.5,6.0,5690,61.9166335146204,7.036921067158971,-2.011606673221255,9.048527740380226,378.975,371.3131587313002,1.0985545783050288,-1.3528289654788765,2.4513835437839053,1,0
2454,5092932,1956043888,386.5,388.0,381.5,384.0,-1.5,3628,60.457265317882246,6.966373539800031,-1.6657233604641561,8.632096900264187,379.8,372.25292475120386,0.9570232748060421,-1.1954882151822905,2.1525114899883326,1,0
2454,5088917,1955784128,384.0,385.5,383.0,384.5,0.5,3342,60.789028792262584,6.871598428167829,-1.4083987776770872,8.279997205844916,380.3,373.16011551037394,0.8498896247240568,-1.0420974922114208,1.8919871169354776,1,0
2454,8426727,3163185625,382.0,382.5,372.0,372.0,-12.5,6485,49.587889740458166,5.721884612180531,-2.0464900749315085,7.76837468711204,379.77500000000003,373.07418102812403,0.4837313508834509,-1.1266046128416214,1.6103359637250723,0,1
2454,14688516,5456678178,371.0,375.0,368.0,370.5,-1.5,9075,48.43454759907905,4.636246897521744,-2.5057022316722373,7.141949129193981,379.40000000000003,372.8835009519667,0.09759492166946182,-1.2101928336444885,1.3077877553139503,0,1
2454,9994456,3680153808,370.0,371.5,366.0,367.0,-3.5,6593,45.760118185451994,3.4536390367774175,-2.9506480739332517,6.404287110710669,379.02500000000003,372.44768606663587,-0.37414100279969686,-1.3455430064909177,0.971402003691221,0,1
2454,12208364,4426876417,370.0,372.0,359.0,360.0,-7.0,8326,40.896327451961305,1.9293321483107775,-3.5799639699199135,5.509296118230691,378.27500000000003,371.5256352468851,-0.7647907647907756,-1.3889542147855973,0.6241634499948217,0,1
2454,8885926,3273979046,364.0,372.0,362.0,371.0,11.0,6238,49.90676975315384,1.5905808009559337,-3.1349722538198064,4.72555305477574,377.725,371.48669930267135,-0.9104639717612009,-1.227701937404818,0.31723796564361717,0,1
2454,5956854,2214681244,373.5,374.0,369.0,370.0,-1.0,3990,49.17284926063287,1.227278966977508,-2.7986192702385857,4.025898237216094,377.07500000000005,371.3765734283994,-0.8429684714511316,-0.928165149675799,0.08519667822466742,0,1
2454,4625574,1718007646,373.0,374.5,368.5,369.0,-1.0,3049,48.40623734952017,0.8488826130972598,-2.5416124992950673,3.390495112392327,376.425,371.2005309522217,-0.8721819851066023,-0.7659029306650158,-0.10627905444158653,0,1
2454,4971040,1838293880,369.5,372.0,367.5,371.5,2.5,3506,50.48457172502788,0.7421745567740459,-2.118656444494625,2.860831001268671,375.975,371.2227138446497,-0.8174688238996994,-0.5689518155664903,-0.24851700833320914,0,1
2454,4064705,1504875260,370.5,372.0,368.0,372.0,0.5,2880,50.91048545047327,0.6899995889222055,-1.7366651298771725,2.426664718799378,375.25,371.2802905968979,-0.9580695664012145,-0.5676420464544043,-0.39042751994681024,0,1
2454,12750908,4836577448,376.5,381.5,376.0,381.5,9.5,7844,58.257312078392204,1.3990932797628375,-0.8220571512292323,2.2211504309920698,374.925,372.0373061082388,-1.1121881536656408,-0.5774085069750644,-0.5347796466905764,1,0
2454,8223640,3147743849,385.0,386.0,379.0,379.0,-2.5,5607,55.886908850348725,1.7392767323614748,-0.38549895890447594,2.124775691265951,374.525,372.5530612113322,-1.1924810751042028,-0.526161142730901,-0.6663199323733018,1,0
2454,7243786,2786058610,382.5,387.0,381.0,387.0,8.0,5136,61.31173366095012,2.6241580501255157,0.3995058870876518,2.224652163037864,374.875,373.6232048253076,-1.1775408525905988,-0.40897673617383756,-0.7685641164167613,1,0
2454,13697380,5376008357,393.0,395.5,385.5,393.0,6.0,9300,64.807294229712,3.7661686774321197,1.2332132115154044,2.5329554659167153,375.725,375.05852298639593,-0.8246284501061614,-0.04485146695152009,-0.7797769831546413,1,0
2454,11199167,4433427510,393.0,399.0,389.5,396.5,3.5,7757,66.69752797540514,4.897189326433761,1.8913870884136363,3.0058022380201246,377.1,376.6467805429592,-0.41291482253989864,0.2934897284917941,-0.7064045510316928,1,0
2454,24248661,9839422426,396.5,412.0,395.5,408.0,11.5,14601,72.01600253096326,6.6448871075440366,2.911267895619129,3.7336192119249074,378.67500000000007,378.9692412434808,0.2715736040609079,0.7823825240740806,-0.5108089200131727,0,0
2454,10327206,4201516830,410.0,413.5,403.5,405.0,-3.0,7002,68.92366375338301,7.699124547359304,3.172404268347517,4.526720279011787,380.32500000000005,380.89744559581555,1.0869565217391304,1.2782123534018424,-0.1912558316627121,1,0
2454,8229135,3368098350,405.0,412.0,404.5,412.0,7.0,5744,71.95022147333073,8.995759298811606,3.575231215839855,5.420528082971751,381.95000000000005,383.201338514644,1.7295120636204264,1.536614316226511,0.1928977473939156,0,0
2454,11961184,5044765677,411.5,426.0,411.5,425.0,13.0,8873,76.52310202430063,10.946162488139692,4.420507524134352,6.52565496400534,383.92500000000007,386.2975356617074,2.468048706853163,1.820120767567398,0.6479279392857651,0,0
2454,14687309,6309224497,425.5,434.0,423.0,434.0,9.0,9263,79.06739719720677,13.067462280483426,5.233445853182468,7.834016427300957,386.42500000000007,389.83105153861794,3.2824745706186222,2.1076373050662855,1.1748372655523367,0,0
2454,12569714,5343148326,428.0,431.0,421.0,425.0,-9.0,7615,70.8038188843383,13.862583630262918,4.822853762369569,9.03972986789335,388.45000000000005,392.43615883205365,3.8603124067256944,2.1483801129386864,1.7119322937870083,0,0
2454,13226485,5502170290,425.0,428.0,411.0,414.0,-11.0,8664,62.24160024273612,13.450070914218202,3.528272837059882,9.92179807715832,390.55000000000007,394.03348040004965,4.376270010407874,2.131470173296692,2.2447998371111817,1,0
2454,8447587,3433675288,412.0,412.0,403.0,403.5,-10.5,6131,55.35975238174477,12.135993191798946,1.7713560917124997,10.364637100086446,392.20000000000005,394.73470407412003,4.522397891963091,1.822078443881527,2.7003194480815638,1,0
2454,5316072,2178548020,405.0,412.5,405.0,410.0,6.5,3890,58.42434110404222,11.486661720481266,0.8976196963158554,10.58904202416541,394.35,395.8654667352963,4.870039242730224,1.7357758357189277,3.134263407011296,1,0
2454,5132554,2102157912,404.0,414.5,404.0,408.0,-2.0,3641,57.12485383728834,10.68747994984227,0.07875034054148777,10.608729609300783,396.75000000000006,396.7643210512003,5.085356663062329,1.560874604840826,3.5244820582215026,1,0
2454,4915989,2011039465,409.5,413.0,405.0,410.5,2.5,3332,58.3712783352164,10.138975942078503,-0.37580293377782503,10.514778875856328,398.725,397.78177875111135,5.184077650865221,1.3276764741149742,3.8564011767502464,1,0
2454,9908952,4176054260,414.0,426.0,413.5,422.0,11.5,7286,63.61168323886475,10.511071366855276,-0.002966007200841503,10.514037374056118,401.325,399.5757210658438,5.338478069746982,1.1856615143973883,4.1528165553495935,1,0
2454,3777538,1581181658,418.5,421.0,416.5,419.5,-2.5,2813,61.79063569504131,10.483384632798845,-0.024522193005818593,10.507906825804664,403.85,401.05159357948503,5.09423566208044,0.7531352853846771,4.3411003766957625,1,0
2454,3798032,1595204929,420.0,423.0,417.0,421.0,1.5,2837,62.48458867189109,10.461882096056058,-0.03681978379888484,10.498701879854943,406.32500000000005,402.529253314338,4.916142557651982,0.46003374476497516,4.456108812887007,1,0
2454,6027873,2506359840,421.0,421.0,413.0,414.5,-6.5,3807,57.60247221416901,9.807293133125881,-0.5531269973832504,10.360420130509132,408.45000000000005,403.4159752910537,4.488321695160121,0.025770305818491046,4.4625513893416295,1,0
2454,11781615,4771919500,410.0,412.5,398.0,407.0,-7.5,8243,52.50485443882791,8.584383909939845,-1.4208289764554305,10.005212886395276,409.725,403.6814586028275,3.6435111942087417,-0.6552321561063108,4.2987433503150525,0,1
2454,7319917,2992980970,404.0,412.0,404.0,411.0,4.0,4964,54.80220265358653,7.847524730407315,-1.72615052479037,9.573675255197685,411.32500000000005,404.22357278039584,2.771542735246828,-1.22176049205458,3.993303227301408,0,1
2454,9091715,3814838655,420.0,422.5,416.0,418.5,7.5,6278,58.823894812340306,7.7790735244440725,-1.4356813846028906,9.214754909046963,412.9,405.28108590777396,2.1637510299803537,-1.4636417578568435,3.627392787837197,1,0
2454,11090564,4670771044,425.0,427.5,418.5,420.0,1.5,5691,59.59819086538145,7.7564513713452925,-1.1666428301613365,8.923094201506629,414.25,406.37137584053147,1.7937679376793814,-1.4668998801262527,3.260667817805634,1,0
2454,6115772,2583821732,424.0,426.0,420.0,422.5,2.5,4489,60.91729719402727,7.849765053432122,-0.8586633184596053,8.708428371891728,415.55,407.5660887412328,1.6925612052730576,-1.2544852900260612,2.947046495299119,1,0
2454,9884036,4243949980,425.0,432.5,423.0,431.5,9.0,7469,65.30855168372163,8.551366769557887,-0.12564928186707292,8.67701605142496,416.725,409.33897105669706,1.5621829985798104,-1.1078907973754468,2.670073795955257,1,0
2454,11677430,4988662195,434.0,437.0,420.0,421.5,-10.0,7900,57.56870040038751,8.20588245290935,-0.3769068788124894,8.58278933172184,417.55,410.23978801546025,1.456069157454472,-0.9712037108006282,2.4272728682551,1,0
2454,6767586,2826470537,418.5,425.0,412.0,416.5,-5.0,5007,54.1153718584709,7.442829128436415,-0.9119681626283391,8.354797291064754,417.775,410.70350742172246,1.223234482972306,-0.9632307082262355,2.1864651911985415,0,1
2454,7340205,3085144261,416.5,425.0,416.5,418.0,1.5,5232,54.987717206486,6.879834881303054,-1.1799699278093598,8.059804809112414,417.42500000000007,411.24398835344675,0.8520269435174608,-1.0675505981448647,1.9195775416623255,1,0
2454,6155565,2593854430,418.0,424.5,416.5,424.5,6.5,4243,58.655826974671285,6.878858364246412,-0.9447571558928018,7.823615520139214,416.95000000000005,412.22591514208034,0.6585332039373143,-1.008835470180009,1.6673686741173233,1,0
2454,6035907,2547424926,425.0,426.0,420.0,420.0,-4.5,4077,55.296204718862434,6.440727379495513,-1.1063105125149608,7.547037892010474,416.70000000000005,412.80177327970404,0.42039410987118064,-0.9975796513969141,1.4179737612680947,1,0
2454,5400845,2253137020,420.5,422.0,415.0,415.0,-5.0,3827,51.74948023117467,5.625203361477077,-1.5374676244267178,7.1626709859037945,416.75,412.9646048886149,0.365591397849441,-0.8419058907349231,1.207497288584364,0,1
2454,10360273,4402306500,419.0,427.5,418.0,426.5,11.5,5298,58.36420147341331,5.839534078283407,-1.0585095260963104,6.898043604379717,417.90000000000003,413.96722674871745,0.5557344126078636,-0.5214103007812003,1.077144713389064,1,0
2454,3307268,1405491632,427.0,427.0,423.5,425.0,-1.5,2266,57.261518886179246,5.821251487994516,-0.861433693108161,6.682685181102677,418.65000000000003,414.78446921177544,0.7143185263447812,-0.29026094963542615,1.0045794759802074,1,0
2454,6041435,2575782495,423.0,429.0,423.0,429.0,4.0,2655,59.461048896665446,6.0596767920360435,-0.49840671125330704,6.5580835032893505,419.70000000000005,415.8374714923847,0.8862561418009806,-0.09465866734338146,0.980914809144362,1,0
2454,10296487,4419156339,430.5,432.5,426.5,427.5,-1.5,4425,58.250379625642125,6.057762978484163,-0.4002564198441503,6.458019398328314,420.55,416.70136249294876,1.0958463517735688,0.0919452341033653,1.0039011176702035,1,0
2454,8981136,3876742616,430.5,434.0,428.0,432.5,5.0,5962,61.09400822084899,6.3860896148353845,-0.057543826794344,6.4436334416297285,421.07500000000005,417.87163193791554,1.2251863415828617,0.17702817913012647,1.0481581624527352,1,0
2454,11206360,4917489051,435.5,443.5,433.0,442.0,9.5,8079,65.85296370575637,7.328384391294776,0.7078007597320379,6.620583631562738,422.20000000000005,419.6589184610329,1.173956186550632,0.1006384192783174,1.0733177672723146,1,0
2454,16791241,7682430860,444.0,464.0,443.0,460.5,18.5,12576,72.82420628865894,9.458918653292358,2.270668017383695,7.188250635908663,424.175,422.68418376021566,1.4184397163120606,0.2760975592317967,1.1423421570802639,0,0
2454,11852129,5398380824,460.0,460.0,453.0,456.5,-4.0,6741,69.51947168029302,10.701258389577731,2.810406202935254,7.890852186642477,426.27500000000003,425.18905903723675,1.776910746151284,0.5076548712568161,1.269255874894468,1,0
2454,9032898,4102747586,455.5,456.0,451.5,454.5,-2.0,4482,67.86126944659723,11.393105665703558,2.8018027832488652,8.591302882454693,428.65000000000003,427.3602398492933,2.0638506136586097,0.6356757910113133,1.4281748226472963,1,0
2454,14495688,6469186230,454.5,454.5,442.0,446.0,-8.5,6593,61.18200897990642,11.127252612346865,2.0287597839137366,9.098492828433129,430.40000000000003,428.7409628234197,2.1570746645050867,0.5831198734862322,1.5739547910188545,1,0
2454,5692155,2549226365,445.5,450.0,442.0,449.0,3.0,2575,62.58184070544969,11.031473124818433,1.5463842371082421,9.48508888771019,431.92500000000007,430.24163224390713,2.4737945492662345,0.719871806597904,1.7539227426683306,1,0
2454,3108958,1386672768,448.0,448.0,444.5,445.0,-4.0,1978,59.50085688972031,10.51162910325263,0.8212321724339517,9.690396930818679,433.17500000000007,431.3348446702844,2.8222252102848997,0.8546419740932552,1.9675832361916445,1,0
2454,2911788,1308453676,444.0,453.0,444.0,452.0,7.0,2348,62.939412960163,10.542957814524414,0.6820487069645882,9.860909107559825,434.65000000000003,432.86559691693,3.031183420491953,0.8508801474402468,2.1803032730517065,1,0
2454,5855027,2664446677,459.5,460.5,449.0,449.0,-3.0,4093,60.56603283183504,10.208039194415107,0.27770406948422455,9.930335124930883,435.52500000000003,434.0607378860463,3.17782134687935,0.7980144590621148,2.379806887817235,1,0
2454,4173840,1876123708,451.5,452.5,446.0,446.5,-2.5,2964,58.583486852536744,9.629877435703634,-0.2403661513817994,9.870243587085433,436.775,434.98216470930214,3.15261311664668,0.6182449830635557,2.5343681335831243,1,0
2454,2909387,1299160764,446.5,447.5,445.0,446.5,0.0,2076,58.583486852536744,9.067159505821962,-0.6424672650107777,9.70962677083274,438.275,435.8353376937983,3.1928706326723035,0.5268019992713433,2.6660686334009602,1,0
2454,5710571,2530779595,443.5,446.5,441.0,443.5,-3.0,3518,56.03094596155382,8.283637942458029,-1.140791062699769,9.424429005157798,439.55000000000007,436.4030904572206,3.175514530518496,0.40755671769402824,2.7679578128244677,1,0
2454,6237434,2758621262,445.0,446.0,440.5,441.5,-2.0,4171,54.3313662369829,7.415823179794472,-1.6068846602906603,9.022707840085133,440.4,436.7806393122413,2.9703915950334245,0.16194702576716535,2.808444569266259,1,0
2454,12375266,5364928476,445.0,445.5,423.0,434.5,-7.0,9265,48.75691024956204,6.092995964832539,-2.3437695002020753,8.436765465034615,441.125,436.6117030668901,2.36543514318845,-0.35440754086224713,2.7198426840506973,0,1
2454,8520516,3632830840,428.0,431.5,424.0,424.0,-10.5,6039,41.824851771898146,4.1495501871291935,-3.4297722223243374,7.579322409453531,441.57500000000005,435.67750283971304,1.812520196233953,-0.7258579902533955,2.5383781864873485,0,1
2454,11707155,4982703572,428.0,431.0,418.0,426.0,2.0,7952,43.473409694530034,2.739163322123659,-3.872127269863898,6.611290591987557,441.55,434.96065077751206,1.2281783611563724,-1.048159860264781,2.2763382214211534,0,1
2454,9695448,4178143323,426.0,436.5,424.0,430.5,4.5,6606,47.105404463817514,1.9619181905993628,-3.7194979211105554,5.681416111709918,441.82500000000005,434.6302322014001,0.808000821198641,-1.17466992017801,1.9826707413766511,0,1
2454,7061194,3077279278,435.0,439.0,432.5,437.0,6.5,4873,51.911769460032446,1.8491259286860782,-3.0658321464190728,4.914958075105151,442.225,434.80577055685194,0.41137804324591914,-1.2570341585045857,1.6684122017505048,0,1
2454,7882248,3401903337,439.5,441.0,426.0,432.0,-5.0,5974,48.27769901722305,1.3408228638971877,-2.859308168966371,4.200131032863559,442.45000000000005,434.5979357007888,0.09802200374530604,-1.256312158404159,1.3543341621494651,0,1
2454,10239998,4358608124,432.0,435.0,422.0,422.0,-10.0,8127,41.95217296735521,0.12957889161077674,-3.256441713002226,3.3860206046130026,441.92500000000007,433.66475527850815,-0.49002398923411605,-1.4754865211068648,0.9854625318727489,0,1
2454,19437055,8113096100,422.5,424.5,412.5,416.0,-6.0,12927,38.677663501582394,-1.2995105897146004,-3.7484249554620823,2.448914365747482,440.62500000000006,432.35625488750753,-1.1262249524645493,-1.6893499874698388,0.5631250350052893,0,1
2454,26086092,10741727720,409.0,419.0,406.5,416.0,0.0,17129,38.677663501582394,-2.404358353263376,-3.8826181752086866,1.4782598219453105,438.40000000000003,431.14468045139586,-1.6155006075512173,-1.7429005140452052,0.127399906493988,0,1
2454,13075722,5495435494,419.0,423.5,415.0,421.0,5.0,8603,42.979104257173134,-2.84371932637697,-3.457583318657824,0.6138639922808544,436.625,430.39322264018136,-2.066400128875422,-1.755040028295528,-0.31136010057989405,0,1
2454,8818316,3724242970,428.0,428.0,418.5,420.5,-0.5,5956,42.65687205346987,-3.195426991051363,-3.047432786665774,-0.1479942043855891,434.925,429.66039133350125,-2.4314104818853264,-1.6960403050443458,-0.7353701768409806,0,1
2454,6172773,2590427739,421.0,422.0,417.0,419.0,-1.5,4178,41.648055388524824,-3.554224426439589,-2.7249841776432,-0.8292402487963891,433.57500000000005,428.8707327162049,-2.7874334492013935,-1.6416506178883303,-1.1457828313130631,0,1
2454,22330256,8733286560,400.0,400.5,382.5,383.5,-35.5,14587,25.985196747875122,-6.626738378080631,-4.637998503427394,-1.9887398746532379,430.30000000000007,425.5099377001897,-3.3430553714260425,-1.7578180320903833,-1.5852373393356591,0,1
2454,10439123,4053010283,385.0,393.0,382.0,388.0,4.5,6604,29.599470705379368,-8.599485908533552,-5.288596827104251,-3.310889081429301,427.45000000000005,422.731423796472,-3.572221482172187,-1.589587314269222,-1.9826341679029649,0,1
2454,10641830,4039690053,376.5,387.0,373.0,382.0,-6.0,6696,27.660021487695108,-10.525718464774002,-5.771863506675761,-4.753854958098241,423.95000000000005,419.7142812930296,-3.747838788529192,-1.4121636965009814,-2.3356750920282106,0,1
2454,9511276,3714645692,384.0,396.5,384.0,390.5,8.5,6475,34.234274879119994,-11.236861140292604,-5.1864049457554895,-6.050456194537114,421.02500000000003,417.5502604565089,-3.9560093558834133,-1.296267411084162,-2.659741944799251,0,1
2454,16355382,6272530188,390.5,390.5,378.5,381.0,-9.5,11107,30.858788929895105,-12.42380356538223,-5.098677896676092,-7.3251256687061375,417.75,414.8428337560268,-4.415515810127527,-1.4046190922626205,-3.0108967178649064,0,1
2454,10507866,4040943705,381.0,390.5,380.0,382.0,1.0,7266,31.623057372028185,-13.132390325034976,-4.645811725063069,-8.486578599971907,414.52500000000003,412.41003125558035,-4.8450759818433085,-1.4673434111827213,-3.377732570660587,0,1
2454,10226510,3905283810,380.5,385.5,379.0,381.0,-1.0,6890,31.251044332049887,-13.617666101685586,-4.1048700013709425,-9.512796100314644,411.40000000000003,410.0833622736855,-5.066220613170793,-1.350790434008164,-3.7154301791626287,0,1
2454,11049172,4211632204,377.5,386.5,375.0,380.0,-1.0,7215,30.860080977857812,-13.922452922688933,-3.5277254578994306,-10.394727464789502,408.32500000000005,407.85496506822733,-5.216449218569921,-1.2008152315258336,-4.015633987044088,0,1
2454,11384133,4418605620,382.0,391.5,382.0,390.0,10.0,7917,39.0691421678752,-13.204864786179428,-2.24810985711194,-10.956754929067488,406.1,406.53237506317345,-5.19389190275268,-0.9426063325668741,-4.251285570185806,0,1
2454,13600808,5440307816,398.0,403.5,395.0,401.5,11.5,8503,46.88010165578793,-11.57479015174971,-0.49442817814577644,-11.080361973603933,404.975,406.1596065399754,-5.167970690511675,-0.7333480962606949,-4.43462259425098,0,1
2454,15526270,6348760210,408.5,412.0,406.5,408.5,7.0,8732,50.99791393724958,-9.607355151535558,1.1784054576547014,-10.785760609190259,404.1,406.33296901849576,-5.074157163332726,-0.5116276552653964,-4.562529508067329,1,0
2454,9177582,3724845554,407.0,408.0,403.5,405.5,-3.0,6104,49.236331802856064,-8.195748183828869,2.0720099402891137,-10.267758124117982,402.85,406.2712676097183,-4.983422476619461,-0.33671437484170585,-4.646708101777755,1,0
2454,9237824,3669593100,397.5,399.5,394.0,398.0,-7.5,6894,45.04703272201327,-7.594680067433899,2.138462445347267,-9.733142512781166,400.9,405.65858112010955,-4.279947855314219,0.29340819717082933,-4.573356052485049,0,1
2454,7500223,2956294585,394.0,396.5,392.0,392.0,-6.0,5297,41.97041451657591,-7.5158411720539675,1.7738410725817584,-9.289682244635726,398.9,404.6468343704718,-3.749289907214555,0.6592529162163947,-4.40854282343095,0,1
2454,9008260,3519298920,395.0,396.0,387.5,388.5,-3.5,6307,40.243752393540916,-7.647624474282736,1.3136462162823932,-8.96127069056513,397.225,403.45077256525167,-3.1943387853429903,0.9713632304703679,-4.165702015813358,0,1
2454,8177571,3199218235,391.5,394.0,387.5,394.0,5.5,5293,44.133277890772376,-7.224974645837676,1.3890368357819636,-8.61401148161964,396.125,402.750715338196,-2.845063258948433,1.0565110054919402,-3.9015742644403733,0,1
2454,7800080,3038322028,394.0,394.0,388.0,388.0,-6.0,6438,40.99817985979229,-7.290135325593383,1.0591009248210064,-8.349236250414389,394.725,401.6580697575889,-2.346541602858602,1.2440261292654173,-3.5905677321240193,0,1
2454,13117425,4973563735,382.5,384.5,376.0,377.0,-11.0,8825,35.95534731614973,-8.135601552460798,0.17090775836287264,-8.306509310823671,392.52500000000003,399.8315460718416,-1.948145653951611,1.3139376625379267,-3.2620833164895378,0,1
2454,10230047,3865178360,374.5,383.0,371.0,378.5,1.5,7545,37.09166924879105,-8.585632339294648,-0.22329842277678047,-8.362333916517867,390.42500000000007,398.2514315480015,-1.4455946852425297,1.4531909049976068,-2.8987855902401365,0,1
2454,10994144,4135433490,375.0,380.0,373.0,375.0,-3.5,7002,35.50855247119033,-9.11958087781926,-0.6057975690411137,-8.513783308778146,388.225,396.5291032851866,-1.0044751434964547,1.5154483573949455,-2.5199235008914003,0,1
2454,14733370,5392264050,376.0,378.0,360.0,360.0,-15.0,9355,29.6648665041536,-10.630570976346291,-1.6934301340545161,-8.937140842291775,387.05000000000007,393.82324378258016,-1.0399334442595796,1.1839920453054569,-2.2239254895650364,0,1
2454,11727602,4237999575,356.0,368.0,353.5,363.0,3.0,7845,32.07262761320362,-11.453932780305081,-2.013433550410644,-9.440499229894437,385.80000000000007,391.54004053942606,-1.3446149809786225,0.7034484068691313,-2.048063387847754,0,1
2454,10014005,3747508875,373.0,378.5,371.0,372.0,9.0,6126,38.83711624127742,-11.250538948303529,-1.4480317747272728,-9.802507173576256,385.3,390.0926301290982,-1.697134387351792,0.2807432003967696,-1.9778775877485615,0,1
2454,10894688,4012499436,371.5,372.5,364.0,370.5,-1.5,5720,38.155128591023896,-11.082631656013973,-1.0240995859501734,-10.0585320700638,384.3,388.6413241936095,-1.9572305807968027,0.016517605561407134,-1.9737481863582098,0,1
2454,11305601,4317208665,377.5,385.0,376.0,385.0,14.5,7410,47.71343732502657,-9.668087405291203,0.3123557318180783,-9.980443137109281,384.5,388.37159647556433,-1.891070360773366,0.06614226046787497,-1.957212621241241,1,0
2454,7682406,2914891650,380.0,382.5,376.5,378.5,-6.5,5211,44.40062747535713,-8.968167124465197,0.8098208101152693,-9.777987934580466,384.32500000000005,387.640367107004,-1.7861610046530312,0.13684129327056804,-1.9230022979235992,0,1
2454,11652891,4271197888,368.5,371.0,361.0,366.5,-12.0,7613,39.01495992007188,-9.274860156587692,0.40250222239421873,-9.677362378981911,383.6,386.0744139879667,-2.096593661771838,-0.13887309107859092,-1.9577205706932472,0,1
2454,11832469,4357631145,363.5,373.5,362.0,373.5,7.0,7776,43.332958091649914,-8.851045749770947,0.6610533033687727,-9.51209905313972,383.27500000000003,385.14297591478396,-2.3999531553235767,-0.35378606770426346,-2.046167087619313,0,1
2454,9371669,3471915840,373.5,377.0,362.0,363.0,-10.5,6371,38.88539977597695,-9.255737644717726,0.2050891267375956,-9.460826771455322,381.92500000000007,383.5027554766518,-2.758221864628392,-0.5696438216072628,-2.188578043021129,0,1
2454,19312208,6651230970,356.0,358.5,336.0,336.0,-27.0,12801,30.27927042154393,-11.62117160634591,-1.7282758679124708,-9.89289573843344,378.6500000000001,379.98403284875167,-3.120628339316724,-0.7456402370364756,-2.3749881022802484,0,1
2454,23633277,7679822957,307.5,348.0,305.0,341.0,5.0,15128,33.22651558847475,-12.943136429771414,-2.4401925530703785,-10.502943876701035,375.2750000000001,377.0963267118071,-3.55214838131019,-0.941728223223953,-2.610420158086237,0,1
2454,12157253,4020202713,333.0,342.5,320.0,320.0,-21.0,8087,27.893309557768593,-15.506577400492063,-4.002906819032821,-11.503670581459241,371.00000000000006,372.8669691775992,-4.158790170132334,-1.2386960096368775,-2.9200941604954562,0,1
2454,14400860,4580804120,308.0,328.5,308.0,315.5,-4.5,9491,26.897019886074574,-17.697232549626563,-4.954849574533856,-12.742382975092706,366.87500000000006,368.61756405333256,-4.5048520385419915,-1.267806302437228,-3.2370457361047635,0,1
2454,14131612,4441650824,315.5,321.5,301.5,301.5,-14.0,9639,24.022271387679336,-20.328689061915668,-6.069044869458368,-14.2596441924573,362.35,363.64589264197457,-5.109325036729772,-1.4978234405000066,-3.6115015962297656,0,1
2454,25712419,7248969225,291.0,298.5,273.0,274.0,-27.5,16966,19.59255344928816,-24.352437736080446,-8.074234834898515,-16.27820290118193,356.625,357.00545614997645,-6.182753372172356,-2.057001420754072,-4.125751951418284,0,1
2454,17586676,5245651976,296.0,301.0,287.0,301.0,27.0,8826,32.71199655110112,-25.073580569274156,-7.036302134473779,-18.037278434800378,351.975,352.8569038425708,-6.780005658108784,-2.1234029653524003,-4.656602692756384,0,1
2454,21198004,6537935776,307.0,314.0,296.0,308.0,7.0,14232,35.64375887274533,-24.79443514719776,-5.405725369917906,-19.388709777279853,347.975,349.5341702246026,-7.564384394045008,-2.3262253610308985,-5.238159033014109,0,1
2454,13447078,4486612738,336.0,338.5,326.0,330.0,22.0,8947,43.91460969251766,-22.538188048451843,-2.5195826169375906,-20.018605431514253,345.62500000000006,348.0871946524098,-7.945945945945962,-2.1662295303454817,-5.77971641560048,0,1
2454,20283591,6973782076,348.0,353.0,330.0,334.5,4.5,13754,45.45865443773571,-20.154653278226988,-0.10883827737018592,-20.045815000856802,343.42500000000007,347.0807357892683,-8.064369818030091,-1.8277227219436885,-6.236647096086402,0,1
2454,11554093,3906131492,339.0,345.0,328.0,343.5,9.0,8461,48.51170054085578,-17.3395801302932,2.1649878964508815,-19.50456802674408,341.85,346.81549610117435,-8.287736193185966,-1.6408712776796506,-6.646864915506315,1,0
2454,13224545,4583620030,359.5,359.5,336.5,340.0,-3.5,9161,47.40047947089811,-15.21563871660959,3.431143448107594,-18.646782164717184,340.85,346.3106445381244,-8.346627060527746,-1.3598097160171445,-6.986817344510602,0,1
2454,11164349,3697049811,329.5,336.5,323.0,336.5,-3.5,7513,46.25934164911544,-13.657386740457355,3.9915163394078625,-17.648903079865217,339.52500000000003,345.583930127893,-7.75114408030707,-0.6114613886371743,-7.139682691669896,0,1
2454,10956002,3640562391,339.0,343.5,326.0,327.5,-9.0,7793,43.36809676787743,-12.998843035603556,3.720048035409331,-16.718891071012887,337.3,344.2443797480491,-7.455089264151303,-0.25232525798512473,-7.202764006166178,0,1
2454,6677209,2209097396,333.0,334.0,325.5,334.0,6.5,4960,45.993447983512596,-11.816236508602913,3.922123649927981,-15.738360158530893,335.475,343.48553680374914,-6.669653357226867,0.4264885191514489,-7.096141876378316,0,1
2454,8234391,2805449722,346.0,346.0,336.5,341.0,7.0,5494,48.74893587832046,-10.196630409002978,4.433383799622334,-14.630014208625312,333.27500000000003,343.3014229664344,-5.65459453379822,1.153237874064077,-6.807832407862297,1,0
2454,10214322,3551388356,348.0,350.0,346.0,347.0,6.0,5632,51.054122391090644,-8.332874856222361,5.037711481922361,-13.370586338144722,331.70000000000005,343.57539163558744,-4.244236338335422,2.0508768556215005,-6.295113193956922,1,0
2454,6885590,2399316273,346.0,352.0,345.0,349.5,2.5,4941,52.022433338967225,-6.5782757780469865,5.433848448078189,-12.012124226125175,330.85,344.01425151443283,-2.282782641438409,3.209864442014811,-5.49264708345322,1,0
2454,8237776,2892865250,356.0,356.0,347.5,351.5,2.0,5200,52.826462567462826,-4.969079625310769,5.634435680651526,-10.603515305962295,329.75,344.56875140225264,-0.9180711080948913,3.6596607802866634,-4.577731888381555,1,0
2454,6619621,2318809264,352.5,352.5,348.0,350.0,-1.5,4052,52.12097062053536,-3.771343840399936,5.465737172449888,-9.237081012849824,329.1,344.9710661131969,0.3609630721547931,3.9509559684290787,-3.5899928962742855,1,0
2454,7148004,2515220408,349.0,354.5,348.5,351.5,1.5,4177,52.79981297901819,-2.6703104608783406,5.253416441577187,-7.9237269024555275,329.875,345.4546908455527,1.1070075757575557,3.757600377625473,-2.6505928018679175,1,0
2454,13578196,4929041591,354.0,368.5,353.5,365.5,14.0,8960,58.687284249369185,-0.6604374659725067,5.810631549186417,-6.471069015158924,331.1,346.93952856069694,2.0965017178216625,3.797675615751664,-1.7011738979300015,1,0
2454,8890815,3253892664,370.0,370.5,363.5,365.5,0.0,5873,58.68728424936918,0.9217757062867236,5.914275777156519,-4.992500070869795,333.37500000000006,348.31437829694164,2.7915597376675074,3.594186908478007,-0.8026271708104997,1,0
2454,6871648,2491533020,361.0,365.5,360.5,361.5,-4.0,4174,56.35789963235536,1.831808525506574,5.4594468771010956,-3.6276383515945216,335.67500000000007,349.2910910156867,3.3818354731335885,3.3475701151552704,0.03426535797831792,1,0
2454,13317197,4923770465,379.0,379.0,363.0,368.0,6.5,8819,59.19239862483092,3.042440409220035,5.336063008651646,-2.2936225994316106,339.0,350.6769361256358,4.226142895207628,3.3535020297834484,0.8726408654241801,1,0
2454,5979488,2213219259,371.0,373.5,366.5,370.0,2.0,3799,60.052135498353486,4.115813646782215,5.12754899697106,-1.0117353501888455,343.8,352.1082741904035,5.193595009888928,3.4567633155717985,1.7368316943171298,1,0
2454,11421460,4098032604,367.0,367.0,352.0,353.5,-16.5,8627,50.583782903859145,3.5936324095812324,3.6842942078160625,-0.09066179823482992,346.42499999999995,352.21136499111435,5.465087589439897,2.982604716098214,2.4824828733416835,1,0
2454,12142371,4208265880,350.0,352.0,342.0,346.0,-7.5,9299,46.95942761826418,2.5452723814655656,2.1087473437603164,0.43652503770524925,348.325,351.75126388066144,5.5283673817788515,2.436707606749734,3.0916597750291173,0,1
2454,8791011,3063268876,347.5,351.0,344.0,351.0,5.0,5965,49.554419521031804,2.093762132868221,1.3257896761303776,0.7679724567378436,349.375,351.69561470431614,5.255646914280299,1.7311897114009454,3.5244572028793537,1,0
2454,6025467,2112875917,351.0,353.0,348.0,348.5,-2.5,4076,48.282464019154624,1.5167240505441555,0.5990012750450494,0.9177227754991061,350.07500000000005,351.45890250399646,4.838709677419344,1.0514019796319922,3.787307697787352,0,1
2454,13194986,4820204264,357.0,374.0,355.5,372.0,23.5,9305,58.949046793767685,2.921987956979251,1.603412145184116,1.3185758117951352,351.50000000000006,352.9804652814782,4.508089526585198,0.5766254630382761,3.9314640635469216,1,0
2454,10769852,3988722587,374.5,375.0,363.5,375.0,3.0,7675,60.08094104252838,4.228995428323174,2.3283356932224306,1.900659735100743,353.25000000000006,354.61154192729464,3.9385206532180486,0.005645271736901325,3.9328753814811472,1,0
2454,31507975,12411291051,400.0,400.0,386.5,398.0,23.0,21633,67.48344154744638,7.0395682856060375,4.111126840404236,2.928441445201802,356.32500000000005,357.8255017845321,3.937749022188096,0.003898912565558632,3.9338501096225373,1,0
2454,22045679,9056156448,412.0,415.5,405.0,415.0,17.0,14050,71.66574648789702,10.51748641270109,6.071235973999429,4.44625043870166,360.70000000000005,362.0606498004927,3.894790085988855,-0.03124801890694595,3.926038104895801,0,0
2454,11748303,4709062700,404.0,405.0,398.0,399.5,-15.5,8589,63.62976544226522,11.886026410707814,5.951820777604922,5.934205633102891,363.975,364.83393500045617,3.910494325211106,-0.01243502374775618,3.922929348958862,1,0
2454,7287899,2917832410,403.5,405.5,396.0,401.5,2.0,5685,64.1877749017235,12.982335224978499,5.638503673500486,7.343831551478013,367.0,367.54993981523717,4.092567868268759,0.1357108154479172,3.9568570528208418,1,0
2454,10340772,4204073308,405.0,409.5,401.5,408.0,6.5,6072,66.01284007888094,14.21183831051843,5.494405407232334,8.717432903286097,370.05,370.54624056966406,4.299706516742674,0.27427957113746526,4.025426945605209,1,0
2454,8184230,3379054800,412.0,415.0,411.0,411.0,3.0,5478,66.85247550612979,15.252482171719066,5.228039414746375,10.024442756972691,373.125,373.54281534228153,4.455323927844465,0.34391758579140497,4.11140634205306,1,0
2454,6884964,2852857389,415.0,418.0,411.5,411.5,0.5,4489,66.99880738458467,15.933870015432149,4.727541806767565,11.206328208664583,376.125,376.35445865026065,4.949684877607136,0.6706228284432605,4.279062049163875,1,0
2454,6480940,2658770900,415.5,415.5,407.0,410.0,-1.5,4593,66.05667807429866,16.166480206199594,3.9681215980280076,12.198358608171587,379.125,378.8467209724636,5.489099476982023,0.9680299422545184,4.521069534727505,1,0
2454,5093041,2075357228,408.0,409.5,404.0,407.0,-3.0,3520,64.1148240608553,15.925175025676026,2.9814531340035515,12.943721891672475,381.90000000000003,380.9321490485774,5.944732829658541,1.1389306359448286,4.8058021937137125,1,0
2454,11287740,4685732680,408.5,420.0,407.0,420.0,13.0,7564,68.44385396198201,16.591671821269586,2.9183599436776877,13.673311877591898,384.625,383.82606393386794,6.670915115982652,1.492090337815151,5.178824778167501,1,0
2454,8304088,3425799668,417.0,419.0,406.5,411.0,-9.0,6379,62.79590611633794,16.20682832127858,2.0268131549493447,14.180015166329234,386.9,385.83894808691474,6.835334042445413,1.3252074114223298,5.510126631023083,1,0
2454,5826797,2391258070,414.0,415.5,404.5,411.0,0.0,4110,62.79590611633794,15.720619558365001,1.2324835136286136,14.488136044736388,389.375,387.70272971010627,6.959126145172655,1.1591996113196572,5.7999265338529975,1,0
2454,25672990,11420605156,452.0,452.0,436.5,440.5,29.5,16188,71.67976961600702,17.513810760545425,2.4205397726472295,15.093270987898196,393.0,391.61363862046875,6.928091531963007,0.9025319984880076,6.025559533475,0,0
2454,23381164,10775474986,462.5,464.0,458.0,462.0,21.5,14326,76.14974645565714,20.43424477068055,4.272779026225884,16.161465744454667,397.6,396.8274431671007,6.751200578909261,0.5805128363474088,6.170687742561852,0,0
2454,18969567,8904290369,467.0,479.0,464.0,470.0,8.0,12582,77.5684878877671,23.12764184676155,5.572940881845504,17.554700964916044,403.425,402.24763256213026,7.007234007965526,0.669237012322939,6.3379969956425874,0,0
2454,9455736,4403000074,470.0,472.0,460.5,464.5,-5.5,6202,74.29632460239036,24.53554392236049,5.5846743659555536,18.950869556404935,409.35,406.8589190390095,7.3024843420438135,0.7715898771209808,6.530894464922833,0,0
2454,15484024,6915073334,446.5,455.0,440.0,442.0,-22.5,10880,62.65256998934821,23.564121971079203,3.690601931739412,19.87352003933979,413.90000000000003,409.46196207315694,7.2217427438946284,0.5526786231774361,6.669064120717192,1,0
2454,11364742,5164434635,451.5,460.0,449.0,460.0,18.0,7958,67.09537569735873,23.970396830091545,3.277501432601401,20.692895397490144,419.475,413.2055204381083,7.226998527525762,0.4463475254468552,6.780651002078907,1,0
2454,6684259,3099929881,460.0,468.0,458.0,460.0,0.0,4925,67.09537569735873,24.015536428120072,2.6581128245039416,21.35742360361613,423.875,416.6717781834336,7.287595548649351,0.4055556372563558,6.8820399113929955,1,0
2454,8859230,4103795784,465.0,466.0,459.5,464.5,4.5,5659,68.19245036773343,24.136195242209453,2.2230173108746563,21.913177931334797,428.35,420.2146094291052,7.443448769407878,0.449127086411905,6.994321682995973,1,0
2454,10968535,5042125065,468.0,469.0,453.5,460.0,-4.5,7753,65.82881766674588,23.596697786100492,1.3468158838125568,22.249881902287935,431.45000000000005,423.16167539731964,7.447201811543963,0.362304102838392,7.084897708705571,1,0
2454,9592183,4434895676,460.0,467.0,453.5,463.0,3.0,5039,66.65851940416073,23.144422596429933,0.7156325553135972,22.428790041116336,433.85,426.1126624049256,7.149606059220626,0.05176668041204291,7.097839378808583,1,0
2454,8808266,4094933126,468.0,470.0,460.0,461.5,-1.5,5843,65.79825675114924,22.406663714534943,-0.017701061265114504,22.424364775800058,436.95000000000005,428.7339466712274,7.068283998672324,-0.023644304109008196,7.091928302781332,1,0
2454,17040745,8263201631,488.0,490.5,479.5,485.0,23.5,11511,71.91373796011449,23.447944776132488,0.8188640002659433,22.629080775866544,441.125,432.9018024733587,7.195123768647251,0.08255637269273564,7.112567395954516,0,0
2454,9783845,4795053535,492.0,493.5,487.0,490.0,5.0,6731,73.01915160410822,24.395410624664635,1.4130638790384715,22.982346745626163,445.225,437.1312985864433,7.02487870341695,-0.07015095403005311,7.095029657447003,0,0
2454,8538190,4164028020,485.0,493.0,482.0,490.0,0.0,5735,73.01915160410822,24.85971679517087,1.5018960396357635,23.357820755535105,449.175,441.0474986911512,6.478196761996511,-0.4934663163603936,6.9716630783569045,0,0
2454,8958917,4427235038,493.0,497.5,491.0,494.0,4.0,5831,73.9696898034128,25.25927613906981,1.5211643068277638,23.738111832242048,453.3,444.96990619551036,6.041983351429595,-0.7437437815418484,6.785727132971443,0,0
2454,9669114,4816878316,495.5,505.0,493.0,494.5,0.5,6567,74.0925562316713,25.324352250226354,1.2689923343874447,24.05535991583891,457.52500000000003,448.63880203287994,5.875460087416595,-0.7282136364438792,6.603673723860474,0,0
2454,7942284,3924509580,491.0,499.5,487.5,497.5,3.0,5550,74.8593290133459,25.326057439876365,1.0165580192299615,24.309499420646404,462.05000000000007,452.25815003044437,6.016538351867679,-0.46970829759423705,6.486246649461916,0,0
2454,6677972,3336974966,495.5,503.0,495.0,500.0,2.5,4723,75.50981453620044,25.23820757490273,0.7429665234050589,24.495241051497672,466.05000000000007,455.79458336152254,5.865886245069327,-0.49628832351407137,6.362174568583399,0,0
2454,11175186,5609874256,500.0,509.0,496.0,496.5,-3.5,6813,72.67478715066231,24.60256215277343,0.08585688102060374,24.516705271752826,470.32500000000005,458.8097994088172,5.7428924251354045,-0.4954257147583956,6.2383181398938,0,0
2454,12644920,6151832640,473.0,495.5,473.0,492.5,-4.0,7828,69.4648566530815,23.50508995990549,-0.8092922494778705,24.31438220938336,474.40000000000003,461.3053698229789,5.529539657983851,-0.5670227855279597,6.096562443511811,1,0
2454,7204482,3586931838,498.0,505.0,492.5,492.5,0.0,5822,69.4648566530815,22.377382800708062,-1.5495995269402414,23.926982327648304,477.0,463.6160831694249,5.4044326314769116,-0.5537038496279196,5.958136481104831,1,0
2454,11665647,5862318882,492.0,510.0,491.5,510.0,17.5,8554,75.05520871474849,22.634850037226215,-1.0337058323376702,23.668555869563885,479.4,467.0519288605786,5.3750154454466745,-0.46649682852652585,5.8415122739732,0,0
2454,7132179,3630936522,511.0,516.0,505.0,510.0,0.0,4807,75.05520871474849,22.57862237310536,-0.8719467971668209,23.450569170272182,481.4,470.2332674634987,5.346810972704363,-0.3957610410150707,5.742572013719434,0,0
2454,5601592,2864049135,515.0,515.0,508.0,513.0,3.0,4127,75.93129035022618,22.516579361351376,-0.7471918471366479,23.263771208488023,483.825,473.4011735773136,5.044384094686059,-0.5585503352267001,5.602934429912759,0,0
2454,22189522,11989751968,520.0,560.0,518.0,546.0,33.0,15535,83.00288413690588,24.843849601585703,1.2640627144781433,23.57978688710756,489.025,478.7788644234385,4.880183900672239,-0.578200423392417,5.458384324064656,0,1
2454,17896887,10151518290,553.0,576.0,546.0,576.0,30.0,13403,86.79984096703772,28.777251076395032,4.157971351429978,24.619279724965054,494.82500000000005,485.9804300217023,4.985292759816891,-0.3784732513982121,5.363766011215103,0,1
2454,16106824,9274502722,580.0,594.0,558.0,574.0,-2.0,12564,85.42970783007438,31.371485837839487,5.4017648902995425,25.969720947539944,500.52500000000003,492.5003981682429,5.245124911895992,-0.09491287945528892,5.340037791351281,0,1
2454,9137582,5259213560,572.0,584.0,568.0,580.0,6.0,7353,86.13670278196518,33.525128618596966,6.044326136845616,27.48080248175135,506.30000000000007,498.9818501557805,5.718941569023039,0.30312302213740683,5.415818546885633,0,1
2454,12360207,7025233756,566.0,576.0,563.0,565.0,-15.0,8848,76.18409159966478,33.63382163920642,4.9224153259640495,28.711406313242367,511.55000000000007,503.8720834775745,6.07186874133414,0.524840155558806,5.547028585775334,0,0
2454,9477547,5446853713,569.0,579.0,568.0,579.0,14.0,6474,78.6621979279795,34.45249769080408,4.592873102049367,29.859624588754713,517.35,509.4371143310875,6.451469222056758,0.7235525090251391,5.727916713031619,0,0
2454,7704668,4509588420,590.0,594.0,575.0,577.0,-2.0,6026,77.42280691926383,34.541745335892756,3.745696597710431,30.796048738182325,523.125,514.4417725287848,6.683545579362366,0.7645030930645973,5.919042486297768,0,0
2454,6031098,3479994448,577.0,582.0,573.0,574.0,-3.0,4713,75.50116760812965,33.978714341749765,2.546132482853949,31.432581858895816,527.575,518.8534930822082,7.095400447092012,0.9410863686353945,6.1543140784566175,0,0
2454,8709502,5076814670,575.0,587.0,575.0,585.0,11.0,6503,77.68791781805015,34.02786425412501,2.0762259161833505,31.951638337941656,532.325,523.7532343353779,7.5894238026304395,1.1480877793390576,6.441336023291382,0,0
2454,7257983,4246965987,587.0,589.0,580.0,589.0,0.0,5745,78.44148943569904,33.997678410497315,1.6368320580445257,32.36084635245279,537.275,528.5863280883128,7.863184994483248,1.1374791769534927,6.7257058175297555,0,0
2454,19739242,12030718684,598.0,632.0,595.0,618.0,29.0,13788,82.9401426596238,35.89998091579764,2.831307650675882,33.06867326512176,543.4749999999999,535.2095630447341,8.325456264087814,1.2798003572464465,7.045655906841367,0,1
2454,23384399,15334797441,629.0,674.0,625.0,661.0,43.0,17451,87.20392982757794,40.41147170011209,5.874238747992258,34.53723295211983,551.8,544.5273731895686,9.086564881848357,1.632727180005591,7.453837701842766,0,1
2454,17228954,11275283916,661.0,663.0,640.0,651.0,-10.0,14157,82.066985800684,42.687865087251794,6.520505708105567,36.16735937914623,559.475,552.4142344347857,9.23352545289533,1.4237502008420506,7.80977525205328,0,1
2454,17015547,10729476093,641.0,647.0,616.0,616.0,-35.0,13330,67.15600088934399,41.19286999071164,4.020408489252333,37.17246150145931,565.275,557.1242911433201,8.838127269966936,0.822681614330925,8.015445655636011,1,0
2454,10446840,6560638360,626.0,639.0,618.0,629.0,13.0,8478,69.38128181291094,40.58918015734582,2.73337492470921,37.85580523263661,571.9,562.4484177252964,8.615245827695084,0.4798401376472583,8.135405690047826,1,0
2454,9446920,5812727670,627.0,628.0,610.0,611.0,-18.0,7700,63.014990273205264,38.21775159664787,0.2895570912090051,37.92819450543887,577.825,566.0448312271263,8.173049352555921,0.03011493000647647,8.142934422549445,1,0
2454,14729162,8973203197,612.0,618.0,598.0,609.0,-2.0,11055,62.33062516302559,35.76472065482869,-1.7307790804881407,37.495499735316834,583.6500000000001,569.2266955806725,7.974601440617209,-0.13466638554578925,8.109267826162998,1,0
2454,7417218,4474246018,601.0,612.0,599.0,599.0,-10.0,6190,58.88698328101805,32.63753435391823,-3.88637230511889,36.52390665903712,588.0999999999999,571.4321255376598,7.5034460940500995,-0.48465738569032,7.98810347974042,1,0
2454,8994459,5420967613,598.0,608.0,596.0,607.0,8.0,7114,60.754978416600764,30.453698541479298,-4.856166494046256,35.309865035525554,592.95,574.0667829052405,7.148705180399922,-0.6715186394723984,7.820223819872321,1,0
2454,9008151,5388054902,609.0,611.0,590.0,601.0,-6.0,7345,58.604317439946506,27.917032893084297,-5.914265713953007,33.831298607037304,597.35,576.0618360233709,6.816384275195188,-0.8030716357417065,7.619455910936894,1,0
2454,15777808,9951824696,612.0,643.0,612.0,637.0,36.0,12392,66.31022981479185,28.48326883359448,-4.278423818754263,32.76169265234874,601.9000000000001,580.5757740957138,6.568666401801072,-0.8406316073086586,7.4092980091097305,1,0
2454,17852109,11827985376,659.0,670.0,651.0,664.0,27.0,13618,70.71356260576692,30.756151478340712,-1.6044329392064256,32.36058441754714,606.3000000000001,586.7553463849201,6.435983893672039,-0.7786512923501538,7.214635186022193,0,0
2454,17793987,11920667659,658.0,687.0,653.0,677.0,13.0,13937,72.57237650662306,33.22343957347425,0.6902841247416873,32.533155448732565,611.45,593.4401355415927,5.99258205028679,-0.977642508588322,6.970224558875112,0,0
2454,24419901,16795888977,677.0,703.0,670.0,675.0,-2.0,19725,71.81716439266754,34.6183411913313,1.6681485940789855,32.95019259725231,616.2,599.4816069829561,5.067315283022886,-1.5223274206817816,6.589642703704667,0,0
2454,21431219,15305966243,695.0,737.0,691.0,728.0,53.0,17615,78.27042715605427,39.54462204644631,5.275543559355192,34.269078487091114,624.3500000000001,609.0014879471815,4.674578625086809,-1.5320512628942868,6.206629887981096,0,0
2454,36378539,26105851132,741.0,763.0,680.0,680.0,-48.0,28746,63.98151322821075,39.12453300647712,3.8843636155088035,35.24016939096832,629.4000000000001,614.2606369881311,4.448817258037628,-1.4062501039547755,5.855067361992403,1,0
2454,14628939,9963495157,683.0,694.0,667.0,682.0,2.0,11816,64.27416913609578,38.50908395229635,2.615131649062427,35.893952303233924,634.6500000000001,619.2783675816029,4.280227948463828,-1.2598715308228599,5.540099479286688,1,0
2454,13796896,9398689156,686.0,694.0,670.0,683.0,1.0,10458,64.42979182939703,37.6678166425844,1.4190914714803782,36.24872517110402,640.1000000000001,623.9984885014842,4.553565934404035,-0.7892268359061232,5.342792770310158,1,0
2454,15072563,10404919783,678.0,707.0,670.0,701.0,18.0,11281,67.1994660655476,38.01533864617102,1.4132907800535932,36.602047866117424,645.9000000000001,629.7023041680409,4.959905564374972,-0.30630976474814897,5.266215329123121,1,0
2454,25733096,18346505200,743.0,743.0,695.0,696.0,-5.0,18912,65.66982227569505,37.45553008891068,0.682785778234603,36.772744310676075,651.25,634.6132446000379,5.495937916818241,0.18377807015609626,5.312159846662145,1,0
2454,19275303,13831395469,703.0,732.0,700.0,732.0,36.0,15575,70.8200477451959,39.46188486497272,2.1513124434373125,37.310572421535404,656.95,641.8270783333684,6.0640617810055435,0.601521547474718,5.4625402335308255,0,0
2454,13153226,9617048441,735.0,739.0,722.0,730.0,-2.0,11020,70.19005154486179,40.42456299590481,2.4911924594955224,37.933370536409285,660.4000000000001,648.35840586423,6.773931318899189,1.0491128682946904,5.724818450604499,0,0
2454,12890678,9525236974,736.0,753.0,730.0,732.0,2.0,10579,70.47292153571472,40.87766337773587,2.3554342730612703,38.5222291046746,664.45,654.5540795039167,7.011650065814017,1.0294652921676146,5.982184773646402,0,0
2454,14627882,10442868630,730.0,736.0,704.0,705.0,-27.0,11960,61.92932986373829,38.61296808284294,0.07259118253467278,38.54037690030827,668.9000000000001,658.2908143554785,6.711311264475391,0.5833011926631908,6.1280100718122,1,0
2454,11142754,7852221586,696.0,714.0,696.0,706.0,1.0,8617,62.112533753102475,36.47837241780894,-1.6496035859994649,38.127976003808406,672.75,661.8248281069245,6.3263449290512455,0.15866788579123536,6.16767704326001,1,0
2454,9919208,6937393600,698.0,708.0,691.0,693.0,-13.0,7588,58.19208212159575,33.35322342192421,-3.8198020655073606,37.17302548743157,676.8500000000001,664.1341000990042,5.913140526082859,-0.2036292137417206,6.11676973982458,1,0
2454,11143131,7593118866,684.0,690.0,674.0,680.0,-13.0,9131,54.48830506950096,29.487614112647748,-6.148329099827059,35.63594321247481,680.4000000000001,665.3093519435224,4.937206403988101,-0.943650668669183,5.880857072657284,0,1
2454,11410405,7843859640,700.0,702.0,671.0,684.0,4.0,8500,55.42833380937039,26.44204996307053,-7.355114599523425,33.797164562593956,684.6500000000001,666.6938443921504,4.848345588235275,-0.8260091875376077,5.6743547757728825,0,1
2454,9672925,6534060700,670.0,683.0,670.0,680.0,-4.0,7620,54.22224224939786,23.435501983053314,-8.289330063632516,31.72483204668583,688.3,667.6794855482874,4.649117776375889,-0.8201895995175947,5.469307375893484,0,1
2454,6056362,4133827694,684.0,689.0,677.0,685.0,5.0,4901,55.52498671671526,21.21173360004218,-8.41047875731492,29.6222123573571,692.5,668.9624866187846,4.261396092768183,-0.9663290265002411,5.227725119268424,0,1
2454,42389663,26292418734,617.0,642.0,617.0,617.0,-68.0,29380,39.190403772008224,13.803234341557072,-12.655182412640023,26.458416754197096,691.5,665.1134135359117,3.292557448267983,-1.5481341368003525,4.840691585068336,0,1
2454,23597107,14523241377,618.0,626.0,605.0,609.0,-8.0,16757,37.78217785461839,7.203376126600915,-15.404032502076944,22.60740862867786,688.75,660.9568643851035,2.2267322204436395,-2.091167491699757,4.317899712143396,0,1
2454,34547307,19914507343,603.0,611.0,551.0,565.0,-44.0,25051,31.151990892972083,-1.559514225590874,-19.33353828341499,17.774024057824114,683.1500000000001,653.8489485047254,0.4107443068928487,-3.1257243242004384,3.536468631093287,0,1
2454,21528784,12783058888,583.0,606.0,581.0,604.0,39.0,16027,41.02994362898241,-5.296143256788696,-18.456133851690247,13.159990594901553,679.6000000000001,650.1564338006717,-1.1822227315265965,-3.774953090095907,2.5927303585693107,0,1
2454,14910954,8782716860,599.0,600.0,583.0,585.0,-19.0,10811,38.157637574633966,-9.6790162213249,-18.271205452981164,8.592189231656262,672.45,645.3300312969183,-2.8847073222037456,-4.381950144618445,1.4972428224146996,0,1
2454,9904789,5827153088,592.0,594.0,584.0,589.0,4.0,7028,39.123839985981625,-12.683500552840997,-17.020551827597806,4.33705127475681,667.9000000000001,641.1574363860354,-4.2606732112444305,-4.6063328269273045,0.3456596156828736,0,1
2454,10781130,6225606530,585.0,586.0,573.0,578.0,-11.0,8424,37.39363672120315,-15.77039282906776,-16.085955283059654,0.315562453991896,662.7,636.4791077648476,-5.532834101382495,-4.702794973652295,-0.8300391277301999,0,1
2454,15405596,8699815356,583.0,586.0,555.0,558.0,-20.0,11910,34.413687537615345,-19.604620192731772,-15.936146117378934,-3.668474075352838,656.45,630.6658405230071,-6.647733858815367,-4.654155784868133,-1.9935780739472335,0,1
2454,13150295,7431101510,558.0,575.0,553.0,574.0,16.0,9934,38.62735868643834,-21.108876729018675,-13.95232212293267,-7.156554606086005,650.1,626.4683708546362,-7.426194779701875,-4.346093364603713,-3.080101415098162,0,1
2454,17151699,9604529440,580.0,583.0,552.0,556.0,-18.0,11460,35.83785679397829,-23.482765733471183,-13.060968901908142,-10.421796831563041,643.1000000000001,621.2484915320706,-8.407703147017381,-4.262081385535375,-4.145621761482006,0,1
2454,11319355,6433047190,559.0,577.0,553.0,576.0,20.0,8040,40.9412396328516,-23.479598819768967,-10.446241590564739,-13.033357229204228,635.3000000000001,617.8967514185839,-8.917851500789894,-3.8177837914463106,-5.100067709343583,0,1
2454,18844801,11280884998,605.0,609.0,590.0,596.0,20.0,12899,45.60091404936181,-21.614102248409495,-6.864596015364214,-14.749506233045281,628.6,616.2747698320221,-9.610423116615074,-3.608284325817192,-6.002138790797882,0,1
2454,13567883,8257205598,614.0,615.0,598.0,603.0,7.0,9148,47.17195853711292,-19.347811746650223,-3.678644410883953,-15.66916733576627,622.1500000000001,615.2914535481686,-9.364718549979077,-2.6900638073449556,-6.674654742634122,0,1
2454,13800424,8238699944,589.0,610.0,582.0,603.0,0.0,10195,47.17195853711292,-17.351740137047955,-1.3460582410253465,-16.005681896022608,617.0500000000001,614.3809755075636,-9.007032517881843,-1.8659022201981763,-7.141130297683667,0,1
2454,7096189,4261503400,608.0,613.0,593.0,598.0,-5.0,5150,46.0697740501329,-15.988986139359099,0.013356605330809401,-16.00234274468991,611.6500000000001,613.1675699144107,-8.007741623321637,-0.6932890605103763,-7.314452562811261,0,1
2454,6683057,4042322428,602.0,614.0,598.0,604.0,6.0,4994,47.65047269135701,-14.260458236447676,1.3935076065937881,-15.653965843041464,607.2,612.4884906614914,-7.4930057170660636,-0.14284252340384196,-7.350163193662222,0,1
2454,10536718,6239805210,594.0,599.0,586.0,595.0,-9.0,6741,45.49635519408636,-13.461634856828255,1.7538647889705672,-15.215499645798822,602.95,611.1930469087883,-6.582847797199256,0.6138523171703731,-7.196700114369629,0,1
2454,7308603,4393136800,601.0,607.0,598.0,599.0,4.0,5081,46.65069352889938,-12.3632788202965,2.2817766604018583,-14.645055480698359,598.7,610.2898582488781,-5.692263303243898,1.203549448900585,-6.895812752144483,1,0
2454,7837495,4650879020,598.0,603.0,586.0,595.0,-4.0,5736,45.61039943743297,-11.680939716799571,2.3712926111190313,-14.052232327918603,594.45,609.1572761563687,-4.656939161522336,1.7910988724977175,-6.448038034020054,1,0
2454,8675428,5233147652,596.0,610.0,589.0,609.0,14.0,6491,49.82752274432206,-9.896418314153266,3.32465121101227,-13.221069525165536,590.6500000000001,609.1456260707117,-3.3895824185015924,2.4467644924147693,-5.836346910916362,1,0
2454,8056558,4920099488,609.0,614.0,603.0,611.0,2.0,5673,50.41895196295755,-8.22596515465375,3.9960834964094296,-12.22204865106318,590.35,609.2829871025109,-2.304472211704344,2.8254997593696145,-5.129971971073958,1,0
2454,10738991,6671065386,618.0,628.0,616.0,617.0,6.0,7563,52.23792538106975,-6.344829885477111,4.701775012468856,-11.046604897945967,590.75,609.8546176875101,-0.9955611921369889,3.3075286231495755,-4.303089815286564,1,0
2454,12572944,7541286456,610.0,611.0,593.0,599.0,-18.0,9393,46.70243486088442,-6.234597638851824,3.8496058072753154,-10.08420344612714,592.45,609.0505719328797,-0.16678352136316654,3.3090450351387184,-3.475828556501885,1,0
2454,11402876,6880435732,599.0,611.0,591.0,611.0,12.0,7318,50.47057383159052,-5.119918840055902,3.971427684856989,-9.091346524912892,592.8000000000001,609.1949740119256,0.5080259562841423,3.1870836102288216,-2.6790576539446795,1,0
2454,8306351,5127267604,614.0,624.0,610.0,616.0,5.0,6436,51.993548192614305,-3.7893879425370187,4.241566865900699,-8.030954808437718,594.35,609.6990500110422,1.1027520576131629,3.025447769246274,-1.9226957116331111,1,0
2454,7641728,4636982822,614.0,615.0,602.0,603.0,-13.0,5330,47.871925582346506,-3.7408023340248064,3.4321219795303293,-7.172924313555136,595.05,609.2028240842984,1.638655462184874,2.849080939054388,-1.2104254768695142,1,0
2454,6545842,4023666830,609.0,619.0,609.0,617.0,14.0,5378,52.26089363555759,-2.5432973434920996,3.7037015760504293,-6.246998919542529,597.0,609.7803926706467,1.904761904761892,2.492149905305125,-0.5873880005432329,1,0
2454,8632965,5233787930,606.0,616.0,600.0,600.0,-17.0,6797,47.07754830570139,-2.9322230934337767,2.651820660887002,-5.584043754320779,599.1000000000001,609.0559191394877,1.9080266476941923,1.99633171858994,-0.08830507089574789,1,0
2454,9004337,5347702520,605.0,608.0,581.0,585.0,-15.0,6153,43.022841775621586,-4.400102548876134,0.9471529643557162,-5.34725551323185,599.6500000000001,607.2739992032294,1.6364145296384782,1.3797756804273809,0.25663884921109736,0,1
2454,8878900,5283154209,583.0,607.0,581.0,603.0,18.0,5669,48.729466986230904,-4.064109500588643,1.0265168101145665,-5.090626310703209,602.0,606.9574066696568,1.6989664082687188,1.153862047246097,0.5451043610226217,1,0
2454,6297334,3838339406,606.0,614.0,606.0,610.0,7.0,4160,50.793475460812886,-3.1961478872513,1.5155827387615277,-4.7117306260128275,603.7,607.182783953386,1.744598516607552,0.9595953244679442,0.7850031921396078,1,0
2454,6064893,3709483144,615.0,618.0,607.0,607.0,-3.0,3930,49.86693535948176,-2.7190138837847826,1.5941733937824365,-4.313187277567219,604.2500000000001,607.1692444012833,1.5987029998496518,0.6509598461680351,0.9477431536816167,1,0
2454,5000804,3065861440,614.0,617.0,610.0,611.0,4.0,3718,51.146537795297625,-1.9951167143020712,1.8544564506121186,-3.8495731649141898,604.6500000000001,607.4530040752624,1.38317476643522,0.34834529020288274,1.0348294762323373,1,0
2454,3949603,2430698845,618.0,619.0,612.0,615.0,4.0,2936,52.45347367560485,-1.0861361203847082,2.2107496356235856,-3.296885756008294,605.25,608.0120408104281,0.9852900360810373,-0.03963155212104019,1.0249215882020775,1,0
2454,17770203,11356350935,617.0,658.0,613.0,647.0,32.0,13775,61.359372795502935,2.191112334911054,4.390398472735479,-2.1992861378244246,607.7,610.9000377874333,1.1783331208295964,0.1227292261020152,1.0556038947275812,1,0
2454,15705367,10500532887,660.0,677.0,650.0,670.0,23.0,12010,66.25226993205914,6.568545029687925,7.01426493400988,-0.4457199043219547,611.0,615.277812766142,1.257383966244706,0.1614240572136998,1.0959599090310062,1,0
2454,22052450,15693779250,710.0,722.0,699.0,714.0,44.0,15294,73.2346612769593,13.433273835798673,11.103194992096501,2.330078843702171,616.95,622.5905673760574,1.7128874388254487,0.4935420238355539,1.2193454149898948,0,0
2454,7971165,5579824814,712.0,712.0,693.0,699.0,-15.0,6971,68.06450604778288,17.46195567721543,12.105501466810605,5.356454210404823,621.95,628.2505253482012,2.3564615672339455,0.9096929217952405,1.446768645438705,1,0
2454,6302855,4356676095,692.0,698.0,687.0,689.0,-10.0,4890,64.78107082835822,19.62161289567905,11.412126948219381,8.209485947459669,626.6500000000001,632.7504864335197,2.777950021702724,1.0649451010112154,1.7130049206915088,1,0
2454,7045919,4902792771,693.0,707.0,689.0,689.0,0.0,5800,64.78107082835822,21.09004390278676,10.304446364261672,10.785597538525089,630.6500000000001,636.9171170680737,3.422150948827064,1.3673168225084438,2.05483412631862,1,0
2454,5020630,3454686400,689.0,695.0,680.0,680.0,-9.0,4254,61.675562145058024,21.282232937953268,8.397308319542542,12.884924618410725,634.1,640.1084417296979,4.1648767515597624,1.6880341001929136,2.476842651366849,1,0
2454,3933553,2717806676,683.0,695.0,683.0,692.0,12.0,3358,64.14372182717212,22.14754078102726,7.410092930093226,14.737447850934034,637.85,643.9522608608314,4.782396386498195,1.8444429881050763,2.9379533983931183,1,0
2454,4936501,3403891195,688.0,697.0,683.0,697.0,5.0,3773,65.15080119827284,22.97195529305361,6.587605953695661,16.38434933935795,642.75,647.8817230192883,5.277525022747951,1.871657299483866,3.405867723264085,1,0
2454,5171741,3610215031,704.0,710.0,687.0,691.0,-6.0,4410,62.868882526604274,22.877442955831498,5.194474893178835,17.682968062652662,646.75,651.075669462304,5.7911564215479245,1.9082309586270716,3.882925462920853,1,0
2454,5130155,3539705240,688.0,696.0,685.0,688.0,-3.0,4019,61.7051412471762,22.30336698842575,3.6963191406184706,18.60704784780728,650.3500000000001,653.8108050576889,6.201759648070374,1.8550673481196167,4.346692299950758,1,0
2454,4854113,3314929066,689.0,694.0,678.0,678.0,-10.0,4192,57.86041293300436,20.801702147997503,1.7557234401521775,19.045978707845325,654.1000000000001,655.6025972756379,6.579445207798138,1.7862023262779037,4.793242881520234,1,0
2454,4340545,2941638788,680.0,686.0,672.0,674.0,-4.0,4215,56.348009823576064,19.06903935680168,0.01844851916508361,19.050590837636598,656.95,656.9653678478129,6.527992699281818,1.3877998542092662,5.140192845072551,1,0
2454,6628379,4519508301,674.0,688.0,672.0,685.0,11.0,5167,59.48437050668053,18.371721906641937,-0.5430951447957284,18.914817051437666,661.2,659.0420072664934,6.2912467891721,0.9208431552796386,5.370403633892462,1,0
2454,6124573,4181870597,685.0,689.0,675.0,681.0,-4.0,5075,57.85647723373919,17.2969378997459,-1.2943033213534143,18.591241221099313,666.0,660.6685252467532,5.355316973415127,-0.012069328381867805,5.367386301796995,1,0
2454,4542886,3076287992,670.0,687.0,666.0,684.0,3.0,4286,58.76786835432911,16.497070795770583,-1.6753363402629837,18.172407136033566,670.05,662.3967826358826,4.7126774351443785,-0.5237670933220935,5.236444528466472,1,0
2454,6389520,4326277336,678.0,682.0,670.0,678.0,-6.0,4816,56.15235689889112,15.203761004385115,-2.374916905318763,17.578677909703877,673.45,663.5525765147061,4.19324632761748,-0.8345585606791941,5.027804888296674,1,0
2454,14039866,9335843532,690.0,690.0,650.0,653.0,-25.0,11901,46.8051156344364,12.02291987433216,-4.444606428297373,16.467526302629533,675.75,662.7709041802834,3.4340899807434164,-1.274971926042607,4.709061906786023,0,1
2454,8279509,5523878468,661.0,676.0,660.0,665.0,12.0,11086,51.01977213372178,10.351059503215765,-4.893173439531015,15.24423294274678,678.45,662.9360223891513,2.9560663369217353,-1.4023964558914304,4.358462792813166,0,1
2454,9310114,6274340491,671.0,685.0,661.0,677.0,12.0,9508,54.87045664497177,9.88050155429869,-4.2909851107584736,14.171486665057163,681.5500000000001,663.9777985084734,2.308538987371107,-1.639939044353647,3.948478031724754,0,1
2454,11771407,8117648877,685.0,696.0,679.0,696.0,19.0,9961,60.20505886939903,10.91490200395856,-2.605267728878884,13.520169732837443,684.0,666.3498134337716,1.6423952877069832,-1.844866195214217,3.4872614829212,1,0
2454,7383559,5156129124,701.0,704.0,692.0,700.0,4.0,6770,61.24372088909378,11.920031678148462,-1.2801104437511857,13.200142121899647,685.5,668.8424198460848,1.1896584621255455,-1.838082416636524,3.0277408787620694,1,0
2454,6643292,4667880620,710.0,714.0,693.0,702.0,2.0,5899,61.78085415395597,12.731229779828254,-0.3751298736571158,13.10635965348537,684.9000000000001,671.298536894523,0.8322894127472095,-1.756361172811888,2.5886505855590976,1,0
2454,6061984,4182276658,702.0,702.0,681.0,686.0,-16.0,6312,55.19090369205447,11.945345332086504,-0.9288114571190942,12.874156789205598,684.25,672.3875341615953,0.47899778924097275,-1.6877222370545,2.1667200262954727,1,0
2454,8075443,5436057097,662.0,682.0,662.0,676.0,-10.0,7507,51.493909187222876,10.395773809415914,-1.9827063838317471,12.378480193247661,683.6,672.6551242236994,0.13460597161037133,-1.625691243748081,1.7602972153584524,0,1
2454,4845993,3271112494,677.0,683.0,671.0,673.0,-3.0,4385,50.40311057384972,8.823935450521276,-2.8436357941811092,11.667571244702385,682.8,672.6806705774994,-0.3386999924941962,-1.679197766282119,1.3404977737879227,0,1
2454,4707048,3159429474,671.0,677.0,667.0,675.0,2.0,3865,51.14609788460754,7.651424651381262,-3.212917274656899,10.864341926038161,682.55,672.8524727569439,-0.5686076139088886,-1.527284310157449,0.9586766962485604,0,1
2454,6340597,4358490909,685.0,695.0,681.0,694.0,19.0,5967,57.6385151007209,8.16126462753789,-2.162461838800219,10.323726466338108,682.6500000000001,674.4189562564296,-0.5809384822631418,-1.231692142809362,0.6507536605462201,1,0
2454,6537087,4557362547,701.0,703.0,691.0,696.0,2.0,5665,58.26721816326375,8.627250197147305,-1.3571810153526425,9.984431212499947,682.6,676.0175520892867,-0.26126531070908626,-0.7296151770042452,0.46834986629515885,1,0
2454,21267800,15274889320,702.0,728.0,701.0,728.0,32.0,18619,66.76607794083858,11.446728917529185,1.1698381640233908,10.276890753505795,684.45,679.8681037863765,0.4880237841476361,0.01573913428198176,0.4722846498656543,1,0
2454,9175800,6716017917,732.0,738.0,727.0,733.0,5.0,8347,67.86720280953283,13.924135562642846,2.917795847309641,11.006339715333205,686.7,683.8037998022005,1.0650401954749777,0.4742044364874587,0.590835758987519,1,0
2454,11660336,8660917741,732.0,754.0,723.0,747.0,14.0,10207,70.78590708997041,16.823253184168948,4.653530775068594,12.169722409100354,690.1500000000001,688.4849998168523,1.584025879859443,0.7945520966975392,0.7894737831619039,0,0
2454,7122453,5317595635,754.0,758.0,738.0,743.0,-4.0,7131,68.86133734630538,18.583835329989483,5.131290336711302,13.452544993278181,693.6,692.523147978567,1.7943159922928487,0.8038737673047558,0.9904422249880929,1,0
2454,5788982,4298264456,752.0,752.0,734.0,742.0,-1.0,5581,68.36093477009346,19.6716551270855,4.975288107045856,14.696367020039645,696.45,696.1880999801546,2.0165909174888026,0.8209189540005677,1.195671963488235,1,0
2454,7168939,5251824639,746.0,748.0,724.0,724.0,-18.0,7386,59.92029756324244,18.86385975299163,3.3339941863615863,15.529865566630043,698.6,698.2482407223654,2.1279539542863315,0.7458255926384771,1.3821283616478544,1,0
2454,3674272,2682388406,733.0,737.0,725.0,730.0,6.0,3525,61.621359986125576,18.49463135729991,2.3718126325358924,16.122818724764016,700.9000000000001,700.600222891079,2.434467270451345,0.8418711270427925,1.5925961434085525,1,0
2454,3520339,2551171068,725.0,731.0,721.0,725.0,-5.0,3789,59.360384242086845,17.595724422130615,1.17832455789328,16.417399864237336,703.25,702.4076137880362,2.8106916505924366,0.9744764057471071,1.8362152448453295,1,0
2454,14282872,10101719632,711.0,718.0,703.0,704.0,-21.0,11498,50.91124753307207,15.015717855577805,-1.1213456069276262,16.13706346250543,705.8,702.5255683222557,3.0332214334195275,0.9576049508593583,2.0756164825601693,0,1
2454,8546033,5967592057,700.0,708.0,693.0,697.0,-7.0,8994,48.43638660507342,12.26482133926902,-3.097793698589131,15.36261503785815,707.4000000000001,702.1162669650516,3.16496280825179,0.8714770605532967,2.2934857476984933,0,1
2454,8951519,6324640621,706.0,717.0,695.0,712.0,15.0,7919,53.63734372032354,11.166371688722165,-3.356994679308789,14.523366368030954,709.1500000000001,702.8483953380107,3.226131020983099,0.7461162186276842,2.4800148023554147,1,0
2454,7043862,4953838001,715.0,715.0,698.0,700.0,-12.0,7128,49.34896939800611,9.221245931869475,-4.2416963489291835,13.462942280798659,709.3500000000001,702.6374030907507,3.16611842105263,0.5488828949577722,2.617235526094858,0,1
2454,5447920,3824994925,700.0,707.0,696.0,705.0,5.0,5563,51.10317122924718,7.991061980695804,-4.377504240082285,12.368566220778089,709.6000000000001,702.8124102692136,2.774583356150625,0.12587826404461344,2.6487050921060113,0,1
2454,5507847,3860949678,705.0,708.0,695.0,704.0,-1.0,5571,50.72479291729818,6.856404332560373,-4.409729510574174,11.266133843134547,709.7,702.9003798789015,2.2848653870691216,-0.29107176402951174,2.5759371510986333,0,1
2454,10092358,7250849121,703.0,731.0,702.0,730.0,26.0,10065,59.186213841062454,7.963365954875144,-2.642214310607523,10.605580265482667,711.9000000000001,704.9077591471311,1.655412764103671,-0.73641950959597,2.391832273699641,1,0
2454,7934850,5851551385,735.0,746.0,730.0,734.0,4.0,7950,60.315254970747894,9.058981289111784,-1.2372791810967065,10.296260470208491,714.8000000000001,707.0627399510473,1.1690988987142636,-0.9781866999883022,2.147285598702566,1,0
2454,7890093,5635221751,730.0,730.0,706.0,709.0,-25.0,8877,50.8476805765329,7.819831123181984,-1.981143477621206,9.80097460080319,716.6000000000001,707.2062406954142,0.6065529379907872,-1.232586128569423,1.8391390665602103,0,1
2454,7743157,5496198310,720.0,722.0,701.0,707.0,-2.0,7305,50.16922160214478,6.600327931947163,-2.560517335084823,9.160845267031986,718.2,707.190963606865,0.3472973948184889,-1.1934733373933772,1.5407707322118662,0,1
2454,3923653,2760735687,706.0,710.0,699.0,702.0,-5.0,4288,48.429471518192116,5.1707989025528605,-3.192037091583302,8.362835994136162,718.6,706.8064477841343,0.008117761662527433,-1.226122376439471,1.2342401381019985,0,1
2454,5126489,3590787610,702.0,706.0,696.0,701.0,-1.0,5345,48.07043203694577,3.9120989632547207,-3.5605896247051536,7.472688587959874,718.8500000000001,706.3763405408652,-0.26790063321968344,-1.2017126170573456,0.9338119838376622,0,1
2454,6278334,4431853093,711.0,714.0,701.0,701.0,0.0,5293,48.07043203694577,2.881355717784686,-3.673066296140151,6.554422013924837,717.5,705.9780930933937,-0.3839498161366992,-1.054209439979489,0.6702596238427899,0,1
2454,6085006,4282246143,703.0,711.0,699.0,704.0,3.0,4691,49.37623468064882,2.2802736226980187,-3.419318712981455,5.6995923356794735,716.05,705.8315676790683,-0.4526637868970528,-0.8983387285918742,0.4456749416948214,0,1
2454,4932935,3459200259,704.0,708.0,699.0,699.0,-5.0,4147,47.24396277047481,1.3844939342661746,-3.452078721130639,4.836572655396814,713.6500000000001,705.3255256287669,-0.7440957618893659,-0.9518165628673498,0.20772080097798395,0,1
2454,5459098,3818331402,698.0,708.0,689.0,708.0,9.0,4791,51.31908412262869,1.384843250346421,-2.7613835240403146,4.146226774386736,711.9000000000001,705.5236348414508,-0.8270986956599823,-0.827855597310373,0.0007569016503906937,0,1
2454,6455645,4599270877,708.0,722.0,703.0,703.0,-5.0,5998,49.05215146571026,0.9704748427129744,-2.540601545339009,3.5110763880519835,709.95,705.3366989272693,-0.8984290940391626,-0.7193487965516426,-0.17908029748751997,0,1
2454,5391073,3853814191,708.0,722.0,705.0,720.0,17.0,5207,56.145305797559075,1.9908930436530454,-1.2161466755191506,3.207039719172196,709.75,706.4228693771012,-0.8399598825130797,-0.5287036680204478,-0.31125621449263197,1,0
2454,3363422,2422416459,724.0,725.0,714.0,714.0,-6.0,3493,53.32354875743136,2.289045274661362,-0.7343955556086676,3.0234408302700295,708.95,706.9841383121307,-0.9517152381976653,-0.5123672189640267,-0.43934801923363864,1,0
2454,2222300,1593359269,720.0,722.0,712.0,715.0,1.0,2353,53.74083816259272,2.5763264211816477,-0.35769152727070574,2.9340179484523534,708.45,707.5779058445654,-1.077323286688204,-0.5103802139636523,-0.5669430727245518,1,0
2454,10682986,7855015517,724.0,741.0,723.0,740.0,25.0,10693,62.71507446178975,4.766346391575894,1.4658627544988323,3.3004836370770616,710.25,709.9795424486716,-0.6784041350347387,-0.08916884984814955,-0.5892352851865892,1,0
2454,4621472,3417903144,741.0,746.0,734.0,734.0,-6.0,5277,59.72060515457246,5.949224187279924,2.1189924401622897,3.8302317471176344,712.1,711.7588356006219,-0.31512605042018393,0.21928738781312418,-0.5344134382333081,1,0
2454,5673669,4213092325,740.0,746.0,735.0,746.0,12.0,5955,63.47666912702293,7.765447825654519,3.148172862829507,4.617274962825012,713.8000000000001,714.295218148724,0.17682751687490003,0.5689927640865665,-0.3921652472116665,1,0
2454,4667590,3490385717,747.0,753.0,742.0,747.0,1.0,4395,63.779782110491176,9.17969201155313,3.6499336389824935,5.529758372570636,716.1500000000001,716.7177945821518,0.5889946748426645,0.7849279376434648,-0.1959332628008003,1,0
2454,14143143,11014629474,755.0,798.0,752.0,792.0,45.0,13938,74.16882467897695,13.772849798094057,6.594473140418737,7.1783766576753205,720.5,722.2942542427331,1.3116746189174135,1.2060863053745712,0.10558831354284247,0,0
2454,9450974,7488249698,796.0,804.0,775.0,797.0,5.0,9484,75.02597154838341,17.613382539137888,8.348004705170053,9.265377833967834,725.15,727.8280131877159,1.9982198486871217,1.5141052281154233,0.4841146205716983,0,0
2454,9331483,7429735716,802.0,814.0,785.0,792.0,-5.0,9870,72.43740897782013,20.02276423039291,8.60590911714006,11.416855113252849,728.25,732.5814936923296,2.5921791668881315,1.6864516370531466,0.905727529834985,0,0
2454,7755897,6199710425,794.0,808.0,785.0,799.0,7.0,7099,73.80028492387738,22.240681347696523,8.65906098755494,13.581620360141583,731.5,737.5013830484532,3.081328751431823,1.7404809772774703,1.3408477741543527,0,0
2454,13336420,11039865423,810.0,844.0,802.0,838.0,39.0,12816,79.79476415687475,26.83602175187798,10.603521113389117,16.23250063848886,737.95,744.9457250448642,3.93536754022021,2.0756158128526856,1.8597517273675244,0,0
2454,8031597,6796558803,843.0,856.0,835.0,851.0,13.0,7931,81.32832692087109,31.167573102711003,11.948057971377711,19.219515131333292,745.1500000000001,752.8015972637631,4.596533277754605,2.1894252403096646,2.4071080374449405,0,1
2454,10441036,8888052276,857.0,868.0,842.0,846.0,-5.0,10185,78.84949055939092,33.807192273845544,11.670141714009802,22.137050559835743,752.3500000000001,759.7051826516325,5.313022638321337,2.324731680701117,2.98829095762022,0,0
2454,16971279,14943846563,855.0,899.0,850.0,884.0,38.0,15795,83.07230595704586,38.52134185494697,13.107433036088977,25.41390881885799,761.5000000000001,768.912206158919,6.218076837663774,2.583828704034843,3.634248133628931,0,1
2454,11667769,10113235076,872.0,881.0,854.0,861.0,-23.0,13824,73.50622004100005,39.941016405895994,11.6216860696304,28.319330336265594,769.5000000000001,775.7335242212214,6.844329057218489,2.568064738871646,4.2762643183468425,0,0
2454,9997448,8596469996,878.0,882.0,842.0,850.0,-11.0,12337,69.39066339958771,39.7206358813587,9.121044436074484,30.59959144528422,776.8000000000001,781.234744649279,7.489035087719293,2.5702166154979595,4.918818472221333,1,0
2454,9010949,7500023716,850.0,851.0,817.0,844.0,-6.0,11302,67.18115721335147,38.61668377944079,6.413673867325258,32.20300991211553,784.05,785.8840228234066,7.826924687945028,2.326484972578956,5.500439715366072,1,0
2454,8072808,7013524168,861.0,880.0,854.0,879.0,35.0,8828,72.65165356100871,40.103710665066956,6.320560602361134,33.78315006270582,792.6,792.7815026142654,8.3279347519144,2.261996029238662,6.065938722675738,0,0
2454,11111720,9781496840,885.0,898.0,870.0,872.0,-7.0,12085,70.13371576528698,40.25333331716661,5.176146603568625,35.07718671359798,801.05,798.6495394576531,8.274447793645308,1.7668072567756559,6.507640536869652,0,0
2454,17720132,16233512122,890.0,935.0,888.0,934.0,62.0,18986,77.55395176597474,44.857700542405155,7.824411063045737,37.03328947935942,811.75,808.6754994978269,8.49210226347499,1.5875693812842702,6.90453288219072,0,0
2454,16584582,15321037330,914.0,946.0,908.0,917.0,-17.0,18003,72.25322207085375,46.59778653890362,7.651597647635356,38.946188891268264,821.9000000000001,816.6995365720619,8.668503657868433,1.4111766205421699,7.257327037326263,0,0
2454,9057069,8219463684,917.0,925.0,891.0,910.0,-7.0,9764,70.12774985425796,46.87166831349464,6.3403835377810935,40.531284775713544,831.6500000000001,823.6106820111685,8.748165166890011,1.192670503650998,7.555494663239013,0,0
2454,10311306,9203515892,914.0,922.0,871.0,871.0,-39.0,16397,59.60699930691827,43.4409868740604,2.327761678677483,41.11322519538292,838.2,827.121001862193,8.199613875174043,0.5152953695480234,7.6843185056260195,1,0
2454,11567263,10294493861,881.0,905.0,871.0,897.0,26.0,10997,63.53463181907776,42.33215113804704,0.9751407541312958,41.35701038391574,846.3500000000001,832.297223946475,7.706363023259444,0.017635614106739084,7.688727409152705,1,0
2454,18167308,15822333470,866.0,880.0,863.0,869.0,-28.0,18351,57.09591755143217,38.74736928062305,-2.0877128826341576,40.835082163257205,852.5,835.015948098588,7.104284358124389,-0.46755444082265285,7.5718387989470415,1,0
2454,18258898,16221768275,889.0,903.0,875.0,875.0,6.0,15415,58.07636753276727,35.97584652303294,-3.887388512179413,39.863235035212355,858.9000000000001,837.9777297209148,6.244399122400404,-1.0619517412373103,7.306350863637714,1,0
2454,13638526,12231800540,886.0,909.0,875.0,905.0,30.0,13575,62.669842312149186,35.78760679531388,-3.2605025919187867,39.048109387232664,864.55,842.9423423341804,5.7500574316563124,-1.245034745585122,6.9950921772414345,1,0
2454,14757663,13823288847,925.0,952.0,920.0,931.0,26.0,15925,66.13317123490536,37.30636362635653,-1.393396608700911,38.69976023505744,871.25,849.4651317909078,5.509303489377178,-1.1886309502914054,6.697934439668583,1,0
2454,11707296,11125117801,947.0,959.0,942.0,950.0,19.0,12276,68.43762761087989,39.58679859510676,0.7096306880394536,38.8771679070673,879.1500000000001,856.9121590656554,5.5457918375317234,-0.9217140817094887,6.467505919241212,1,0
2454,13251920,12449698311,933.0,953.0,915.0,946.0,-4.0,12750,67.39787212998223,40.60324424190412,1.3808610678694535,39.22238317403467,886.5000000000001,863.5112583941253,5.194988766385445,-1.0180137222846142,6.213002488670059,1,0
2454,15508268,14956647397,955.0,987.0,950.0,950.0,4.0,16636,67.92270222567646,41.25597807638178,1.6268759218776836,39.629102154504096,892.1,869.9178318464124,4.993291163503911,-0.9757690601329188,5.96906022363683,1,0
2454,11965819,11790760581,1000.0,1010.0,971.0,980.0,30.0,13142,71.61357768478388,43.69038802560067,3.2490286968772537,40.441359328723415,898.55,878.0720665244559,4.358581436077046,-1.2883830300478278,5.6469644661248735,0,0
2454,6379963,6239667374,980.0,987.0,968.0,978.0,-2.0,7661,71.02683524305819,44.9402489484861,3.5991116958101443,41.341137252675956,905.1500000000001,885.4741356707925,4.089579895190918,-1.245907656747164,5.335487551938082,0,0
2454,7991437,7699805545,971.0,975.0,953.0,964.0,-14.0,10875,66.89512975657779,44.29053600831389,2.3595190045103465,41.93101700380355,909.1500000000001,891.2908663618449,3.84455079837305,-1.192749402852026,5.037300201225076,1,0
2454,7565200,7298460088,972.0,980.0,951.0,951.0,-13.0,10666,63.2176904136736,42.23972916335492,0.24696972764110114,41.99275943571382,913.6500000000001,895.7137651498564,3.879753340184991,-0.9260374888320686,4.8057908290170595,1,0
2454,8565124,8143886849,945.0,968.0,932.0,965.0,14.0,8916,65.42222744108679,41.26841634564221,-0.5794744720572922,41.8478908176995,919.4000000000001,900.8460788424596,3.7729965700030874,-0.8262354072111782,4.599231977214266,1,0
2454,8417401,8009520071,948.0,967.0,940.0,940.0,-25.0,10319,58.66101430356397,38.04281893751238,-3.0440575041496984,41.08687644166208,924.2,903.7463692985738,3.9761501552356555,-0.49846545758288796,4.4746156128185435,1,0
2454,8044929,7582966805,950.0,955.0,930.0,944.0,4.0,8937,59.38428041729107,35.40119340194042,-4.548546431777332,39.94973983371775,927.45,906.7281197209016,4.198822024487262,-0.22063487066502585,4.419456895152288,1,0
2454,15572480,14209617300,923.0,931.0,896.0,896.0,-48.0,20992,48.433396875750994,29.09905153330783,-8.680550640327937,37.779602173635766,928.6500000000001,905.9334441860201,3.897515745767222,-0.41755291950805296,4.315068665275275,0,1
2454,14215554,13098514067,920.0,939.0,900.0,900.0,4.0,13094,49.27289775179959,24.148951191407036,-10.904520785782985,35.05347197719002,926.95,905.4939298018704,3.545144875730685,-0.6159390316356719,4.161083907366357,0,1
2454,9625941,8837615736,915.0,930.0,895.0,930.0,30.0,8639,55.16794419314191,22.388628117935923,-10.13187508740328,32.5205032053392,927.6000000000001,907.3091942609911,3.0638488203063705,-0.8777880696479894,3.94163688995436,1,0
2454,12469716,11254176843,919.0,919.0,895.0,897.0,-33.0,16165,48.492243964067875,18.121837925125988,-11.518932224170573,29.64077014929656,926.95,906.5455502416585,2.4168236032642554,-1.2198506293520839,3.6366742326163393,0,1
2454,10585927,9336956818,877.0,892.0,870.0,883.0,-14.0,14218,45.95179050261907,13.455585347566853,-12.948147841383769,26.40373318895062,927.5500000000001,904.801435408943,1.6434082616082817,-1.5946127768064464,3.238021038414728,0,1
2454,9984494,8845209010,901.0,909.0,866.0,867.0,-16.0,16017,43.168355424276854,8.369996173153595,-14.426989612637623,22.796985785791218,926.0500000000001,902.0013290823547,0.6709305242036476,-2.053672411368865,2.7246029355725123,0,1
2454,9503232,8279561250,860.0,885.0,854.0,879.0,12.0,10624,45.819117096610604,5.247440595785406,-14.03963615200465,19.287076747790056,926.5500000000001,900.2975269281062,-0.2549208073885206,-2.3836189943688266,2.128698186980306,0,1
2454,9564427,8328731610,890.0,892.0,860.0,864.0,-15.0,15028,43.11219773983871,1.544612828949539,-14.193971135072415,15.738583964021954,926.0,897.6088212297279,-0.8703913268228577,-2.399271611042531,1.5288802842196731,0,1
2454,9536535,8430374000,869.0,895.0,865.0,888.0,24.0,10157,48.36814496721214,0.5404644323806451,-12.158495625313048,12.698960057693693,925.15,896.8970566941925,-1.322562596167301,-2.281154304309579,0.9585917081422783,0,1
2454,8342109,7527169082,900.0,915.0,892.0,899.0,11.0,8754,50.62004276532728,0.6250722193153706,-9.659110270702659,10.28418249001803,923.55,897.0528302724005,-1.877352813580202,-2.2687556173779844,0.3914028037977823,0,1
2454,6870767,6230613032,900.0,914.0,900.0,907.0,8.0,6715,52.251125795295245,1.3224136795140566,-7.169415048403179,8.491828727917236,921.4000000000001,897.78965765963,-2.325158946412369,-2.173249400168121,-0.15190954624424793,0,1
2454,6819333,6234175801,917.0,919.0,906.0,919.0,12.0,7308,54.66986114379733,2.810958542296362,-4.5446961484966995,7.355654690793061,920.0500000000001,899.3607941292871,-2.642012536471644,-1.9920823921819166,-0.6499301442897272,0,1
2454,6095656,5565381375,924.0,925.0,902.0,908.0,-11.0,7775,52.06624134865767,3.067670801829081,-3.4303871111711848,6.498057913000266,917.95,900.0007353048954,-2.692061102748513,-1.6337047667670286,-1.0583563359814845,0,1
2454,4643748,4231446015,914.0,920.0,903.0,903.0,-5.0,5308,50.88009170713268,2.8349790302170277,-2.9304631062265907,5.765442136443618,914.1,900.2229030600884,-2.7787058692504796,-1.376279626615196,-1.4024262426352836,0,1
2454,7815136,6927620271,895.0,896.0,880.0,885.0,-18.0,9599,46.75094046311126,1.184465772911608,-3.664781090825609,4.849246863737217,909.45,899.095280611193,-3.104971297999232,-1.3620360442911585,-1.7429352537080733,0,1
2454,7242365,6389829722,880.0,891.0,872.0,881.0,-4.0,8209,45.860260681674944,-0.4412578990275051,-4.232403810211778,3.7911459111842727,905.3000000000001,897.7548894548083,-3.0472480522744463,-1.0434502388530982,-2.003797813421348,0,1
2454,8634587,7613375900,890.0,892.0,870.0,870.0,-11.0,9295,43.41092847060628,-2.5874373240621935,-5.102866588197173,2.51542926413498,901.25,895.6989717174151,-2.839651452747199,-0.6686829114606807,-2.1709685412865185,0,1
2454,7176317,6341977147,872.0,895.0,866.0,894.0,24.0,7245,49.720570956483726,-2.3249005508093887,-3.872263851955495,1.547363301146106,897.7,895.5731219605696,-2.3804509589195035,-0.1675859341063881,-2.2128650248131154,0,1
2454,16822913,15609054889,904.0,950.0,896.0,949.0,55.0,21882,60.57055263861564,2.294749633942047,0.5979090662367523,1.6968405677052945,898.1500000000001,899.5306684820089,-1.7375005265153385,0.3802915986382216,-2.11779212515356,1,0
2454,11990455,11296233820,951.0,955.0,930.0,943.0,-6.0,13237,59.07293663288463,5.409350210212324,2.9700077140056234,2.4393424962067005,898.1000000000001,902.750618964823,-0.8620204747440787,1.0046173203275852,-1.866637795071664,1,0
2454,9733633,9294980212,953.0,970.0,941.0,941.0,-2.0,10779,58.55323597448187,7.628375160735118,4.1512261316227335,3.4771490291123843,900.35,905.5839064489102,-0.22182786157940862,1.3158479467938042,-1.537675808373213,1,0
2454,12775101,12318722192,958.0,977.0,941.0,971.0,30.0,14504,63.71052357391211,11.673156815295897,6.55680622894681,5.116350586349087,903.9,910.4295430082501,0.40762017403056855,1.5562367859230253,-1.1486166118924568,1,0
2454,9308335,9056085526,972.0,984.0,960.0,969.0,-2.0,9430,63.14640193850921,14.549573703452666,7.546578493682862,7.002995209769804,905.85,914.7680953780093,0.8983341775001307,1.63756063151407,-0.7392264540139393,1,0
2454,5773029,5608220878,978.0,985.0,961.0,961.0,-8.0,6689,60.8263484255788,15.999192932595975,7.196958178260935,8.80223475433504,909.0500000000001,918.1926809055642,1.2995328154902561,1.6310074156033565,-0.33147460011310026,1,0
2454,12518802,12496987935,985.0,1010.0,984.0,995.0,34.0,16844,66.46551192940458,19.664858221154418,8.690098773455503,10.974759447698915,914.6500000000001,923.8821119495965,1.8587934689522436,1.7522144552522751,0.10657901369996851,1,0
2454,5555761,5544597573,1005.0,1010.0,988.0,998.0,3.0,5914,66.91803317458299,22.552033495994806,9.261819238636711,13.290214257358095,921.2,929.372325879256,2.4926111134456574,1.9088256797965513,0.5837854336491063,1,0
2454,8167263,8237103462,988.0,1030.0,985.0,1020.0,22.0,9501,70.10403472268081,26.312047930744484,10.41746693870911,15.894580992035374,928.25,936.085486925237,3.184092080877323,2.0802453177825733,1.1038467630947497,0,0
2454,6835494,6928197672,1025.0,1030.0,999.0,999.0,-21.0,6586,63.788920493507106,27.282862112605358,9.110624896455985,18.172237216149373,935.0,940.7458212270712,3.823202886483486,2.175484898710989,1.647717987772497,1,0
2454,10591483,10297735564,997.0,1005.0,956.0,960.0,-39.0,15811,54.05089167730195,24.621444595685944,5.159365903629254,19.46207869205669,938.6000000000001,942.1720566917327,4.5045045045045,2.2854292133856022,2.219075291118898,1,0
2454,9936111,9642426913,973.0,984.0,952.0,961.0,1.0,11616,54.243775613516945,22.33547423803475,2.2987164367824455,20.036757801252303,941.7,943.5667191590118,4.829144895081671,2.0880556831702184,2.741089211911453,1,0
2454,8837949,8418348992,965.0,969.0,935.0,965.0,4.0,11115,55.056476556652036,20.60902482120798,0.4578136159645396,20.151211205243442,944.6,945.1543695916776,4.617154350581339,1.500852110935909,3.1163022396454303,1,0
2454,6003442,5831329760,971.0,985.0,957.0,985.0,20.0,7185,58.97962628174493,20.616974425446756,0.3726105761626499,20.244363849284106,947.9000000000001,948.1058977700718,4.48369937758766,1.093917710353784,3.3897816672338763,1,0
2454,6494451,6334177260,990.0,990.0,967.0,975.0,-10.0,7062,56.331878063455136,19.59053067463151,-0.5230665397220804,20.11359721435359,951.25,950.0980534908073,4.374573262324171,0.7878332760722357,3.5867399862519354,1,0
2454,4616211,4474368427,985.0,985.0,962.0,963.0,-12.0,6067,53.24298419495076,17.60581798468081,-2.0062233837382237,19.612041368419035,954.25,951.0537532322289,3.882247337712673,0.23640588116859007,3.645841456544083,1,0
2454,11068834,10957963828,966.0,1010.0,963.0,998.0,35.0,11045,60.11291734270393,18.64223034458064,-0.7758488190707169,19.418079163651356,959.9000000000001,954.5312529928045,3.673314648577643,0.021978553626847752,3.6513360949507954,1,0
2454,6767197,6722472150,1010.0,1010.0,983.0,988.0,-10.0,7136,57.51283477829796,18.444066463082436,-0.7792101604551362,19.223276623537572,965.25,957.0104194377819,3.5366413037612534,-0.09175583295163392,3.6283971367128873,1,0
2454,6178019,6146468973,999.0,1010.0,984.0,984.0,-4.0,6739,56.46084532809409,17.75953275007862,-1.1709950987671647,18.930527848845784,970.95,959.0096476275759,3.1188218680653677,-0.40766021491801574,3.5264820829833834,1,0
2454,11303072,11456437658,980.0,1035.0,980.0,1035.0,51.0,14963,65.20082506340485,21.08920539373571,1.7269420359119394,19.36226335782377,978.0000000000001,964.6385626181258,2.9603898103155024,-0.45287381813430505,3.4132636284498075,1,0
2454,11479738,12202088290,1070.0,1090.0,1030.0,1070.0,35.0,11981,69.6965980269307,26.24961324396577,5.509879908913597,20.739733335052172,984.0500000000001,972.4431135353017,2.727127638351343,-0.5489087920787714,3.2760364304301146,1,0
2454,8769643,9422271120,1075.0,1100.0,1055.0,1065.0,-5.0,8147,68.33832708281389,29.59466653694983,7.083946561518125,22.510719975431705,990.1500000000001,979.2991791993534,2.6342913776015933,-0.5133960422628174,3.1476874198644107,1,0
2454,9050437,9718091545,1075.0,1090.0,1055.0,1080.0,15.0,7798,70.21373935599105,33.07475482590371,8.451227880377601,24.62352694552611,997.1,986.7584992586605,2.8697875688434378,-0.22231988081677834,3.092107449660216,0,0
2454,6567928,7782994680,1185.0,1185.0,1185.0,1185.0,105.0,5215,79.40840010928932,43.80046781780891,15.341552697826238,28.45891511998267,1007.8,1001.4430548691302,3.5407919970973682,0.3589476379497216,3.1818443591476466,0,0
2454,26691326,30048400595,1175.0,1175.0,1080.0,1105.0,-80.0,25290,63.36033844779714,45.32288719530936,13.491177660261354,31.83170953504801,1014.6000000000001,1009.113939693639,3.7719737534830506,0.47210351546832285,3.299870238014728,1,0
2454,18231506,19476054820,1100.0,1105.0,1025.0,1085.0,-20.0,19476,60.090783096710005,44.40372417545575,10.057611712326192,34.34611246312956,1020.8000000000001,1014.735129345962,3.84257488846398,0.43416372035940176,3.4084111681045783,1,0
2454,14706523,15353608999,1090.0,1100.0,999.0,1005.0,-80.0,18840,49.16254317381665,36.79579047983873,1.9597424133673371,34.83604806647139,1021.3,1014.0140086536686,3.8687069119031134,0.368236595038828,3.5004703168642854,0,1
2454,14707057,15214361395,1030.0,1065.0,1000.0,1055.0,50.0,13530,54.706762730812166,34.4044374080039,-0.3452885267739916,34.74972593477789,1024.1499999999999,1017.0500080126561,4.184081870456202,0.546889242873533,3.637192627582669,1,0
2454,10404016,10873811920,1055.0,1065.0,1020.0,1060.0,5.0,10340,55.23254231549909,32.537657224566374,-1.7696549681692133,34.30731219273559,1026.15,1020.2314889006075,4.2232477209970805,0.4688440747315288,3.7544036462655517,1,0
2454,19770327,19665904692,1015.0,1025.0,979.0,979.0,-81.0,31826,45.93062615906897,24.242742183701353,-8.051656007227386,32.29439819092874,1025.15,1017.1773045375995,4.117980714690865,0.2908616547402505,3.8271190599506144,0,1
2454,25311449,23187861759,901.0,937.0,898.0,911.0,-68.0,31502,39.86133704589537,12.043105132497203,-16.20103444674523,28.244139579242432,1022.7000000000002,1009.3123190162959,3.7474261315546675,-0.0637543427167575,3.811180474271425,0,1
2454,31743355,28023814121,900.0,919.0,821.0,888.0,-23.0,38026,38.03081606501756,0.5129837375936859,-22.184924673319,22.697908410912685,1019.0500000000001,1000.3262213113851,2.82485875706213,-0.7890573737674362,3.6139161308295664,0,1
2454,16914988,14993034403,886.0,905.0,861.0,873.0,-15.0,21218,36.8425315979727,-9.723014320950028,-25.93673818549017,16.213723864540142,1014.45,990.8946493623936,1.6741753207086045,-1.5517926480967699,3.2259679688053744,0,1
2454,11955062,10765479304,894.0,920.0,888.0,895.0,22.0,14148,39.8128607794256,-15.876881582533315,-25.672484357658767,9.795602775125452,1009.95,983.7913420022163,0.6637535615265635,-2.049771525823049,2.713525087349612,0,1
2454,16387825,14910174357,880.0,937.0,869.0,914.0,19.0,18329,42.335215408810384,-19.00168491759098,-23.037830154173143,4.036145236582167,1006.9,978.6216129650151,-0.30981795789555494,-2.418674436196134,2.108856478300579,0,1
2454,16451932,15952272681,940.0,994.0,920.0,994.0,80.0,18896,51.543443395921955,-14.851582859102336,-15.110182476547603,0.2585996174452661,1008.45,979.7607527453843,-1.8836451356275934,-3.1940012911425377,1.3103561555149446,0,1
2454,12726405,12240468292,983.0,992.0,943.0,943.0,-51.0,19246,46.45100930470962,-15.49920565818843,-12.606244220506957,-2.8929614376814734,1005.7,977.037734023504,-3.1714238023702297,-3.5854239663081393,0.41400016393790967,0,1
2454,11288732,10588899203,938.0,949.0,926.0,930.0,-13.0,12647,45.22446487464569,-16.867010350826376,-11.179239130515922,-5.687771220310454,1002.8,973.5534574291703,-4.350816300295679,-3.811853171386871,-0.538963128908808,0,1
2454,13888295,13266103555,961.0,973.0,936.0,955.0,25.0,13300,48.06456246974966,-15.752133567556143,-8.051489877796552,-7.700643689759592,1001.3499999999999,972.1791272492318,-4.731867283950627,-3.354323324033455,-1.377543959917172,0,1
2454,6117441,5784586787,950.0,959.0,938.0,943.0,-12.0,8259,46.809946811558966,-15.656408069922122,-6.364611504130023,-9.2917965657921,996.75,970.0177104159553,-5.514980549759148,-3.3099492718735806,-2.2050312778855674,0,1
2454,8851143,8487332205,955.0,969.0,947.0,952.0,9.0,9271,47.908196405433294,-14.685040137930514,-4.314594857710732,-10.370445280219782,990.8500000000001,968.6830651999586,-6.335976277960445,-3.304756000059902,-3.0312202779005433,0,1
2454,5897428,5632069553,960.0,968.0,947.0,951.0,-1.0,7057,47.79012330923669,-13.83641808137952,-2.7727782409277903,-11.06363984045173,985.1500000000001,967.3732085184802,-6.527234970140223,-2.7968117537917436,-3.7304232163484796,0,1
2454,9408341,8819319190,945.0,952.0,931.0,935.0,-16.0,12003,45.843320934732034,-14.290216548966214,-2.581261366811587,-11.708955182154627,977.9,964.9751930726668,-6.097103697957092,-1.8933443852868894,-4.203759312670202,0,1
2454,7683008,7332322270,950.0,968.0,938.0,961.0,26.0,9706,49.44717498810883,-12.408831114181226,-0.5599007456212775,-11.848930368559948,966.7,964.6807343265433,-5.384485949856989,-0.9445813097494291,-4.43990464010756,0,1
2454,9735550,9608090726,971.0,1010.0,959.0,995.0,34.0,13973,53.7787615700741,-8.081149293604085,3.014224859964692,-11.095374153568777,961.2,966.9266058579104,-4.3989028618744666,0.032801422586475226,-4.431704284460942,1,0
2454,7359973,7283387219,1005.0,1015.0,976.0,977.0,-18.0,10639,51.27394144363088,-6.03431995504809,4.0488433588165496,-10.08316331386464,955.8,967.6727832017689,-3.492051142405165,0.751722513644622,-4.243773656049787,1,0
2454,7280733,7043811180,981.0,988.0,957.0,959.0,-18.0,13543,48.82492331225569,-5.79780899230434,3.4282834572482397,-9.22609244955258,953.5,967.0303548164527,-2.692583186820356,1.2409523753835447,-3.9335355622039008,1,0
2454,5997351,5861387770,968.0,984.0,965.0,981.0,22.0,6020,51.85190153491647,-3.7914507281340093,4.347713377134857,-8.139164105268867,949.8000000000001,968.0651433485673,-2.482589209883319,1.1607570818564654,-3.6433462917397845,1,0
2454,4084872,3968840304,971.0,977.0,966.0,977.0,-4.0,5074,51.25824328665511,-2.4953985185632064,4.515012469364528,-7.0104109879277345,945.6500000000001,968.7269845820067,-1.797334172963905,1.4768096950207037,-3.2741438679846087,1,0
2454,5423299,5227747851,971.0,976.0,948.0,973.0,-4.0,8011,50.6339363032602,-1.7706237273773695,4.191829808440293,-5.962453535817662,945.3500000000001,969.0435042425988,-0.6012859183997595,2.1382863596678794,-2.739572278067639,1,0
2454,3584585,3476996181,975.0,977.0,966.0,966.0,-7.0,4429,49.49776760747044,-1.7410067402389586,3.377157436462963,-5.118164176701922,948.1000000000001,968.8180594838879,0.0452302084580396,2.2278419892205434,-2.1826117807625036,1,0
2454,3982070,3877203073,963.0,984.0,963.0,967.0,1.0,4939,49.67150835524032,-1.618189935612122,2.7999793928718395,-4.418169328483962,952.0500000000001,968.6833884110073,0.7271074755737247,2.3277754050689827,-1.600667929495258,1,0
2454,9223103,9167098512,980.0,1005.0,977.0,998.0,31.0,11918,54.856335661097326,0.9694094404985663,4.310063015186023,-3.3406535746874564,958.3000000000001,970.8549892694512,1.1551419862024488,2.2046479325581654,-1.0495059463557166,1,0
2454,6101450,6033201319,1005.0,1010.0,980.0,980.0,-18.0,9692,51.53639794225782,1.5497860520895301,3.9123517014215894,-2.3625656493320593,962.5500000000001,971.532397471714,1.7131324509527543,2.210110717846777,-0.4969782668940224,1,0
2454,5500801,5453060457,992.0,1005.0,985.0,989.0,9.0,6280,53.06588724105153,2.704784411004539,4.053880048269279,-1.3490956372647398,966.3000000000001,972.8262939552908,2.476532451114853,2.3788085744071004,0.09772387670775273,1,0
2454,5172619,5097641346,995.0,995.0,981.0,985.0,-4.0,5738,52.276232586513004,3.2597855821088615,3.687104975498881,-0.42731939339001956,965.8500000000001,973.7280499586026,2.6614768204796957,2.0510023550175545,0.6104744654621413,1,0
2454,6313231,6144746315,978.0,979.0,968.0,978.0,-7.0,8883,50.85017535035396,3.099062447422966,2.8211054726503884,0.27795697477257764,967.6000000000001,974.0444907024098,2.2366145058127693,1.3009120322805023,0.935702473532267,1,0
2454,6077649,5917845107,980.0,990.0,965.0,965.0,-13.0,7380,48.219395927893004,1.9007857755474333,1.2982630406198845,0.6025227349275488,969.3500000000001,973.3745284281572,1.816650625601538,0.7047585216554169,1.1118921039461211,0,1
2454,11806041,11032287422,960.0,961.0,918.0,918.0,-47.0,31213,40.13489366360368,-2.8089841044181867,-2.7292054714765883,-0.07977863294159827,967.5000000000001,969.2727115075529,1.277637671296837,0.13259645388057262,1.1450412174162643,0,1
2454,14408209,12977450724,902.0,916.0,890.0,903.0,-15.0,26175,37.94813886970697,-7.663544732830928,-6.067012879911464,-1.5965318529194645,965.5000000000001,964.3636217662527,0.5689169901423068,-0.460899381819166,1.0298163719614728,0,1
2454,8988863,8320566023,903.0,941.0,898.0,941.0,38.0,11752,45.97828355813436,-8.348302550159133,-5.401416557791734,-2.9468859923673985,964.95,962.6329831169006,0.148571580854908,-0.7049958328852519,0.8535674137401599,0,1
2454,3582547,3345842419,945.0,947.0,927.0,929.0,-12.0,7189,44.040081692148746,-9.746921323847573,-5.440028265184139,-4.306893058663434,963.8500000000001,960.1416510341672,0.027387011876603896,-0.6609443214908448,0.6883313333674487,0,1
2454,5050278,4738907582,940.0,952.0,927.0,927.0,-2.0,6803,43.70936646037176,-10.89117339640859,-5.267424270196124,-5.6237491262124655,963.45,957.6867139205252,-0.24730967181339814,-0.7485128041446775,0.5012031323312793,0,1
2454,3891044,3615209572,929.0,935.0,922.0,935.0,8.0,5103,45.473212475456364,-11.025374611133998,-4.321300387937225,-6.7040742231967725,962.15,956.0062165930789,-0.5453087409783535,-0.8372094986477063,0.2919007576693528,0,1
2454,5525324,5201733467,942.0,949.0,935.0,935.0,0.0,6487,45.473212475456364,-11.00487271827069,-3.440638796059133,-7.564233922211557,959.15,954.4502005491471,-1.013242375601937,-1.0441145066170319,0.030872131015094843,0,1
2454,10667882,10263530432,945.0,978.0,943.0,962.0,27.0,12046,51.43028919357621,-8.709552172941699,-0.9162546005841135,-7.793297572357585,958.4,955.009444952914,-1.2450378924576126,-1.020728018778166,-0.2243098736794467,1,0
2454,5621060,5387345203,971.0,976.0,948.0,955.0,-7.0,7519,49.90794815199061,-7.370374512949525,0.33833844752644904,-7.708712960475974,958.2,955.0087453267722,-1.5522679282602416,-1.062366443664636,-0.4899014845956057,0,1
2454,4790985,4592233661,963.0,964.0,953.0,957.0,2.0,5146,50.360054829680735,-6.077624215087212,1.30487099631101,-7.382495211398222,957.0000000000001,955.1562456729372,-1.8191170968948835,-1.0633724898394221,-0.7557446070554613,0,1
2454,7532324,7253624843,960.0,975.0,957.0,957.0,0.0,9256,50.36005482968073,-4.995524987815202,1.9095761788664163,-6.905101166681618,956.0000000000001,955.2928200675344,-2.0878387398211355,-1.0656753062125393,-1.0221634336085963,1,0
2454,7187618,6676788826,937.0,940.0,920.0,922.0,0.0,14620,42.56328589122041,-6.882820180262229,0.017824789135511665,-6.9006449693977405,953.45,952.826685247717,-2.3083711042477444,-1.0289661365113183,-1.279404967736426,0,1
2454,5379862,4952152805,926.0,928.0,917.0,917.0,-5.0,10297,41.57307597333282,-8.681893961464311,-1.4249991936532567,-7.256894767811055,951.0,950.1728567108491,-2.0104883380946763,-0.5848666962866,-1.4256216418080763,0,1
2454,6530700,6014637645,920.0,929.0,914.0,920.0,3.0,6436,42.4383649658392,-9.753169499882347,-1.9970197856570335,-7.756149714225313,948.6500000000001,947.9378302878233,-1.6366887132333297,-0.16885365714020262,-1.467835056093127,0,1
2454,5186052,4771071467,915.0,929.0,911.0,919.0,-1.0,6165,42.213941898995046,-10.561112790667039,-2.2439704611533795,-8.31714232951366,944.7,945.7942873035402,-1.6703021489739898,-0.16197367430469,-1.5083284746692998,0,1
2454,5706017,5346107568,940.0,941.0,930.0,935.0,16.0,6153,47.03968374381121,-9.79740895534826,-1.1842133006676807,-8.61319565468058,942.45,944.9947104662409,-1.4346418454067151,0.05894930341006788,-1.493591148816783,0,1
2454,7219531,6738427622,940.0,944.0,926.0,926.0,-9.0,8066,44.774621460220835,-9.805362828470606,-0.9537337390320211,-8.851629089438585,939.3000000000001,943.587694876149,-1.2395744623328895,0.20321334918711487,-1.4427878115200043,0,1
2454,3410706,3173452902,929.0,938.0,925.0,930.0,4.0,4476,46.01873769264069,-9.380764149823221,-0.4233080483077085,-8.957456101515513,936.5500000000001,942.5811989593973,-1.1110659733506727,0.26537747053546545,-1.3764434438861382,0,1
2454,7490469,7081346164,935.0,952.0,930.0,951.0,21.0,8262,52.117516837168196,-7.265984397038778,1.3531773635813877,-8.619161760620166,935.2,943.2048138512938,-0.9098546129561136,0.3732710647440196,-1.2831256777001332,1,0
2454,6055983,5759854226,948.0,960.0,941.0,957.0,6.0,6788,53.726132554493944,-5.047669953722902,2.8571934455178116,-7.904863399240714,934.8000000000001,944.2266794919387,-0.9136133815894817,0.29560983688852127,-1.209223218478003,1,0
2454,7197515,6661594919,941.0,945.0,915.0,919.0,-38.0,13264,43.71049879930505,-6.283490034273427,1.2970986919738303,-7.5805887262472575,934.8500000000001,942.3580365666099,-0.9124782419495439,0.23739598122276728,-1.1498742231723111,0,1
2454,3177142,2924310492,917.0,928.0,915.0,920.0,1.0,5347,44.00632247872019,-7.100346336308576,0.38419391195094565,-7.484540248259521,935.7,940.7018857098241,-0.9971917770870893,0.12214595686817753,-1.1193377339552668,0,1
2454,5054585,4617028966,926.0,931.0,906.0,912.0,-8.0,8650,42.10014305966791,-8.29759447794504,-0.6504433837484145,-7.647151094196626,934.25,938.5758201016889,-1.0844444444444525,0.027914631608651375,-1.112359076053104,0,1
2454,4257367,3924562982,915.0,931.0,915.0,919.0,7.0,5162,44.37076345932845,-8.582645364093992,-0.7483954159178925,-7.834249948176099,933.75,937.1257593534157,-0.8426234453631786,0.21578850455194043,-1.058411949915119,0,1
2454,4544769,4224700764,932.0,934.0,924.0,933.0,14.0,4790,48.7035660132848,-7.591358789263722,0.19431292712990178,-7.785671716393624,934.0500000000001,936.820147549459,-0.5158533904824681,0.4340468475461208,-0.9499002380285889,0,1
2454,5040016,4673380933,940.0,940.0,920.0,923.0,-10.0,4825,45.950523546379515,-7.5259193498466175,0.20780189323760556,-7.733721243084223,933.45,935.7964329161657,-0.31651666529051414,0.5067068581904599,-0.823223523480974,0,1
2454,8669067,8141558032,928.0,948.0,924.0,938.0,15.0,8987,50.47294084014989,-6.192302474521512,1.2331350148501699,-7.4254374893716815,933.6000000000001,935.9596601075608,-0.22894150647637268,0.4754256136036812,-0.7043671200800539,1,0
2454,17046717,15308710868,931.0,932.0,887.0,890.0,-48.0,28720,39.176544317042335,-8.905938227762476,-1.1844005907126354,-7.721537637049841,930.0,932.5552408403341,-0.5778199678071826,0.10123772181829704,-0.6790576896254796,0,1
2454,10421629,9571909485,915.0,935.0,903.0,933.0,43.0,10860,49.9774269570867,-7.500314521865562,0.17697849214742334,-7.677293014012985,928.9,932.5881859632724,-0.48236378899853743,0.1573551205015538,-0.6397189095000912,1,0
2454,6139039,5629687066,935.0,937.0,907.0,910.0,-23.0,8663,45.339644915283344,-8.148326552608864,-0.3768268308767029,-7.7714997217321615,926.55,930.91498700303,-0.5832851279508705,0.04514702523937664,-0.6284321531902471,0,1
2454,4122769,3826838780,924.0,934.0,920.0,934.0,24.0,5452,50.50140055929782,-6.6486399493153385,0.8982878179334586,-7.546927767248797,925.4000000000001,931.1435064842871,-0.7641786112602779,-0.10859716645602457,-0.6555814448042533,1,0
2454,3168619,2972009646,948.0,948.0,930.0,938.0,4.0,3738,51.326396712943634,-5.078815517113071,1.9744898001085813,-7.053305317221652,926.2,931.6513948928584,-0.9465003579492481,-0.23273513051599581,-0.7137652274332523,1,0
2454,6227344,5907071537,948.0,953.0,941.0,950.0,12.0,8307,53.813424914072726,-2.8337528933977865,3.3756419390590935,-6.20939483245688,927.85,933.0105508267208,-0.7305898377843099,-0.013459688280845983,-0.7171301495034639,1,0
2454,7656801,7345324298,960.0,964.0,952.0,961.0,11.0,8722,56.03125078715338,-0.16501433757071027,4.835504395908936,-5.000518733479646,929.9,935.0838433580748,-0.35980626874708677,0.28585910460510167,-0.6456653733521884,1,0
2454,3869980,3640698712,956.0,957.0,935.0,936.0,-25.0,6801,50.13853695732915,-0.06654379568260538,3.947179950237633,-4.013723745920238,930.75,935.1517068130322,-0.06678508971235937,0.4631042269118633,-0.5298893166242227,1,0
2454,4439039,4087240470,928.0,928.0,911.0,921.0,-15.0,5807,46.948176898978105,-1.1852173734548614,2.2628050979723016,-3.448022471427163,930.05,934.1034322342891,0.09998207218014887,0.5038971110434973,-0.4039150388633484,0,1
2454,2513902,2320569397,930.0,930.0,916.0,922.0,1.0,3144,47.18943520765214,-1.968392200786866,1.183704216512238,-3.152096417299104,929.85,933.2068816984158,0.14639266379403204,0.44024616212590434,-0.2938534983318723,0,1
2454,4585315,4175799220,913.0,916.0,906.0,910.0,-12.0,6948,44.57009758769922,-3.516823849542334,-0.29178194579458383,-3.22504190374775,928.8500000000001,931.4878534244591,0.07945061626042782,0.29864329167384007,-0.21919267541341228,0,1
2454,4309333,3919105870,923.0,923.0,901.0,904.0,-6.0,6828,43.27663210325384,-5.168537262674931,-1.5547962871417447,-3.6137409755331866,926.5,929.4517161337584,-0.17212060885074051,0.037657653250137424,-0.20977826210087794,0,1
2454,5316640,4834227125,909.0,916.0,901.0,910.0,6.0,4922,44.99569829078959,-5.925081534927926,-1.849072447515792,-4.076009087412134,924.1500000000001,928.0108482719985,0.04909893088806513,0.20710175439115447,-0.15800282350308933,0,1
2454,3748871,3400104149,910.0,918.0,900.0,901.0,-9.0,5421,42.89569377705843,-7.168242072619819,-2.473786388166147,-4.694455684453672,923.25,926.0100446962949,-0.16401611094962687,-0.004810629957230028,-0.15920548099239684,0,1
2454,5619978,4996772917,903.0,905.0,880.0,880.0,-21.0,14819,38.393089661806954,-9.73575255573894,-4.033037497028214,-5.7027150587107265,921.25,922.6018932373102,-0.20600965540203475,-0.03744333952771031,-0.16856631587432444,0,1
2454,6112567,5442899929,870.0,912.0,865.0,912.0,32.0,9482,47.44569757279429,-9.083679543302424,-2.704771587673357,-6.378907955629066,921.25,921.8165678123243,-0.3463257544210268,-0.1422075508373619,-0.20411820358366492,0,1
2454,5605024,5009046115,908.0,914.0,882.0,888.0,-24.0,9574,42.41208431895217,-10.383808327937004,-3.2039202978463495,-7.1798880300906545,919.7,919.3116368632632,-0.6236442516268981,-0.3356208384345865,-0.28802341319231156,0,1
2454,5568161,4914351650,899.0,904.0,870.0,873.0,-15.0,9040,39.58536697063867,-12.480674944639986,-4.240629531639465,-8.240045413000521,916.7000000000002,915.8811452437621,-0.997461008342397,-0.5675500761200684,-0.4299109322223287,0,1
2454,5355550,4834290895,882.0,915.0,882.0,911.0,38.0,7145,48.88051406694362,-10.949950214767568,-2.1679238414136375,-8.782026373353931,916.1000000000001,915.5195789294094,-1.2607626076260736,-0.664681340322996,-0.5960812673030776,0,1
2454,3669517,3336483251,920.0,920.0,903.0,909.0,-2.0,3725,48.457932944715964,-9.785422859855998,-0.8027171892016529,-8.982705670654346,914.6500000000001,915.0366471568606,-1.4647481611992061,-0.6949335151169028,-0.7698146460823033,0,1
2454,4529009,4118558224,915.0,915.0,900.0,911.0,2.0,3740,48.93337345155514,-8.601984928117758,0.3045765940292693,-8.906561522147028,915.7,914.7376362563524,-1.518457901436633,-0.5989146042834638,-0.9195432971531693,0,1
2454,9982776,8837978854,906.0,907.0,870.0,888.0,-23.0,20930,43.916381322224495,-9.41151948384288,-0.4039663693566826,-9.007553114486198,913.45,912.7570706077337,-1.728628439403501,-0.6472681138002652,-1.0813603256032358,0,1
2454,5541636,4931572441,873.0,896.0,873.0,896.0,8.0,6152,45.990599582093324,-9.30033978267204,-0.23422933454867412,-9.066110448123366,912.7500000000001,911.5158061182719,-1.761135873069281,-0.543820437972836,-1.217315435096445,0,1
2454,4321735,3915780618,902.0,912.0,898.0,912.0,16.0,5396,49.97548630014864,-7.8308931246871225,0.9881738587489952,-8.819066983436118,911.6500000000001,911.5516723317332,-1.6013635789739584,-0.3072385151020107,-1.2941250638719477,1,0
2454,7759596,6953519849,917.0,917.0,885.0,901.0,-11.0,8621,47.38690192237332,-7.467869183249604,1.0809582401492115,-8.548827423398816,909.8000000000001,910.770066973827,-1.5923164412991413,-0.23855310194175483,-1.3537633393573865,0,1
2454,9426404,8682486888,917.0,930.0,906.0,927.0,26.0,11910,53.5157202667004,-5.024270719921105,2.8196453627821683,-7.843916082703274,908.6500000000001,911.9722842350251,-1.309282984940443,0.035584283533554695,-1.3448672684739977,1,0
2454,5835912,5453594073,930.0,945.0,927.0,933.0,6.0,7530,54.82356859434364,-2.5738813743511173,4.216027766681726,-6.789909141032843,907.2500000000001,913.5298928102084,-1.0047256460953848,0.2721132979028904,-1.2768389439982752,1,0
2454,5982064,5518704279,938.0,938.0,917.0,919.0,-14.0,6585,51.20353431419505,-1.7415377973450177,4.03869707495026,-5.780234872295278,906.4000000000001,913.9350859353781,-0.8825468984580082,0.3154336364322138,-1.197980534890222,1,0
2454,8507094,7686402319,907.0,917.0,895.0,896.0,-23.0,10893,45.84747599382617,-2.9043280114018444,2.300725488714747,-5.205053500116591,905.1500000000001,912.606561051276,-0.7510985694029372,0.35750557238982783,-1.108604141792765,0,1
2454,3756993,3384475936,901.0,907.0,897.0,903.0,7.0,3952,47.642535509790456,-3.2238436718578214,1.5849678626070158,-4.808811534464837,904.2,911.8949639363667,-0.34722222222221805,0.6091055356564377,-0.9563277578786556,0,1
2454,5405988,4901792058,899.0,914.0,895.0,912.0,9.0,4710,49.94015851846046,-2.7194887770941705,1.671458205896534,-4.390946982990704,904.3000000000001,911.9027443855248,-0.22868642517379337,0.5821130661638899,-0.8107994913376833,1,0
2454,6326324,5699357147,903.0,908.0,898.0,901.0,-11.0,5278,47.213081694472415,-3.170840483167126,0.9760851998588631,-4.146925683025989,904.1500000000001,911.0951336903007,-0.09518974489149906,0.5724877971569473,-0.6676775420484464,0,1
2454,4863848,4460103582,903.0,925.0,902.0,925.0,24.0,6005,53.21582376652433,-1.5737987658947077,2.058501533705025,-3.632300299599733,904.9000000000001,912.1251237873155,0.1857265935059024,0.6827233084434791,-0.4969967149375767,1,0
2454,3014460,2790479842,918.0,932.0,918.0,927.0,2.0,3988,53.688448173283426,-0.14507606699589815,2.789779386083068,-2.934855453078966,906.2,913.2269664697366,0.582118232169083,0.8632919576853277,-0.28117372551624475,1,0
2454,8536498,8046039802,932.0,949.0,932.0,947.0,20.0,11472,58.23247213383665,2.571388452847941,4.404995124741526,-1.8336066718935848,909.5500000000001,915.7286726571634,0.9392553701978703,0.976343276571292,-0.03708790637342174,1,0
2454,5483694,5124282580,943.0,945.0,928.0,935.0,-12.0,5478,54.76066248173206,3.7131040914395044,4.437368610666471,-0.724264519226967,910.7,917.1561783862625,1.0946073660304911,0.9053562179231303,0.18925114810736082,1,0
2454,4041855,3762823568,930.0,936.0,926.0,936.0,1.0,3589,55.00142720555195,4.645068149122949,4.295466134679932,0.34960201444301614,913.1000000000001,918.5520170243171,1.304053768440621,0.8918420962666082,0.4122116721740129,1,0
2454,7362257,6955190698,940.0,952.0,936.0,940.0,4.0,7460,56.00992736876557,5.641392488913539,4.233432379576418,1.4079601093371208,916.4500000000002,920.1407565039973,1.2690105375708567,0.685439092317475,0.5835714452533817,1,0
2454,8480705,7704784466,918.0,925.0,900.0,911.0,-29.0,10848,47.66864651837759,4.044308795143593,2.1090789486451778,1.9352298464984152,916.45,919.4636634296271,1.0635603950367103,0.3839911598266629,0.6795692352100474,0,1
2454,5320705,4856619712,919.0,921.0,905.0,915.0,4.0,5237,48.80123948046255,3.066031726860615,0.9046415042897595,2.1613902225708554,916.75,919.1330216940992,0.9673246724031266,0.23020434975446324,0.7371203226486633,0,1
2454,4848703,4449683534,918.0,923.0,912.0,920.0,5.0,4063,50.250658397432844,2.663495200691841,0.4016839824967886,2.2618112181950525,917.2,919.197242309351,1.0162259277974148,0.22328448411900115,0.7929414436784137,1,0
2454,11010430,10454270707,921.0,959.0,921.0,959.0,39.0,15793,59.808289315065224,5.428875469924947,2.5336514013839153,2.8952240685410313,920.75,922.1455947308806,1.3266092316312694,0.4269342303622845,0.8996750012689849,1,0
2454,7353868,7040725953,959.0,969.0,945.0,957.0,-2.0,7994,59.18038885040193,7.374072256703812,3.5830785505302245,3.7909937061735874,923.8000000000001,924.7274025285932,1.4422002458375067,0.4340201956548173,1.0081800501826894,1,0
2454,8807094,8136007674,940.0,943.0,913.0,913.0,-44.0,11362,47.39227449246342,5.304080311796042,1.2104692844979636,4.093611027298079,923.8500000000001,923.8587060449937,1.381219321731352,0.29843141723892996,1.082787904492422,0,1
2454,8747603,7916414107,913.0,915.0,896.0,905.0,-8.0,10672,45.61325942292023,2.9836697531156915,-0.8879530193459098,3.8716227724616012,924.0500000000001,922.4617648564756,1.2253466119898253,0.11404696599792263,1.1112996459919027,0,1
2454,6601268,5882005182,905.0,905.0,882.0,885.0,-20.0,16255,41.42652624135483,-0.4637592572819358,-3.46830562379483,3.004546366512894,921.95,919.6868193115515,0.9459383988159964,-0.1322889977407251,1.0782273965567215,0,1
2454,4625996,4119878988,892.0,899.0,878.0,892.0,7.0,5911,43.38522082659411,-2.6010468379947724,-4.484474563606133,1.883427725611361,919.9000000000001,917.6359438069921,0.5267938237965404,-0.4411468582081449,0.9679406820046853,0,1
2454,9075762,7871135272,872.0,878.0,855.0,867.0,-25.0,18097,38.441108830004936,-6.240220334701576,-6.4989184482503495,0.25869811354877364,917.3000000000001,913.8851331546224,-0.0027971245559653803,-0.7765902452485206,0.7737931206925552,0,1
2454,5437206,4767022092,875.0,890.0,871.0,871.0,4.0,6466,39.62659588953811,-8.701222700101994,-7.167936650920614,-1.5332860491813798,916.0500000000002,910.7084566246504,-0.4893107648368321,-1.01048310842351,0.5211723435866777,0,1
2454,7536884,6822097941,885.0,914.0,883.0,911.0,40.0,8016,49.996823859370494,-7.339316032536999,-4.644823986684495,-2.694492045852504,916.45,910.7300524302318,-0.7490479390681257,-1.0161762261238427,0.26712828705571706,0,1
2454,4815175,4406502069,919.0,925.0,906.0,910.0,-1.0,5205,49.76667651357914,-6.268428289772032,-2.8591489951356226,-3.4092792946364097,916.3500000000001,910.6759744724369,-0.795650165847937,-0.8502227623229233,0.05457259647498626,0,1
2454,9179159,8201224912,907.0,908.0,885.0,887.0,-23.0,8148,44.67310704948547,-7.192736431027129,-3.026765709112575,-4.165970721914554,915.6500000000001,908.9221985855897,-0.8839074175323657,-0.7507840112058816,-0.13312340632648414,0,1
2454,5792133,5042864544,891.0,893.0,862.0,862.0,-25.0,14479,39.8935943717253,-9.829242964135574,-4.530617793776816,-5.298625170358758,912.5000000000001,905.4464801718424,-1.1171574003768534,-0.7872271952402954,-0.329930205136558,0,1
2454,8950553,7605345119,870.0,873.0,839.0,840.0,-22.0,20052,36.22105922469572,-13.537853575954045,-6.5913827244762295,-6.946470851477816,908.1500000000001,900.598592751706,-1.8777951778332798,-1.2382919781573773,-0.6395031996759024,0,1
2454,6522822,5563539719,853.0,859.0,847.0,857.0,17.0,8236,40.75936178175445,-14.933057290900592,-6.389269151538221,-8.543788139362372,903.6500000000001,897.3690673626907,-2.6341077383980696,-1.5956836309777336,-1.038424107420336,0,1
2454,6064288,5275492160,862.0,878.0,860.0,867.0,10.0,7122,43.314553422048235,-15.058267525791507,-5.211583509143308,-9.846684016648199,900.25,895.1195068173062,-2.908457880434791,-1.496027018411564,-1.412430862023227,0,1
2454,6912775,6172110128,877.0,900.0,872.0,898.0,31.0,8399,50.44960687370613,-12.511828051409225,-2.1321152278088196,-10.379712823600405,898.3500000000001,895.3328766826909,-2.9151443056617783,-1.202170754910841,-1.7129735507509374,0,1
2454,4559291,4130277207,910.0,918.0,901.0,901.0,3.0,5579,51.09119592817198,-10.134853214768896,0.19588768706520732,-10.330740901834103,896.4000000000001,895.7526635950842,-2.767864729373786,-0.843912942898279,-1.9239517864755071,1,0
2454,6120161,5596723352,912.0,924.0,903.0,913.0,12.0,8635,53.675058415319896,-7.199789132332512,2.5047614156012727,-9.704550547933785,896.5,897.0302440695224,-2.524866105585306,-0.480731455287839,-2.044134650297467,1,0
2454,4750886,4369613496,913.0,926.0,906.0,926.0,13.0,7063,56.36454073873259,-3.781151584756003,4.738719170542225,-8.519870755298228,897.0500000000001,899.1761519162244,-1.9773290825363206,0.053444454208917413,-2.030773536745238,1,0
2454,5842189,5448006760,928.0,944.0,916.0,938.0,12.0,8317,58.74547799361265,-0.10237684993387575,6.733995124291482,-6.836371974225358,897.95,902.0519925150226,-1.3225038271815048,0.5666157676509866,-1.8891195948324915,1,0
2454,6475143,6130124961,951.0,952.0,940.0,946.0,8.0,8292,60.300673396226216,3.419197393586842,8.20445549424976,-4.785258100662919,897.3000000000001,905.3074004768728,-1.0463155806803668,0.6742432113216998,-1.7205587920020666,1,0
2454,8154279,7711498281,949.0,958.0,932.0,942.0,-4.0,9452,59.10100028947103,5.820212001546679,8.484376081767678,-2.664164080220999,896.5500000000001,908.0253708119192,-0.7769231858808435,0.7549084848969786,-1.5318316707778221,1,0
2454,3849136,3599037910,942.0,947.0,927.0,936.0,-6.0,5982,57.26076296863226,7.156389121725397,7.856442561557117,-0.70005343983172,897.7,910.0975655665918,-0.3088387380112517,0.9783943462132564,-1.287233084224508,1,0
2454,5549918,5098098677,938.0,939.0,913.0,913.0,-23.0,7640,50.73877159148389,6.28693941107656,5.589594280726624,0.697345130349936,898.1000000000001,910.3125607098073,0.152281387672981,1.1516115775179914,-0.9993301898450103,1,0
2454,2963703,2736013975,925.0,930.0,917.0,922.0,9.0,3578,52.994917912154115,6.252049302607247,4.443763337805849,1.8082859648013982,899.95,911.1782969535252,0.8773047837539094,1.5013079788791357,-0.6240031951252264,1,0
2454,2965080,2753908718,929.0,934.0,919.0,928.0,6.0,3534,54.49132461093839,6.632097801070245,3.859049469015077,2.7730483320551675,901.75,912.4243490310419,1.496361731645824,1.6962919414168403,-0.1999302097710163,1,0
2454,3089194,2885456706,934.0,939.0,929.0,932.0,4.0,3186,55.50822401869926,7.173365453130145,3.520253696859982,3.6531117562701634,905.0,913.8743972509646,2.2116870048329615,1.9292937716831822,0.2823932331497793,1,0
2454,3142300,2933243510,945.0,945.0,926.0,928.0,-4.0,2836,54.20386032921895,7.19659947735795,2.8347901768702286,4.361809300487721,907.8500000000001,914.9207381953377,2.6145877678444527,1.8657556277557386,0.748832140088714,1,0
2454,3922770,3677044994,939.0,940.0,927.0,940.0,12.0,4519,57.43530574541008,8.090055200301663,2.982596719851153,5.10745848045051,909.3000000000001,916.7784612919793,2.856089920766529,1.685806224542252,1.170283696224277,1,0
2454,10948581,10613395514,947.0,983.0,944.0,980.0,40.0,17597,66.03784434507624,11.888744952462048,5.42502917760923,6.463715774852818,912.8000000000001,921.4615382333142,3.1444274895444773,1.57931503465616,1.5651124548883173,1,0
2454,7326160,7251540976,1000.0,1000.0,976.0,978.0,-2.0,10156,65.32691903532016,14.569897949710708,6.484945739886312,8.084952209824396,917.3500000000001,925.6495724382538,3.2151150517204994,1.3200020774657455,1.895112974254754,1,0
2454,3607273,3474161864,972.0,978.0,958.0,958.0,-20.0,6984,58.540058525037566,14.909036076333223,5.45926709320706,9.449768983126162,922.1500000000001,928.0459004057906,3.1107462141944984,0.9725065919517957,2.1382396222427027,1,0
2454,3976455,3772947123,936.0,960.0,936.0,954.0,-4.0,5155,57.25880894558047,14.68575072167755,4.18878539084111,10.49696533083644,927.8500000000001,929.9684263016579,2.8071426573817666,0.5351224281112512,2.2720202292705154,1,0
2454,4506624,4410740653,964.0,988.0,956.0,983.0,29.0,7089,63.49667075178051,16.656843384307194,4.9279024427766025,11.728940941530592,934.1500000000001,933.8966910200536,2.6972860125260922,0.3402126266044614,2.357073385921631,1,0
2454,11863385,12113913220,1010.0,1035.0,1000.0,1025.0,42.0,19824,70.26514688922816,21.36175252586247,7.706249267465502,13.655503258396969,942.0500000000001,940.6450842778274,3.012106604609911,0.5240265749506241,2.488080029659287,0,0
2454,5968762,6144548995,1025.0,1045.0,1010.0,1035.0,10.0,8160,71.61469207207176,25.602216924222148,9.557370932660142,16.044845991562006,948.9000000000001,947.6343372942847,3.5725605302685626,0.8675844004874205,2.704976129781142,0,0
2454,7313793,7639038614,1060.0,1075.0,1020.0,1030.0,-5.0,8746,69.90628046018392,28.233894536336265,9.751238835819407,18.482655700516858,955.3500000000001,953.735497494708,3.925557564798054,0.9764651480135296,2.9490924167845245,1,0
2454,13199272,14235901080,1060.0,1100.0,1050.0,1085.0,55.0,15124,76.53688853342048,34.36146081891752,12.703044094720529,21.658416724196993,963.95,963.4587939765815,4.367067128215556,1.1343797691448252,3.232687359070731,0,0
2454,10562661,11498116635,1115.0,1120.0,1060.0,1090.0,5.0,10365,77.03232338251601,39.16953741274699,14.008896550839996,25.160640861906995,972.1500000000001,972.832216644983,4.695289928105871,1.1700820552281122,3.525207872877759,0,0
2454,5357065,5840128695,1100.0,1110.0,1080.0,1080.0,-10.0,5522,73.6813335914247,41.69245169665612,13.225448667799299,28.467003028856823,979.25,980.7705709675769,5.078312290234922,1.2424835338857303,3.8358287563491915,0,0
2454,6209563,6604229951,1070.0,1090.0,1050.0,1055.0,-25.0,7474,65.95660717332288,41.19966429291935,10.18612901125002,31.01353528166933,984.7,986.2690471922008,5.283021362098134,1.157754084599154,4.12526727749898,1,0
2454,4303829,4467249200,1045.0,1060.0,1025.0,1040.0,-15.0,6877,61.77201325806017,39.147484255314566,6.50715917891619,32.640325076398376,989.6,990.2491177705563,5.206115098456751,0.8646782567662159,4.341436841690535,1,0
2454,3042360,3150355090,1045.0,1055.0,1020.0,1035.0,-5.0,4431,60.3964831797257,36.694665316959686,3.2434721924490475,33.45119312451064,994.5500000000001,993.5639979357003,5.137559495789509,0.6368981232791793,4.50066137251033,1,0
2454,4570424,4593923765,1020.0,1025.0,996.0,1005.0,-30.0,8783,52.79945543442706,31.961605860220402,-1.1916698114321918,33.153275671652594,999.1500000000001,994.4111091997225,5.157520325203252,0.5254871621543371,4.632033163048915,1,0
2454,3878731,3933345002,998.0,1030.0,991.0,1030.0,25.0,5937,57.58721457703476,29.883435563798344,-2.615872086283403,32.49930765008175,1004.55,997.0473233330764,5.372807017543852,0.5926190835959497,4.780187933947902,1,0
2454,8407302,8600026375,1050.0,1060.0,1010.0,1010.0,-20.0,6129,52.95913479786512,26.319245894934284,-4.944049404117973,31.263295299052256,1008.6500000000001,998.0067808639596,5.305383022774313,0.42015607106112896,4.885226951713184,1,0
2454,6547926,6884259525,1020.0,1070.0,1010.0,1065.0,55.0,7857,62.00278754731701,27.61431956297622,-2.9191805888608293,30.53350015183705,1015.3000000000001,1002.9692415407034,5.156046730296098,0.2166558228663309,4.939390907429767,1,0
2454,7194120,7706808715,1045.0,1085.0,1040.0,1080.0,15.0,7241,64.03363975875735,29.510866515852513,-0.8181069087876303,30.328973424640143,1022.9,1008.6752236487994,4.973030454446433,0.02691163761333204,4.946118816833101,1,0
2454,4782312,5131333230,1080.0,1090.0,1055.0,1060.0,-20.0,5456,59.469642930153704,29.065017359093417,-1.011164852437382,30.0761822115308,1028.9,1012.4770589340735,4.723741759432806,-0.17790164592023672,4.901643405353043,1,0
2454,4650774,4964134180,1060.0,1085.0,1040.0,1085.0,25.0,4749,63.01796212791531,30.37878206694222,0.24207988432913652,30.136702182613085,1034.15,1017.8491286426606,4.039194821317711,-0.6899588672282659,4.729153688545977,1,0
2454,6286966,6686549430,1060.0,1080.0,1050.0,1065.0,-20.0,5528,58.59817822577921,29.466446358653343,-0.5362046591677974,30.00265101782114,1038.5,1021.3417857802414,3.2720995867352,-1.165643281448622,4.437742868183822,1,0
2454,7553331,8258621655,1085.0,1110.0,1080.0,1095.0,30.0,8057,62.81147086837232,30.80901585946799,0.6450918733174795,30.16392398615051,1045.35,1026.7979497965198,2.7463721844520337,-1.3530965469854306,4.099468731437464,1,0
2454,3406357,3694621690,1095.0,1100.0,1075.0,1085.0,-10.0,3118,60.597753727108035,30.712065857434254,0.4385134970269924,30.273552360407262,1051.9,1031.1092127745553,2.4020266905686647,-1.35795363269504,3.759980323263705,1,0
2454,3190902,3427647240,1075.0,1085.0,1065.0,1075.0,-10.0,3086,58.38187549971568,29.48839202840577,-0.6281282656011946,30.116520294006964,1056.5,1034.3603821986624,2.1245774987928536,-1.308322259576681,3.4328997583695346,1,0
2454,3450664,3727203182,1070.0,1095.0,1070.0,1075.0,0.0,3128,58.38187549971568,28.193623164883093,-1.5383177032991,29.731940868182193,1059.0,1037.3707242580208,1.9353487569911543,-1.1980408011027046,3.133389558093859,1,0
2454,4197956,4460718232,1070.0,1075.0,1050.0,1070.0,-5.0,4462,57.16962033352226,26.45904786537244,-2.6183144022478047,29.077362267620245,1060.75,1039.7877076463155,2.1161779873287134,-0.8137692566121166,2.92994724394083,1,0
2454,3025297,3198202205,1065.0,1075.0,1045.0,1060.0,-10.0,3773,54.722277322181995,24.00080171486843,-4.061248442201453,28.062050157069883,1062.25,1041.2849144873292,2.0473742196107168,-0.7060584194640906,2.7534326390748074,0,1
2454,3900955,4225763480,1085.0,1090.0,1075.0,1090.0,30.0,4787,60.22353131940361,24.194474369432328,-3.0940606301100466,27.288534999542374,1062.5,1044.8934393401196,2.188558341251835,-0.4518994382583781,2.640457779510213,1,0
2454,5577386,6023588920,1075.0,1095.0,1070.0,1075.0,-15.0,3918,56.5254549450871,22.873910501988803,-3.5316995980428594,26.405610100031662,1061.75,1047.123554944555,1.8174871738893235,-0.6583764844967115,2.475863658386035,1,0
2454,3333615,3542886278,1070.0,1075.0,1055.0,1055.0,-20.0,4037,51.945308072620406,19.983167751119936,-5.137953879129384,25.12112163024932,1060.5,1047.7069953190326,1.3548660255246872,-0.8967981062890784,2.2516641318137656,0,1
2454,4476757,4870044535,1110.0,1110.0,1070.0,1090.0,35.0,4346,58.311431480999886,20.2826351941585,-3.8707891488726567,24.15342434303116,1062.25,1050.8398104805858,1.35167752836107,-0.7199892827621568,2.071666811123227,1,0
2454,1375244,1495307005,1095.0,1095.0,1080.0,1085.0,-5.0,2013,57.146723018998664,19.88725914304473,-3.4129321599891433,23.300191303033873,1064.5,1053.3701948894313,1.1685339115768991,-0.7225063196370622,1.8910402312139614,1,0
2454,2771095,3032923170,1090.0,1105.0,1085.0,1095.0,10.0,3893,58.91426316573949,20.148576947522088,-2.521291484409428,22.669868431931516,1067.5,1056.4538841568808,1.1657953248001731,-0.5801959251310307,1.7459912499312038,1,0
2454,5416247,6039143525,1100.0,1130.0,1095.0,1120.0,25.0,9223,63.02072961656707,22.118001700915784,-0.4414933848125848,22.55949508572837,1073.25,1061.1610038489637,1.2333453366942728,-0.4101167305895448,1.6434620672838176,1,0
2454,8596153,9931937555,1125.0,1185.0,1120.0,1145.0,25.0,11891,66.61427171411343,25.40324329743885,2.274998569368382,23.128244728070467,1079.0,1067.3712998601516,1.500449236298278,-0.11441026478843175,1.6148595010867097,1,0
2454,5042669,5892194005,1160.0,1180.0,1155.0,1175.0,30.0,6293,70.33916397860979,30.080817274230867,5.56205803692832,24.518759237302547,1087.25,1075.3437961668071,1.9311127029608153,0.25300256149928435,1.678110141461531,0,0
2454,5160937,6126791835,1180.0,1200.0,1170.0,1185.0,10.0,6737,71.48137127363458,34.200502671726326,7.745394747539024,26.455107924187303,1093.25,1083.4664779322288,2.3083778966131723,0.5042142041213129,1.8041636924918594,0,0
2454,3858894,4583650640,1200.0,1200.0,1175.0,1190.0,5.0,4943,72.06070873843262,37.43728749686716,8.785743658143883,28.651543838723274,1098.75,1091.3578499372488,2.686170212765944,0.7056052162192676,1.9805649965466765,0,0
2454,7574367,8840518430,1205.0,1215.0,1145.0,1150.0,-40.0,11087,61.32742993561047,36.355711077853584,6.163333791304247,30.192377286549338,1103.25,1095.70171290486,2.957796221084241,0.7817849796300513,2.1760112414541894,1,0
2454,6761854,7830403615,1165.0,1175.0,1145.0,1165.0,15.0,7181,63.52167304884466,36.290593244405954,4.878572766285291,31.412020478120663,1107.25,1100.8349193563517,2.9499561018437293,0.6191558883116319,2.3308002135320973,1,0
2454,7170388,8393883150,1170.0,1190.0,1150.0,1175.0,10.0,6683,64.94948033738685,36.623727782366586,4.16936584339674,32.454361938969846,1112.75,1106.3286290336591,3.1854181225250175,0.6836943271943361,2.5017237953306815,1,0
2454,8411284,9514641165,1150.0,1155.0,1110.0,1135.0,-40.0,15403,55.57847871824031,33.276483015442864,0.6576968611784153,32.61878615426445,1114.75,1108.4524342904251,3.3397112541311302,0.670389967040359,2.669321287090771,1,0
2454,8690396,9587680095,1130.0,1145.0,1090.0,1100.0,-35.0,11455,48.92654898798222,27.482755827506026,-4.108824261406742,31.591580088912767,1115.5,1107.82632804669,3.2893212879314073,0.4960000006725087,2.7933212872588986,0,1
2454,7452615,8071954585,1080.0,1095.0,1070.0,1095.0,-5.0,8492,48.04194634063562,22.231456682227872,-7.488098725347918,29.71955540757579,1116.5,1106.876229672861,3.3107599699021684,0.4139509461146158,2.8968090237875526,0,1
2454,4807940,5188806882,1090.0,1095.0,1065.0,1080.0,-15.0,7070,45.390547800257686,16.667259839833605,-10.441836454193748,27.109096294027353,1116.75,1104.8853978452416,3.1262652553646526,0.18356498526167986,2.9427002701029727,0,1
2454,3084290,3337695090,1095.0,1095.0,1070.0,1085.0,5.0,4646,46.451426557323025,12.516766475110671,-11.673863855133348,24.19063033024402,1117.5,1103.4124054122608,2.8630921395106554,-0.06368650447385393,2.9267786439845094,0,1
2454,5091825,5575476675,1090.0,1110.0,1085.0,1100.0,15.0,4939,49.6138159182601,10.318895417562999,-11.09738793014482,21.416283347707818,1119.5,1103.1596346409822,2.400346620450594,-0.42114561882713275,2.8214922392777266,0,1
2454,5753681,6152838075,1090.0,1090.0,1055.0,1065.0,-35.0,9562,43.20262077151616,5.687299626976483,-12.583186976585068,18.27048660356155,1118.25,1100.3329950379464,1.6799676150821024,-0.9132196993564994,2.5931873144386017,0,1
2454,5568468,6138222990,1075.0,1120.0,1070.0,1115.0,50.0,6695,52.62159203608245,5.98234794344603,-9.830510928092417,15.812858871538447,1120.25,1101.4194398499503,1.0485268630849092,-1.2357283610829541,2.2842552241678633,0,1
2454,4961195,5567673225,1110.0,1145.0,1105.0,1105.0,-10.0,7153,50.806861196744094,5.347615451295951,-8.372194736193997,13.719810187489948,1122.75,1101.6846665277317,0.3058633425669142,-1.5827135052807595,1.8885768478476737,0,1
2454,4814508,5303526290,1095.0,1120.0,1090.0,1100.0,-5.0,5568,49.880597650416235,4.390516029226319,-7.463435326610904,11.853951355837223,1123.25,1101.5598764145664,-0.1556824078879338,-1.635407404588486,1.4797249967005524,0,1
2454,5412066,5889630068,1105.0,1110.0,1070.0,1090.0,-10.0,5733,47.995944526062225,2.792896641231664,-7.248843771684449,10.041740412916113,1123.5,1100.7035892727467,-0.7865168539326045,-1.8129934805065258,1.0264766265739211,0,1
2454,6033179,6440155680,1060.0,1080.0,1055.0,1070.0,-20.0,9424,44.384001328722974,-0.08606893786645742,-8.102247480626056,8.016178542759599,1122.25,1098.4292493266173,-1.6070502851218527,-2.106821529356619,0.49977124423476643,0,1
2454,5104728,5488571390,1060.0,1090.0,1050.0,1090.0,20.0,5903,48.55343825152826,-0.7452463125118811,-7.009139884217184,6.263893571705303,1120.75,1097.8048604876087,-1.9440124416796545,-1.9550269487315368,0.011014507051882273,0,1
2454,4536083,4890268620,1080.0,1090.0,1070.0,1085.0,-5.0,5935,47.59283525325769,-1.6520633859518057,-6.332765566125687,4.680702180173881,1117.75,1096.8563523033415,-2.090171013992069,-1.680948416835161,-0.40922259715690806,0,1
2454,5220488,5645971650,1070.0,1095.0,1070.0,1075.0,-10.0,5741,45.64766682494044,-3.1414264675820505,-6.257702918204746,3.116276450622695,1112.75,1095.2373632438348,-2.3073824730997354,-1.5185279007542618,-0.7888545723454736,0,1
2454,18948207,20946255115,1130.0,1130.0,1075.0,1100.0,25.0,13780,51.035583935753436,-2.2782046487157004,-4.315584879470716,2.037380230755016,1108.5,1095.5901511516988,-2.1915444348576343,-1.1221518900097285,-1.0693925448479058,0,1
2454,9138912,10074534000,1125.0,1125.0,1090.0,1095.0,-5.0,7486,49.968704165773566,-1.9747892105872324,-3.209735553073799,1.2349463424865665,1103.75,1095.546436251573,-2.150537634408595,-0.8649160716485513,-1.2856215627600436,0,1
2454,8215520,9159485405,1125.0,1135.0,1095.0,1130.0,35.0,7689,56.77973085897646,1.0774569498903475,-0.1259915140769754,1.2034484639673229,1102.75,1098.0985520847898,-2.0445669653112892,-0.6071563220409963,-1.4374106432702929,1,0
2454,8726429,10012608825,1140.0,1165.0,1125.0,1160.0,30.0,10064,61.604623509091574,5.849701583314527,3.717002495477763,2.1326990878367638,1102.5,1102.6838445229534,-1.4710942876806745,-0.026946915528305304,-1.4441473721523692,1,0
2454,5058227,5841841255,1150.0,1170.0,1145.0,1150.0,-10.0,5743,59.23099554933634,8.724255622797045,5.273245227968225,3.4510103948288204,1101.25,1106.1887449286605,-1.2271345834050331,0.17361023099786888,-1.400744814402902,1,0
2454,5789679,6414222629,1120.0,1125.0,1100.0,1105.0,-45.0,9208,49.91141401441054,7.287233794781287,3.068978719961973,4.2182550748193135,1099.75,1106.1006897487598,-0.9886762085417301,0.32965488468893767,-1.3183310932306678,1,0
2454,3322875,3682369260,1110.0,1120.0,1090.0,1100.0,-5.0,4898,48.989078723499084,5.679456193973465,1.1689608953233206,4.510495298650144,1099.75,1105.6487868044073,-0.697567162458236,0.49661114461794553,-1.1941783070761816,1,0
2454,2940602,3306235045,1130.0,1130.0,1115.0,1130.0,30.0,3607,54.430352246814486,6.748240624178834,1.7901962604229515,4.958044363755882,1101.5,1107.4525803744511,-0.19064124783363476,0.8028296473940375,-0.9934708952276723,1,0
2454,3047582,3438647590,1130.0,1135.0,1120.0,1130.0,0.0,3424,54.43035224681447,7.508704315944442,2.040527961750848,5.468176354193594,1104.0,1109.1227596059732,0.3295178633368051,1.0583910068515818,-0.7288731435147768,1,0
2454,2777044,3097804640,1115.0,1125.0,1105.0,1120.0,-10.0,3225,52.27470786269268,7.221219124980735,1.402434216629712,5.818784908351023,1105.75,1109.928481116642,0.7121764808059626,1.1528396994565915,-0.44066321865062896,1,0
2454,3249940,3659618467,1115.0,1135.0,1110.0,1130.0,10.0,3476,54.2269363112634,7.711409142032153,1.5140993869449035,6.197309755087249,1107.25,1111.415260293187,1.209116214335434,1.3198235463888504,-0.1107073320534164,1,0
2454,4981430,5496450079,1115.0,1120.0,1090.0,1110.0,-20.0,8351,49.83616018840915,6.412140247790148,0.17186439416231902,6.240275853627829,1109.5,1111.3104261973954,1.561321028498429,1.3376226884414761,0.2236983400569527,1,0
2454,3590396,3986660825,1110.0,1120.0,1100.0,1120.0,10.0,4159,51.93190233729093,6.118842507312365,-0.0971466770523719,6.215989184364737,1109.75,1111.9540983309216,1.6414361115944338,1.134190217229985,0.507245894364449,1,0
2454,8155250,8782736155,1095.0,1105.0,1055.0,1060.0,-60.0,16505,40.89287809390361,1.0329956450311784,-4.146394831466847,5.179390476498026,1107.5,1108.1056466027053,1.50116144018582,0.7951324366570968,0.7060290035287232,0,1
2454,7392515,7974077740,1075.0,1095.0,1060.0,1085.0,25.0,6817,46.039755305832784,-0.969112245873248,-4.918802177897019,3.9496899320237713,1106.75,1106.394117224727,1.1438193113859334,0.3502322462857681,0.7935870651001653,0,1
2454,5544370,6135286415,1105.0,1120.0,1095.0,1100.0,15.0,5294,48.914113342609895,-1.3300900835233733,-4.223824012437715,2.8937339289143424,1107.25,1105.9204789117844,0.6383472609099292,-0.12419184335218891,0.7625391042621181,0,1
2454,3703428,4011654075,1105.0,1105.0,1070.0,1080.0,-20.0,6111,45.438627094727245,-3.193191351385849,-4.869540224240153,1.6763488728543043,1107.75,1104.0004434368375,0.1800232288037129,-0.46601270036672426,0.6460359291704372,0,1
2454,3873104,4176002715,1085.0,1100.0,1065.0,1080.0,0.0,5898,45.438627094727245,-4.616496431889118,-5.0342762437947375,0.4177798119056199,1107.25,1102.2226328118866,-0.060943757617988696,-0.5655837494307406,0.504639991812752,0,1
2454,6621209,6882300910,1060.0,1060.0,1025.0,1025.0,-55.0,18674,37.04400132015932,-10.066476236478366,-8.38740483870719,-1.679071397771177,1104.25,1096.502437788784,-0.3144104803493545,-0.6552403777296851,0.3408298973803307,0,1
2454,11348964,11098687132,985.0,995.0,970.0,972.0,-53.0,30951,31.08440824221673,-18.44960598381772,-13.416427668837233,-5.033178314980486,1099.1,1087.2800349896147,-1.050587299358888,-1.113133757391375,0.06254645803248694,0,1
2454,7471419,7211402691,945.0,986.0,943.0,963.0,-9.0,15846,30.196026077492167,-25.52528192849877,-16.393682890814627,-9.131599037684143,1092.25,1078.0741064718654,-1.8485863751249199,-1.5289062665259254,-0.31968010859899443,0,1
2454,6282516,6076784325,971.0,976.0,956.0,966.0,3.0,11151,30.90489823108477,-30.53870003981865,-17.125680801707603,-13.413019238111046,1085.8,1069.7723208072828,-2.5993883792049064,-1.8237666164847295,-0.7756217627201769,0,1
2454,5992358,5969643645,990.0,1005.0,982.0,995.0,29.0,9214,37.51110331876424,-31.80518203541328,-14.713730237841787,-17.091451797571494,1079.05,1064.2336303771137,-3.378794336316737,-2.0825380588772484,-1.296256277439489,0,1
2454,6396559,6227011456,1000.0,1000.0,961.0,963.0,-32.0,20824,33.68404014407474,-34.987694344948636,-14.316994037901711,-20.670700307046925,1069.2,1056.734842941772,-4.077324675633568,-2.224854718555263,-1.8524699570783048,0,1
2454,8927797,8461181196,973.0,975.0,934.0,944.0,-19.0,21155,31.62116935924012,-38.59806502227741,-14.341891772184386,-24.256173250093024,1058.9,1048.3841138349742,-4.9597198317078,-2.485799899703596,-2.473919932004204,0,1
2454,10994846,10002479174,933.0,935.0,901.0,904.0,-40.0,32824,27.765931558744576,-44.17772221936082,-15.93723917541423,-28.240483043946586,1048.85,1037.6889942916428,-5.592837127635291,-2.4951337565048695,-3.0977033711304216,0,1
2454,7790859,7077881282,930.0,931.0,900.0,907.0,3.0,13640,28.470309164565737,-47.80648244819406,-15.65279952339798,-32.15368292479608,1039.2,1028.0083280478173,-6.332049605193063,-2.587476987250113,-3.7445726179429504,0,1
2454,9926344,9548022910,951.0,978.0,949.0,968.0,61.0,15593,41.05646024310513,-45.23862812664538,-10.467956161479435,-34.770671965165945,1031.1,1023.5632667109419,-6.941757613364006,-2.557747996336844,-4.384009617027162,0,1
2454,7194385,6938262300,971.0,974.0,955.0,969.0,1.0,8572,41.238997130283906,-42.63146444877509,-6.288633986887312,-36.34283046188778,1023.05,1019.5215432508721,-7.274685465315511,-2.31254067863068,-4.962144786684831,0,1
2454,4146781,4067311946,985.0,985.0,977.0,978.0,9.0,6731,42.95132598233462,-39.385037470970474,-2.433765607266153,-36.95127186370432,1015.95,1016.4458733804372,-7.467780488405922,-2.0045085613768725,-5.46327192702905,0,1
2454,3993632,3884612543,971.0,980.0,967.0,975.0,-3.0,6676,42.50667572731537,-36.6320244545027,0.25539792736130096,-36.887422381864,1008.2,1013.37580868559,-7.268375559606643,-1.4440829060620741,-5.8242926535445685,0,1
2454,4955261,4878211645,988.0,995.0,976.0,977.0,2.0,7078,42.93084270417589,-33.89810229681996,2.3914560680352324,-36.28955836485519,1001.55,1010.6813043385092,-6.784170062178376,-0.7679019269070455,-6.01626813527133,0,1
2454,4765504,4629338454,978.0,978.0,967.0,972.0,-5.0,6567,42.0947167262725,-31.768697731150382,3.616688506963847,-35.38538623811423,994.1500000000001,1007.8160225356567,-6.262755261741118,-0.19718970117583012,-6.065565560565288,0,1
2454,5031201,4883542317,975.0,976.0,965.0,971.0,-1.0,6097,41.91887312006114,-29.818096459116987,4.453831823197795,-34.27192828231478,989.7,1005.0889097552376,-5.658630592503042,0.32554797444979755,-5.984178566952839,0,1
2454,2814908,2685291726,950.0,964.0,946.0,964.0,-7.0,10517,40.639120537347786,-28.508444790610724,4.610786793363246,-33.11923158397397,983.6500000000001,1002.0452868104052,-5.318528658706634,0.5325199265969642,-5.851048585303598,0,1
2454,14174826,13095920655,931.0,951.0,903.0,912.0,-52.0,54087,32.661955381082265,-31.30563000997938,1.4508812591956755,-32.75651126917506,974.25,995.37526556519,-4.987223712789066,0.691059898011626,-5.678283610800692,0,1
2454,11786348,10751298361,912.0,923.0,903.0,915.0,3.0,26957,33.473295382506535,-32.901081335581694,-0.11565605312530636,-32.78542528245639,966.0,989.4215421899908,-4.440579710144931,0.9901631205246098,-5.430742830669541,0,1
2454,8830610,8016666212,900.0,919.0,900.0,905.0,-10.0,19821,32.085533112974744,-34.57385851278491,-1.4307465842628133,-33.143111928522096,957.25,983.1680946203618,-3.6690040254512546,1.4093910441746287,-5.078395069625883,0,1
2454,11812480,10627369757,900.0,904.0,893.0,900.0,-5.0,25507,31.384897816243917,-35.889295235519285,-2.196946645597748,-33.69234858992154,951.0,977.0074950188535,-2.8958742632612933,1.746016645091672,-4.641890908352965,0,1
2454,14330964,12466721425,858.0,883.0,855.0,882.0,-18.0,33829,28.935283670028856,-37.94681067087504,-3.4035696647627987,-34.54324100611224,946.5,969.9699027952348,-2.9492455418381307,1.354116293211868,-4.303361835049999,0,1
2454,19182221,16510631995,858.0,872.0,850.0,850.0,-32.0,47806,25.173583615449576,-41.679088454462885,-5.708677958680518,-35.97041049578237,940.8500000000001,961.0832433289212,-3.0681258404228555,0.9881887957017148,-4.05631463612457,0,1
2454,14333839,12088289411,851.0,859.0,834.0,840.0,-10.0,41837,24.118373046756346,-44.92598314582699,-7.164458120035697,-37.76152502579129,934.5500000000002,952.1141141934455,-3.2577255788298434,0.6388712458357819,-3.8965968246656253,0,1
2454,6422208,5377624527,839.0,847.0,832.0,836.0,-4.0,17372,23.69059864001575,-47.276957811188254,-7.61234622831757,-39.664611582870684,926.6000000000001,943.5130686976347,-3.5231456949143545,0.29876090380101683,-3.8219065987153713,0,1
2454,8125095,6823947154,840.0,848.0,830.0,842.0,6.0,14765,25.816057208536897,-48.101488300446476,-6.749501374060628,-41.35198692638585,920.5500000000001,935.9935821274396,-3.7819853193387023,0.03193702350133565,-3.813922342840038,0,1
2454,10355160,9006590467,849.0,882.0,847.0,880.0,38.0,16334,37.65913199196401,-45.167983831341644,-3.052797523964635,-42.11518630737701,917.3500000000001,931.8459093772589,-4.029675638371303,-0.17260263642501172,-3.857073001946291,0,1
2454,6810310,5891990227,874.0,874.0,861.0,861.0,-19.0,14411,34.67811324007771,-43.8705887762726,-1.404321975116467,-42.46626680115613,915.2,926.5980642382026,-4.57797745330506,-0.5767235610870154,-4.0012538922180445,0,1
2454,7666989,6447149105,851.0,852.0,831.0,832.0,-29.0,28913,30.685504521776735,-44.66755175277103,-1.7610279612919228,-42.90652379147911,911.45,919.590800220558,-5.251380291115957,-1.0001011191183302,-4.251279171997627,0,1
2454,4094460,3422814997,827.0,844.0,827.0,833.0,1.0,8310,30.9805976999708,-44.70314893660577,-1.4373001161013264,-43.265848820504445,904.7000000000002,913.1766668708871,-5.441289870311967,-0.952008558651471,-4.489281311660496,0,1
2454,6379783,5422143761,855.0,862.0,838.0,838.0,5.0,11511,32.527338816966704,-43.82274047452074,-0.44551332321303505,-43.37722715130771,898.1500000000001,907.608024880451,-5.519095605047007,-0.8238514347092094,-4.695244170337798,0,1
2454,5567216,4734430752,847.0,856.0,841.0,856.0,18.0,7792,37.92093911351771,-41.19765987916037,1.7436538177178704,-42.94131369687824,892.0500000000001,903.7852082226399,-5.540668906752878,-0.6763397891320642,-4.864329117620814,0,1
2454,5096585,4409481336,854.0,872.0,850.0,868.0,12.0,7831,41.29034897649351,-37.71421884428639,4.181675882073478,-41.89589472635987,886.7,901.1344520579999,-5.530189886921268,-0.532688615440363,-4.997501271480905,0,1
2454,6109863,5198351912,848.0,857.0,846.0,854.0,-14.0,12225,38.65438798594879,-35.67204459936477,4.979080101596082,-40.65112470096085,880.55,897.6430111648147,-5.587627396479227,-0.4721008999986571,-5.11552649648057,0,1
2454,6665153,5558320674,833.0,838.0,831.0,837.0,-17.0,12812,35.67605773554337,-35.021656862182795,4.503574271022444,-39.52523113320524,873.8,893.1509362637173,-5.424976767460161,-0.2475602167836728,-5.177416550676488,0,1
2454,7337645,6094172080,833.0,837.0,825.0,833.0,-4.0,16120,34.9928556403564,-34.432074938610754,4.074524955675592,-38.506599894286346,866.9,888.6953113552938,-4.9396031061259835,0.19025075564040428,-5.129853861766388,0,1
2454,8869795,7165112326,806.0,816.0,797.0,808.0,-25.0,22977,30.997432707534635,-35.572065455030156,2.3476275514049547,-37.91969300643511,859.1,882.7178808845313,-4.5382799716176745,0.47325911211897065,-5.011539083736645,0,1
2454,13045549,10877852085,835.0,853.0,821.0,828.0,20.0,17016,37.177241595426416,-34.46439915929011,2.764235077716002,-37.22863423700611,854.9000000000001,878.6647045227141,-4.044776772049514,0.7734098493497052,-4.818186621399219,0,1
2454,6766620,5666868147,850.0,850.0,830.0,830.0,2.0,11125,37.77736816558051,-33.044268595285416,3.347492513376558,-36.391761108661974,850.6500000000001,875.0599115951057,-3.90922959572846,0.7271656205366073,-4.6363952162650675,0,1
2454,8551333,6986257572,830.0,833.0,808.0,820.0,-10.0,15008,35.92925421949719,-32.352778625249925,3.231185986729642,-35.58396461197957,846.4000000000001,870.9813996250979,-3.634362860223647,0.8016258848331366,-4.435988745056783,0,1
2454,3612614,2996209538,829.0,835.0,825.0,829.0,9.0,5483,38.82970062146414,-30.72437162735605,3.887674387698816,-34.612046015054865,842.8500000000001,867.871666319535,-3.048816743964816,1.1097376008735744,-4.15855434483839,0,1
2454,7049410,5942495082,843.0,848.0,837.0,841.0,12.0,7303,42.563221291961156,-28.141153932398083,5.17671366612543,-33.31786759852351,840.8000000000001,865.881172518088,-2.405729493735256,1.4022598808825077,-3.8079893746177635,1,0
2454,5758127,4732740532,809.0,834.0,808.0,834.0,-7.0,9838,40.99150799678996,-26.354973072446455,5.570315620861649,-31.925288693308104,840.0,863.5196041834148,-1.8724057029417194,1.5484669373408357,-3.420872640282555,0,1
2454,3222122,2636025658,821.0,827.0,813.0,813.0,-21.0,10985,36.62241080435201,-26.33041572550485,4.4758983742426075,-30.806314099747457,838.6500000000001,859.7774112809396,-1.854369665382577,1.2532023799199827,-3.1075720453025597,0,1
2454,6325340,5136326100,801.0,824.0,801.0,820.0,7.0,11252,38.95796651901918,-25.452709362795645,4.282883789561453,-29.735593152357097,837.8500000000001,856.8309363712405,-1.9033530571992154,0.9633751904826757,-2.866728247681891,0,1
2454,3922273,3231229998,814.0,831.0,813.0,829.0,9.0,5409,41.92143002877395,-23.75703959870384,4.782842842922605,-28.539882441626446,837.2,854.7693855289264,-1.8102372034956415,0.8451928353489997,-2.6554300388446412,0,1
2454,4176731,3450498187,828.0,835.0,820.0,820.0,-9.0,7573,39.8385748768052,-22.875736625712193,4.531316652731405,-27.4070532784436,834.2,852.1938754897467,-1.6189908621374698,0.8291513413657372,-2.448142203503207,0,1
2454,4717939,3957879772,831.0,845.0,828.0,843.0,23.0,8098,47.07543659053397,-20.089807098431493,5.853796944009687,-25.94360404244118,833.3,851.5128476756914,-1.3432835820895523,0.8838868971309239,-2.2271704792204763,1,0
2454,5271200,4426095858,849.0,858.0,825.0,825.0,-18.0,9742,42.74214581299349,-19.114052544596916,5.463641198275411,-24.577693742872327,832.95,849.5489330330477,-1.060536398467452,0.9333072646024194,-1.9938436630698715,0,1
2454,4072755,3424398030,838.0,847.0,830.0,841.0,16.0,5569,47.37891458640865,-16.855395244075794,6.177838799037229,-23.033234043113023,833.3500000000001,848.9156787343034,-0.9355891683141025,0.8466035958046153,-1.7821927641187179,1,0
2454,5519119,4697334265,854.0,855.0,845.0,855.0,14.0,7388,51.10966439711388,-13.77689855285189,7.405068392208907,-21.181966945060797,834.2,849.3663691984291,-0.7732353391517552,0.8071659399735702,-1.5804012791253255,1,0
2454,5322227,4473161556,839.0,847.0,835.0,845.0,-10.0,6957,48.46643966650948,-12.005690050578437,7.34102151558589,-19.346711566164327,833.6500000000001,849.0429344429899,-0.538128262833175,0.8338184130337204,-1.3719466758668954,1,0
2454,3553014,2997531781,841.0,850.0,836.0,846.0,1.0,6740,48.75186584399381,-10.401402021155377,7.156247636007162,-17.55764965716254,832.55,848.8175318916574,-0.21313461214101836,0.9270496509807017,-1.14018426312172,1,0
2454,3264401,2775119698,854.0,857.0,843.0,843.0,-3.0,5669,47.89483147002358,-9.265262943730932,6.633909370745286,-15.899172314476218,832.0,848.3866036033864,-0.11049215045347612,0.8237536901345952,-0.9342458405880714,1,0
2454,2984755,2499343055,848.0,848.0,830.0,830.0,-13.0,6755,44.263549160273236,-9.306575484851578,5.274077463699712,-14.58065294855129,831.6500000000001,847.0246329660986,-0.14119741547340897,0.63443874009173,-0.7756361555651389,0,1
2454,3361816,2821221160,833.0,848.0,826.0,843.0,13.0,4640,48.47089889748935,-8.195847983053113,5.107843972398541,-13.303691955451654,832.1500000000001,846.7265120056468,0.11198551858496952,0.7100973393200868,-0.5981118207351173,1,0
2454,3510535,2940492421,849.0,849.0,832.0,833.0,-10.0,7479,45.61824422794414,-8.029940704059527,4.219001001113703,-12.24894170517323,833.4000000000001,845.7097333385618,0.2646842202172565,0.6902368327618991,-0.42555261254464255,0,1
2454,3370246,2857928299,842.0,852.0,838.0,851.0,18.0,5581,51.187030429730456,-6.372549636995473,4.7011136545422065,-11.07366329153768,834.5500000000001,846.1016049431128,0.507236367542993,0.7462311840701084,-0.23899481652711546,1,0
2454,5414530,4717690406,865.0,878.0,864.0,878.0,27.0,11313,58.11549019120804,-2.847556070070709,6.580885777173576,-9.428441847244285,836.95,848.4644490214007,1.0393176553607206,1.0226499775102689,0.016667677850451763,1,0
2454,10757306,9606861348,876.0,905.0,867.0,905.0,27.0,13412,63.668955210335355,2.100487961794215,9.223143847230801,-7.122655885436585,841.2,852.6522676124081,1.419498010407087,1.1222642660453082,0.2972337443617788,1,0
2454,5422330,4907376308,903.0,912.0,896.0,905.0,0.0,9874,63.66895521033535,5.953223451582517,10.460703469615282,-4.507480018032766,845.0,856.5298774188964,1.8971988282680117,1.2799720671249863,0.6172267611430254,1,0
2454,3955773,3562860728,899.0,906.0,897.0,898.0,-7.0,6072,61.22797562783519,8.345500847267544,10.282384692240248,-1.9368838449727037,847.8500000000001,859.60173835083,2.1585360288413185,1.2330474141586345,0.9254886146826841,1,0
2454,5946507,5367688643,896.0,912.0,890.0,905.0,7.0,8267,62.765311740412336,10.68309138978691,10.09598018780769,0.5871112019792188,851.4000000000001,862.9645725470649,2.200514917461727,1.0200210422232343,1.1804938752384928,1,0
2454,5947743,5324460195,900.0,901.0,890.0,890.0,-15.0,10678,57.50364176886011,11.196211143729101,8.487279953399906,2.7089311903291957,855.2500000000001,864.9671968028379,2.355170955660234,0.9397416643373928,1.415429291322841,1,0
2454,10728702,9919121129,903.0,933.0,900.0,930.0,40.0,16796,65.74932221154491,14.661519086062867,9.562070316586937,5.099448769475931,860.7500000000001,869.7844414841092,2.714384508990279,1.0391641741339506,1.6752203348563286,1,0
2454,5984203,5552191495,927.0,935.0,920.0,924.0,-6.0,10133,63.75112396283003,16.73078862394766,9.305071883577384,7.425716740370277,865.5,873.8004087815825,3.0226851020530066,1.0779718137573422,1.9447132882956644,1,0
2454,5318503,4931943552,915.0,934.0,914.0,930.0,6.0,7921,64.899912712218,18.63997941717423,8.971410141443164,9.668569275731068,871.0,877.9633414644283,3.525941815256733,1.2649828215688546,2.2609589936878782,1,0
2454,9022930,8081190065,902.0,907.0,885.0,887.0,-43.0,20231,52.14540827171635,16.493163321643237,5.459675236729735,11.033488084913502,873.2,878.6327235781743,3.7387206588472988,1.1822093321275364,2.5565113267197623,1,0
2454,6584136,5750598076,870.0,882.0,866.0,880.0,-7.0,13736,50.408652183547204,14.064824063644323,2.4250687829846562,11.639755280659667,875.95,878.7340033131243,3.979557019300652,1.1384365540647114,2.8411204652359405,1,0
2454,5067404,4474935208,880.0,893.0,878.0,884.0,4.0,6841,51.40466285611175,12.321084484714788,0.5450633632440969,11.776021121470691,878.1,879.1240771417818,3.9692398698609814,0.9024955237000327,3.0667443461609487,1,0
2454,5021856,4468917292,906.0,908.0,869.0,873.0,-11.0,8871,48.51873840943374,9.937002655243305,-1.4712147729819094,11.408217428225214,879.0,878.6704417979461,3.677392702754537,0.48851868527487063,3.1888740174796664,0,1
2454,13752224,11548911969,847.0,856.0,831.0,831.0,-42.0,27262,39.418992757154854,4.6054627300990205,-5.4422037585009555,10.047666488599976,878.3,875.1392979610612,2.9586191635317536,-0.18420388315833058,3.142823046690084,0,1
2454,7147473,6012756393,838.0,852.0,832.0,840.0,9.0,8695,41.932226213439876,1.0937951223068012,-7.163097093034541,8.256892215341342,878.0,872.5363870009826,2.2448227577566344,-0.7184002311467599,2.9632229889033943,0,1
2454,7646638,6568149782,861.0,868.0,847.0,868.0,28.0,8042,49.01837435773083,0.5636419239248198,-6.154600233133218,6.718242157058038,879.25,872.2003583342431,1.844817432273247,-0.8947244453041181,2.739541877577365,0,1
2454,15085390,12425155424,848.0,852.0,805.0,807.0,-61.0,32343,38.10784292670958,-4.724240404424904,-9.153986049186354,4.42974564476145,878.1000000000001,867.3707021613362,0.9872395603100033,-1.4018418538138897,2.389081414123893,0,1
2454,32333439,22732535908,731.0,740.0,679.0,689.0,0.0,62753,26.03553389599792,-18.22643607017551,-18.12494537194957,-0.10149069822594202,870.4000000000001,854.1580575567928,-0.26776442664294176,-2.125476672613468,1.8577122459705262,0,1
2454,15415332,10509979531,682.0,696.0,669.0,670.0,-19.0,29549,24.679801668337852,-30.113040240548003,-24.009239633857646,-6.1038006066903545,862.25,840.5167199599933,-1.967691272156162,-3.0603228145013506,1.0926315423451887,0,1
2454,13100554,8977848998,685.0,695.0,678.0,678.0,8.0,14594,26.417221147698367,-38.444561567870664,-25.872608768944247,-12.571952798926416,853.5999999999999,828.4784444074013,-3.6373089791120403,-3.783952417165783,0.14664343805374289,0,1
2454,16972052,11115478619,670.0,678.0,646.0,651.0,-27.0,28249,24.37372597471348,-46.68783825944399,-27.29270836841406,-19.39512989102993,842.25,815.3318929698161,-5.537563289695758,-4.5473653821996,-0.9901979074961573,0,1
2454,14778786,9747634341,644.0,668.0,640.0,661.0,10.0,16246,26.637239370056445,-51.81646998920155,-25.937072078537295,-25.879397910664256,830.05,803.8999008979779,-6.999064747098413,-4.807093471681805,-2.1919712754166087,0,1
2454,10036830,6557748075,655.0,662.0,647.0,651.0,-10.0,15408,25.805462766991713,-56.04184846705482,-24.12996044511245,-31.91188802194237,817.35,792.5739823129425,-8.528120458831898,-5.0689193467322315,-3.4592011120996666,0,1
2454,10444271,6562692799,652.0,655.0,610.0,612.0,-39.0,29811,22.81348470555943,-61.82478774779963,-23.930319780685807,-37.894467967113826,803.0500000000001,779.198131771243,-10.300345350272675,-5.4729153905384065,-4.8274299597342685,0,1
2454,9444092,5799381785,609.0,623.0,606.0,611.0,-1.0,11938,22.740678190804925,-65.73079672561619,-22.269063006801886,-43.4617337188143,788.35,766.739010899299,-12.046204620462065,-5.775019728582237,-6.2711848918798285,0,1
2454,9082053,5555086686,624.0,630.0,597.0,615.0,4.0,15427,23.788396154249444,-67.72290294213212,-19.408935378654256,-48.31396756347787,774.6,755.4990841660176,-13.29388843641708,-5.6181628356298,-7.675725600787279,0,1
2454,7751766,4726523306,617.0,619.0,603.0,605.0,-10.0,12374,22.950462501880832,-69.30961974490526,-16.796521745141916,-52.513097999763346,758.3500000000001,744.3510038574237,-14.616504854368939,-5.552623402865327,-9.063881451503612,0,1
2454,8855162,5551468106,612.0,638.0,606.0,636.0,31.0,11438,31.0577621312045,-67.28998624571148,-11.8215105967585,-55.468475648952975,743.95,736.3250035716886,-15.95920843375471,-5.516261585800878,-10.442946847953833,0,1
2454,9192119,5976764826,650.0,657.0,642.0,651.0,15.0,16890,34.641392647640664,-63.744233660921964,-6.620606409575188,-57.123627251346775,730.0000000000001,730.0046329367487,-16.579502249672117,-4.9092443213746275,-11.67025792829749,0,1
2454,5167336,3314636508,655.0,656.0,635.0,637.0,-14.0,12095,32.92135854243555,-61.35660148012198,-3.386379383020163,-57.97022209710182,717.5,723.11540086736,-16.049320414479894,-3.5032499889459228,-12.546070425533971,0,1
2454,7529559,4639207645,628.0,629.0,608.0,614.0,-23.0,10886,30.262861457071857,-60.621486791687516,-2.1210117556685546,-58.50047503601896,704.2,715.0327785808889,-15.419547588561679,-2.2987817304221654,-13.120765858139514,0,1
2454,6699944,4287447149,650.0,652.0,631.0,634.0,20.0,11217,35.16572642309484,-57.75925748545899,0.5929740404479844,-58.35223152590697,691.7,709.0303505378602,-14.790596294566406,-1.335864349141513,-13.454731945424893,0,1
2454,5577460,3590444662,629.0,652.0,625.0,646.0,12.0,8116,37.983021558808474,-53.901280023479785,3.5607612019417516,-57.46204122542154,680.35,704.3614356832038,-13.57299622509,-0.09461142373208453,-13.478384801357915,0,1
2454,7813312,5052960465,646.0,652.0,638.0,648.0,2.0,13389,38.462973372490524,-50.10484434787236,5.885757502039347,-55.990601849911705,671.2,700.186514521485,-12.44855417178898,0.82386450365515,-13.27241867544413,0,1
2454,7954940,5280617788,652.0,673.0,650.0,661.0,13.0,9954,41.62532079771508,-45.52239651828961,8.374564265297678,-53.89696078358729,662.25,697.2838097421157,-11.053868402024602,1.7748402187356227,-12.828708620760224,0,1
2454,4731512,3132930395,658.0,667.0,655.0,662.0,1.0,11438,41.872774523964175,-41.333613785502166,10.050677598468098,-51.384291383970265,651.95,694.6701942056627,-9.360417238539668,2.774633105776445,-12.135050344316113,1,0
2454,8248076,5595574765,680.0,687.0,667.0,671.0,9.0,10657,44.1667541684056,-36.86281690043495,11.617179586828257,-48.47999648726321,645.1500000000001,692.9168464867247,-7.586360102188176,3.638952193702351,-11.225312295890527,1,0
2454,12111113,8488282401,681.0,716.0,678.0,716.0,45.0,17765,53.95206848307216,-29.35022313691593,15.303818680277828,-44.65404181719376,646.5,694.6267097099303,-5.489217774787914,4.588875616882092,-10.078093391670006,1,0
2454,8431314,5978930945,718.0,721.0,701.0,705.0,-11.0,13524,51.57267421757611,-24.00730525225663,16.51738925194971,-40.52469450420634,648.25,695.3951015832688,-3.3644595359366356,5.370907084586696,-8.735366620523331,1,0
2454,6110219,4223766558,695.0,698.0,687.0,688.0,-17.0,9838,48.04606714481285,-20.903796308409483,15.696718556637485,-36.60051486504697,648.75,694.8473162808044,-1.933207812708044,5.44172704625223,-7.374934858960274,1,0
2454,5427846,3701689388,679.0,696.0,675.0,681.0,-7.0,8674,46.63204665898922,-18.792456864558744,14.246446400390582,-33.038903264949326,650.25,693.8215891488929,-0.6611776447106071,5.371005771399734,-6.032183416110341,1,0
2454,6722762,4488695451,661.0,677.0,660.0,677.0,-4.0,10404,45.802513400919594,-17.243202806105273,12.636560367075244,-29.879763173180518,651.05,692.5755455082342,0.9479730647571254,5.584125184693973,-4.636152119936848,1,0
2454,4804152,3290719574,693.0,693.0,678.0,682.0,5.0,6467,47.07000723926676,-15.434035634312863,11.556582031094123,-26.990617665406987,652.6,691.7921717668835,2.5519978106184764,5.75051994444426,-3.1985221338257834,1,0
2454,7074682,4872385537,690.0,702.0,676.0,683.0,1.0,9012,47.33528517293685,-13.760938441207031,10.583743379359966,-24.344681820566997,656.1500000000001,691.1408997841514,3.210919472799065,5.127553285299879,-1.9166338125008138,1,0
2454,6498892,4472860515,684.0,696.0,674.0,694.0,11.0,7550,50.28682187568671,-11.41579461821857,10.343109761878743,-21.758904380097313,660.3,691.3526849853254,3.67506346416713,4.473357821334355,-0.7982943571672252,1,0
2454,6232318,4222708403,679.0,690.0,672.0,683.0,-11.0,9906,47.424516001106404,-10.325829576068486,9.146459843223063,-19.47228941929155,663.7,690.733967579005,4.0888238164958315,3.909694538930445,0.17912927756538619,1,0
2454,3594609,2460950569,685.0,689.0,678.0,686.0,3.0,4366,48.28900212022168,-9.114878849870252,8.28592845553704,-17.40080730540729,667.7500000000001,690.3833033138935,4.192480031170847,3.2106806028843686,0.9817994282864784,1,0
2454,3502217,2400403315,689.0,692.0,680.0,684.0,-2.0,4765,47.72559860350826,-8.221799177209277,7.343206502558411,-15.565005679767689,670.1500000000001,689.9104660313828,4.330823556878522,2.6792193028736344,1.6516042540048872,1,0
2454,7340789,5219518437,700.0,717.0,698.0,717.0,33.0,12241,56.70209452911835,-4.795918531367079,8.615269718720489,-13.411188250087568,673.45,691.9170981772063,4.509952128999719,2.286678299995865,2.223273829003854,1,0
2454,5124852,3649872758,713.0,720.0,706.0,709.0,-8.0,6351,54.269153686195786,-2.6953463042102612,8.572673556701845,-11.268019860912107,677.0500000000001,693.1824983122281,3.836147086031444,1.290298605622072,2.545848480409372,1,0
2454,5387167,3754373108,702.0,706.0,690.0,694.0,-15.0,9829,49.942164922679325,-2.2154638321733273,7.242044822991025,-9.457508655164352,681.0500000000001,693.2430539928038,3.2030995262481454,0.5258008366710185,2.677298689577127,1,0
2454,6662101,4484571966,677.0,680.0,668.0,668.0,-26.0,17814,43.472080907028875,-3.888314159413085,4.455355596601015,-8.3436697560141,682.75,691.373198141485,2.640737341288031,-0.029249078631277126,2.669986419919308,0,1
2454,9463374,6325345090,670.0,676.0,663.0,670.0,2.0,14321,44.072301422128795,-4.995096448168852,2.6788586462761987,-7.67395509444505,683.95,689.7899982791528,2.1232211236211764,-0.4374122370385054,2.560633360659682,0,1
2454,4506950,3060275976,674.0,684.0,670.0,684.0,14.0,6233,48.217219279942725,-4.688500276132231,2.3883638546502555,-7.076864130782487,685.7500000000001,689.361109517734,1.930274532155388,-0.504287062803435,2.434561594958823,0,1
2454,5002381,3506716189,688.0,709.0,686.0,706.0,22.0,8815,53.98805723166064,-2.6398736424723666,3.5495923906480966,-6.189466033120463,688.0,690.5936199238278,1.907196969696961,-0.42189170020948974,2.329088669906451,1,0
2454,5593958,3974041901,709.0,717.0,705.0,706.0,0.0,7766,53.98805723166064,-1.0047402555027247,4.147780622094191,-5.152520877596916,690.2,691.7348332628035,1.791272850755558,-0.4302526553207142,2.221525506076272,1,0
2454,4721071,3320164382,707.0,711.0,699.0,703.0,-3.0,6859,53.05301437563635,0.048480948026167425,4.160801460498467,-4.1123205124723,691.8,692.5692900581514,1.390922401171303,-0.6644824839239756,2.0554048850952786,1,0
2454,4254484,2971144776,702.0,705.0,691.0,702.0,-1.0,6460,52.725209386919666,0.793329686426091,3.9245201591187127,-3.1311904726926216,691.1,693.267861164955,1.235087325629199,-0.6562540475728638,1.8913413732020627,1,0
2454,4994714,3478798083,701.0,701.0,693.0,693.0,-9.0,7440,49.74606585779724,0.6499111232187715,3.024881276729115,-2.3749701535103434,690.5,693.2480195971806,1.053730953579868,-0.6700883356977558,1.7238192892776238,1,0
2454,5870198,3973404879,682.0,683.0,672.0,672.0,-21.0,15594,43.56114846012062,-1.145073917735317,0.9839169886200212,-2.1289909063553383,689.7,691.6740922196117,0.7729414613249722,-0.7607022623621215,1.5336437236870937,0,1
2454,3574827,2407108308,668.0,679.0,665.0,676.0,4.0,4946,44.96474259675746,-2.2192636345200754,-0.07221818253178958,-2.147045451988286,689.45,690.5130483514923,0.19260830728003828,-1.0728283331256445,1.2654366404056827,0,1
2454,4170803,2803517395,680.0,683.0,667.0,667.0,-9.0,7093,42.40915818251794,-3.7535232287584677,-1.2851822214161452,-2.4683410073423224,688.95,688.7713410661966,-0.3432494279176239,-1.2869488546586454,0.9436994267410215,0,1
2454,3040907,2041802169,670.0,677.0,666.0,670.0,3.0,4646,43.56065700294877,-4.673487033603351,-1.7641168210088227,-2.909370212594528,688.3500000000001,687.3808713575894,-0.6279303415941083,-1.257303814668104,0.6293734730739956,0,1
2454,3037313,2070387424,679.0,687.0,675.0,678.0,8.0,4711,46.625427083821684,-4.702820646702776,-1.434760347286598,-3.268060299416178,688.1,686.6859919977679,-0.2955214975575508,-0.7399159765052372,0.44439447894768636,0,1
2454,4913425,3215400550,657.0,659.0,651.0,653.0,-25.0,13480,39.42129675463993,-6.666511418826872,-2.718760895528555,-3.9477505232983168,686.05,684.1907333312666,-0.21130184374884065,-0.5245570581572216,0.313255214408381,0,1
2454,4614677,3015642116,653.0,660.0,648.0,657.0,4.0,7434,40.992282413841544,-7.8099556258320035,-3.0897640820269494,-4.720191543805054,684.75,682.176604936358,-0.36620773625550546,-0.5435703605311092,0.17736262427560373,0,1
2454,4275779,2838527637,655.0,671.0,652.0,667.0,10.0,4903,44.843297619881255,-7.8190933307411115,-2.4791214295488455,-5.339971901192266,683.8,681.0524119781093,-0.7629867086590738,-0.752279466347742,-0.01070724231133178,0,1
2454,7390933,4814941577,655.0,661.0,643.0,648.0,-19.0,16299,39.56047317480005,-9.252815540219899,-3.1302749112221058,-6.122540628997793,682.0,678.604085164916,-1.3087727204446646,-1.0384523825066663,-0.27032033793799837,0,1
2454,10901940,6885087505,640.0,645.0,620.0,620.0,-28.0,28323,33.32912929055247,-12.504275213854612,-5.105387667885455,-7.398887545969157,677.1500000000001,674.2630418193667,-1.9794610891275854,-1.3673126009516696,-0.6121484881759158,0,1
2454,5910336,3716454019,616.0,637.0,616.0,631.0,11.0,7528,37.494537348024785,-14.031723388766636,-5.306268674237982,-8.725454714528654,673.25,671.0583720549691,-2.562648826397563,-1.5604002705773177,-1.0022485558202454,0,1
2454,4176482,2636271162,633.0,636.0,627.0,629.0,-2.0,5094,37.041399016865874,-15.228080524224652,-5.202100647756797,-10.025979876467854,670.0,667.9429370879344,-2.991331398547015,-1.5912662741814156,-1.4000651243655995,0,1
2454,5355654,3307014339,620.0,625.0,609.0,619.0,-10.0,10027,34.778190976035475,-16.789578786771813,-5.410879128243167,-11.378699658528646,667.5500000000001,664.31753434068,-3.292592381061166,-1.5140218053564531,-1.778570575704713,0,1
2454,3442261,2141104520,622.0,626.0,617.0,623.0,4.0,5104,36.45079033020996,-17.502552311140334,-4.89908212208935,-12.603470189050984,665.2,661.2569762413704,-3.601589667163449,-1.4584152731669886,-2.1431743939964605,0,1
2454,5127405,3244893742,634.0,642.0,626.0,627.0,4.0,7154,38.15869035935441,-17.542602197057022,-3.95130560640483,-13.591296590652192,662.35,658.7194224457132,-3.7840013801828842,-1.312661588949139,-2.471339791233745,0,1
2454,4689244,2948386712,631.0,636.0,625.0,626.0,-1.0,7183,37.884571219494894,-17.453836698022542,-3.0900320858962793,-14.363804612126263,658.3500000000001,656.2957615238086,-3.828959031872685,-1.0860953925111518,-2.7428636393615333,0,1
2454,6259768,3827891515,603.0,617.0,602.0,615.0,-11.0,10142,34.91347734313454,-18.062879834698947,-2.9592601780581465,-15.1036196566408,653.8000000000001,653.2368162257486,-4.09691544602034,-1.0832414453270451,-3.0136740006932947,0,1
2454,3853962,2373197309,611.0,620.0,611.0,616.0,1.0,6490,35.40940154683552,-18.254433519163968,-2.520651090018532,-15.733782429145435,649.45,650.4785335423599,-4.12822608898751,-0.8916416706353725,-3.236584418352138,0,1
2454,8391808,5065647703,607.0,611.0,600.0,600.0,-16.0,17740,31.30004467402772,-19.472836736119007,-2.9912434455788564,-16.48159329054015,644.35,646.7393829095925,-4.470043381404622,-0.9867671704419871,-3.483276210962635,0,1
2454,4322884,2617168057,606.0,611.0,601.0,604.0,4.0,5916,33.38153587744208,-19.886425162666455,-2.723865497701045,-17.16255966496541,639.9000000000001,643.5735026940671,-4.902306967984952,-1.1352246056178537,-3.7670823623670984,0,1
2454,3254305,1972905814,607.0,611.0,603.0,605.0,1.0,4313,33.92056119392459,-19.904063671640415,-2.1932032053400015,-17.710860466300414,636.5500000000001,640.7162061982102,-5.008967460927514,-0.9935080788483326,-4.0154593820791815,0,1
2454,4364075,2645701239,610.0,610.0,601.0,605.0,0.0,5915,33.920561193924584,-19.691056079849318,-1.5841564908391241,-18.106899589010194,633.0,638.0705612946391,-4.6316123403917935,-0.49292236665008904,-4.138689973741704,0,1
2454,5723804,3391233925,598.0,600.0,587.0,591.0,-14.0,12780,29.981719820082915,-20.416579407308063,-1.8477438546382956,-18.568835552669768,629.2,634.5838530505918,-4.493821245333511,-0.28410501727344517,-4.209716228060066,0,1
2454,4343315,2536553260,591.0,594.0,580.0,580.0,-11.0,12203,27.299414967281365,-21.629834670618493,-2.448799294358981,-19.181035376259512,624.7,630.5406046764739,-4.42560637142514,-0.17271211469205827,-4.252894256733081,0,1
2454,5278826,3010560602,573.0,576.0,564.0,569.0,-11.0,12527,24.90035141078551,-23.211389823689387,-3.224283557943899,-19.98710626574549,619.25,625.9820413671055,-4.311376031466074,-0.046785419786393945,-4.26459061167968,0,1
2454,4472787,2544556730,571.0,574.0,563.0,568.0,-1.0,6226,24.687946099540326,-24.26575480317581,-3.422918829944255,-20.842835973231555,615.0,621.6870753399124,-4.308654081882816,-0.035250776162508046,-4.273403305720308,0,1
2454,7440529,4142357736,572.0,576.0,545.0,545.0,-23.0,14559,20.38158560505656,-26.65004924803634,-4.645770619843827,-22.004278628192512,609.4000000000001,616.0065512406596,-4.655424465171836,-0.30561692756122216,-4.349807537610614,0,1
2454,8115892,4468973424,558.0,563.0,540.0,543.0,-2.0,9434,20.054008559864315,-28.373926100869767,-5.095717978141803,-23.278208122727964,603.2,610.5986585561664,-4.985675137020447,-0.5086940795278663,-4.476981057492581,0,1
2454,5860219,3187075770,536.0,554.0,533.0,551.0,8.0,7393,25.230601942580975,-28.763015645387327,-4.38784601812749,-24.375169627259837,598.35,606.1839431075614,-5.164157256378093,-0.5497409591084095,-4.614416297269684,0,1
2454,3271406,1795428707,543.0,556.0,541.0,548.0,-3.0,5224,24.5876473730932,-28.979390466358268,-3.6833766712787437,-25.296013795079524,594.75,601.8740213958902,-5.364142116576066,-0.5997806554451062,-4.76436146113096,0,1
2454,4517792,2567702944,564.0,573.0,564.0,573.0,25.0,6655,38.624011142472355,-26.824363440436855,-1.2226797162858638,-25.60168372415099,591.85,599.7352049961946,-5.104053968051944,-0.27175400553678664,-4.832299962515157,0,1
2454,9728323,5836284535,596.0,608.0,592.0,599.0,26.0,12235,49.211551808848355,-22.756187127359453,2.276397277433233,-25.032584404792686,590.35,599.6807453668468,-4.845988462439088,-0.010950799939144495,-4.835037662499944,1,0
2454,7405325,4377251228,603.0,604.0,585.0,587.0,-12.0,8362,45.3253088954054,-20.26680469258531,3.812623769765903,-24.079428462351213,588.75,598.7414308952285,-4.668890456946152,0.13291776444303327,-4.8018082213891855,0,1
2454,6707924,3825743283,581.0,582.0,564.0,566.0,-21.0,10266,39.4535089561465,-19.760686777106116,3.45499334819608,-23.215680125302196,585.9000000000001,596.3161397178042,-4.59280303030305,0.16720415286890855,-4.760007183171958,0,1
2454,8122275,4503449251,546.0,565.0,541.0,553.0,-13.0,9540,36.31698236579445,-20.17599967207707,2.4317443625801047,-22.607744034657173,582.2,593.1075367757446,-4.538859654821482,0.1769180226803817,-4.715777677501864,0,1
2454,6851051,3765707696,557.0,557.0,541.0,549.0,-4.0,7869,35.38484073149915,-20.590549664751393,1.6137554959246252,-22.204305160676018,578.3499999999999,589.8403118293932,-4.534873602227758,0.14472326021928517,-4.679596862447043,0,1
2454,7943988,4333873285,550.0,554.0,538.0,544.0,-5.0,7710,34.2030734010306,-21.079549805282568,0.8998042843147616,-21.97935408959733,574.8,586.444733175364,-4.345257630456185,0.26747138559268624,-4.612729016048871,0,1
2454,9366120,5394386932,562.0,588.0,559.0,585.0,41.0,11763,49.18866455806712,-17.95179151304592,3.2220500612411307,-21.17384157428705,573.25,586.3377159031148,-3.8257301472363,0.629599095050057,-4.455329242286357,1,0
2454,6597059,3775192174,568.0,580.0,565.0,578.0,-7.0,7788,47.21162181793525,-15.855094372255962,4.254997761624871,-20.110092133880833,572.1500000000001,585.7201073176989,-3.093509350935088,1.0894559130810153,-4.1829652640161035,1,0
2454,6538834,3820470278,593.0,595.0,576.0,588.0,10.0,6624,50.285727262584686,-13.233977303292363,5.500891864470777,-18.73486916776314,571.3500000000001,585.8889882571286,-2.224059984562797,1.5671242235626455,-3.7911842081254425,1,0
2454,5894955,3439414613,585.0,591.0,577.0,577.0,-11.0,6208,47.04060748769028,-11.907073875434321,5.462236233863056,-17.369310109297377,569.95,585.2305446825266,-1.5256112401814461,1.8124583743551972,-3.3380696145366433,1,0
2454,9114239,5158345617,566.0,570.0,558.0,570.0,-7.0,7727,45.048308465776834,-11.290188581523466,4.863297222219128,-16.153485803742594,568.2,584.1023561875246,-0.840606747062871,1.997970293979018,-2.838577041041889,1,0
2454,5295651,3028567765,567.0,579.0,565.0,567.0,-3.0,4976,44.18461316768325,-10.917527014140092,4.188767031682003,-15.106294045822095,567.0000000000001,582.8355149884487,-0.6093621192879299,1.7833719374031671,-2.392734056691097,0,1
2454,6109417,3610058482,587.0,596.0,585.0,588.0,21.0,7129,51.23301558819312,-8.825925763179953,5.024294626113715,-13.850220389293668,567.4000000000001,583.2180694337488,-0.5826022902297062,1.4481054131691127,-2.030707703398819,1,0
2454,6720783,3853493127,591.0,592.0,563.0,563.0,-25.0,10531,44.09423601468972,-9.080928478089504,3.8154335289633323,-12.896362007052836,567.1,581.7204346608786,-0.6847475832438406,1.0767680961239827,-1.7615156793678233,0,1
2454,6569981,3773328804,569.0,582.0,565.0,579.0,16.0,6548,48.99281450097695,-7.900877289165692,3.996387774309717,-11.897265063475409,567.65,581.518920982295,-0.3283796202900815,1.1465088472621936,-1.474888467552275,1,0
2454,6098740,3582669309,589.0,592.0,583.0,589.0,10.0,5980,51.83350074181606,-6.088576474035563,4.646950871551878,-10.73552734558744,569.85,582.0730749836065,0.30405026365979565,1.4231509849696566,-1.119100721309861,1,0
2454,6162964,3517928193,582.0,585.0,564.0,565.0,-24.0,10637,45.31129746234698,-6.513827100653884,3.3773601959468458,-9.89118729660073,570.95,580.8084027625986,0.8088648891888661,1.5423724883989816,-0.7335075992101155,0,1
2454,17458521,10338378870,585.0,604.0,576.0,590.0,25.0,16012,52.07602176768177,-4.778467026344629,4.090176216204881,-8.86864324254951,572.9,581.489261817221,1.4884568651275711,1.7775715714701494,-0.28911470634257824,1,0
2454,8454173,5066185885,592.0,604.0,590.0,599.0,9.0,8540,54.269077304456864,-2.6464502498762386,4.977754394138618,-7.624204644014856,575.45,582.7863535344638,1.5629564709319244,1.4816569418196022,0.08129952911232226,1,0
2454,6841497,4109052853,595.0,607.0,593.0,599.0,0.0,7254,54.269077304456864,-0.9459077583425142,5.342637508537874,-6.288545266880388,576.75,583.9873643837628,1.6640875552266126,1.2662304208914321,0.39785713433518033,1,0
2454,6419381,3821968691,587.0,602.0,587.0,600.0,1.0,6193,54.537166999119414,0.4769777579114134,5.4124184198334415,-4.935440661922028,576.8000000000001,585.1734855405211,1.6202305024057069,0.9778986944564212,0.6423318079492857,1,0
2454,4423954,2623880755,600.0,600.0,586.0,597.0,-3.0,5275,53.52344206443396,1.3470222192737538,5.025970304956626,-3.678948085682872,577.3000000000001,586.0495236486307,1.5566111371289382,0.731423463343722,0.8251876737852162,1,0
2454,8262942,5078432629,608.0,623.0,601.0,620.0,23.0,11008,59.70712330472762,3.8480881394947346,6.0216289801420855,-2.173540840647351,580.0,588.5643737487321,1.757188498402562,0.7456006596938767,1.0115878387086854,1,0
2454,7912180,4935202620,632.0,632.0,616.0,620.0,0.0,8359,59.707123304727624,5.763759864573899,6.349840564177,-0.5860806996031008,583.35,590.8929386562335,2.0528280218202632,0.8329921464892622,1.219835875331001,1,0
2454,12934955,8338402107,628.0,656.0,626.0,650.0,30.0,17037,66.4580608443224,9.59212079032443,8.142561191942024,1.4495595983824052,588.4000000000001,595.2712394965125,2.2518372271580467,0.8256010814616366,1.42623614569641,1,0
2454,7376979,4821749086,648.0,660.0,641.0,660.0,10.0,9603,68.36098797182517,13.279957745937281,9.4643185180439,3.815639227893381,594.2,600.0659624967709,3.0449766609954896,1.2949924122392635,1.749984248756226,1,0
2454,17001177,11806758817,698.0,700.0,680.0,700.0,40.0,22148,74.57462674869808,19.208833335138934,12.314555285796441,6.894278049342492,599.95,607.4684837933064,4.072677631151265,1.8581547059160313,2.214522925235234,0,0
2454,9849795,6905143390,705.0,710.0,694.0,697.0,-3.0,11187,73.41016497678642,23.395743459611708,13.201172328215373,10.194571131396335,605.9000000000001,614.1004479567652,4.844123152391407,2.1036801817249384,2.7404429706664684,0,0
2454,13979872,10096572609,704.0,735.0,700.0,722.0,25.0,18790,76.67828546604093,28.40376998494378,14.567359082837955,13.836410902105824,612.6,622.0930073673751,5.972692610816424,2.5857997121199645,3.38689289869646,0,0
2454,10399350,7582172184,732.0,738.0,719.0,729.0,7.0,14354,77.51173828270964,32.56215236251228,14.980593168325164,17.581559194187115,620.2,630.0120438586806,6.697209057398618,2.6482529269617263,4.048956130436892,0,0
2454,6928331,5027403190,740.0,740.0,716.0,725.0,-4.0,9279,75.8437726205187,35.12997727527954,14.03873446487394,21.091242810405603,627.95,637.0481887580376,7.229756473553714,2.5446402744934566,4.685116199060257,0,0
2454,5558511,4040977105,732.0,742.0,716.0,722.0,-3.0,9509,74.54807984375269,36.50214804995153,12.328724191636738,24.17342385831479,635.7,643.3409155167014,7.697220677009275,2.4096835823592144,5.287537094650061,0,0
2454,4436545,3176325869,716.0,722.0,709.0,720.0,-2.0,6032,73.64480965231454,37.001687567999966,10.262610967748138,26.739076600251828,642.3,649.019366219168,8.39973846593925,2.4897610970313515,5.909977368907899,0,0
2454,6289730,4468309323,707.0,715.0,703.0,713.0,-7.0,7509,70.42832627013377,36.41298847167889,7.739129497141647,28.67385897453724,649.8,653.7586724251555,9.038036760086715,2.5024475129430526,6.535589247143663,0,0
2454,3202235,2280951283,722.0,722.0,705.0,705.0,-8.0,4506,66.83560376871107,34.89861751619458,4.979806833325867,29.91881068286871,656.1,657.5543263195884,9.379653104752693,2.2752510860872235,7.1044020186654695,1,0
2454,7750672,5637591387,715.0,736.0,711.0,728.0,23.0,10547,71.35920134846967,35.14919733721172,4.184309323474405,30.964888013737312,663.0500000000001,662.7725243699892,9.791429881757068,2.1496222904732782,7.64180759128379,0,0
2454,5847844,4263799460,729.0,736.0,723.0,727.0,-1.0,6457,70.90635188579961,34.86518782561882,3.1202398495052037,31.744947976113615,671.1500000000001,667.5301151573974,9.75860297894195,1.6934363101265273,8.065166668815422,0,0
2454,5606289,3978283881,703.0,719.0,703.0,703.0,-24.0,9685,60.91500405275738,32.33081925869419,0.4686970260644614,31.86212223262973,676.8,670.1575140346272,9.428767391730341,1.0908805783319355,8.337886813398406,1,0
2454,5160799,3656689639,695.0,718.0,695.0,713.0,10.0,6712,63.23932379040195,30.77448127311277,-0.8701127676135698,31.64459404072634,682.5,673.3310315135437,8.794864312810018,0.36558199952929016,8.429282313280728,1,0
2454,9728516,7115518294,714.0,738.0,711.0,733.0,20.0,10675,67.41322239478205,30.799863406653117,-0.6757845072585802,31.475647913911697,689.2,677.7509551051331,8.176827506501008,-0.20196384542377643,8.378791351924784,1,0
2454,6932733,5181123495,750.0,756.0,738.0,741.0,8.0,9553,68.93274097918831,31.10693073741379,-0.2949737411983264,31.401904478612117,696.25,682.43606954179,7.409209747905551,-0.7756652832153872,8.184875031120939,1,0
2454,4119211,3047112302,730.0,748.0,730.0,739.0,-2.0,5244,68.07807472477066,30.83347145823859,-0.4547464162988213,31.288217874537413,703.3500000000001,686.6259903164722,6.617660971410183,-1.2537712477686052,7.871432219178788,1,0
2454,4535657,3388070615,739.0,755.0,739.0,739.0,0.0,6450,68.07807472477066,30.267844143121465,-0.8162989851327609,31.084143128254226,709.3000000000001,690.5055465893262,5.745414348078596,-1.7008142968801536,7.44622864495875,1,0
2454,5041043,3674154553,739.0,744.0,720.0,725.0,-14.0,7955,61.85228870342074,28.362947025657945,-2.1769568820770253,30.53990390773497,714.5500000000001,693.0606912864131,4.985309978057915,-1.9687349335206683,6.954044911578583,1,0
2454,5325977,3830890858,717.0,728.0,713.0,716.0,-9.0,6311,58.169463231796826,25.82933307863493,-3.768456663280034,29.597789741914966,717.8500000000001,694.7598993392713,4.256498365016888,-2.1580372372493564,6.414535602266245,0,1
2454,4204451,2987804378,724.0,725.0,705.0,705.0,-11.0,7685,53.94193294377496,22.672463654857438,-5.540260869646023,28.21272452450346,720.1000000000001,695.5184253141401,3.5520781677594435,-2.2899659476054417,5.842044115364885,0,1
2454,4613417,3331419350,714.0,729.0,711.0,729.0,24.0,5915,60.65980092219473,21.855287170076167,-5.085949883541836,26.941237053618003,721.5500000000001,697.9985419575372,3.1057373162636215,-2.1890454392810113,5.294782755544633,1,0
2454,5234621,3724605627,715.0,716.0,705.0,712.0,-17.0,7310,54.58639216934092,19.609860725645603,-5.865101062377921,25.474961788023524,722.3000000000001,699.0356869977196,2.272603707932368,-2.4177432380898116,4.69034694602218,0,1
2454,6051369,4324084063,717.0,722.0,708.0,709.0,-3.0,5144,53.56712765030977,17.387833047238132,-6.469702992628314,23.857536039866446,721.6500000000001,699.7737842571478,1.5690942538686339,-2.497002153722837,4.066096407591471,0,1
2454,4980611,3578510558,717.0,724.0,714.0,718.0,9.0,4611,56.20889379160338,16.16672494538352,-6.15264887558634,22.31937382096986,721.0999999999999,701.1238743121738,1.208288482238963,-2.2862463402820064,3.4945348225209694,0,1
2454,14093519,9739391587,703.0,706.0,681.0,681.0,-37.0,28944,44.899190141682865,12.074213185293502,-8.19612850854109,20.27034169383459,718.9,699.6332169557165,0.6671681621979628,-2.2618933282584055,2.9290614904563683,0,1
2454,13076649,8595271153,653.0,665.0,651.0,660.0,-21.0,22055,39.98204079807543,7.055017781402057,-10.57225912994603,17.627276911348087,715.8,696.6974231071449,-0.18268765783677296,-2.489399318634513,2.30671166079774,0,1
2454,6975640,4578728304,650.0,662.0,650.0,656.0,-4.0,7639,39.10359106785502,2.7231123477959045,-11.923331650841746,14.64644399863765,712.5999999999999,693.6827991732823,-0.9380442002836663,-2.595804688865125,1.6577604885814587,0,1
2454,6420511,4179355420,650.0,660.0,646.0,646.0,-10.0,9498,36.91968177222696,-1.4995840728106486,-12.91682245715864,11.417238384347991,709.25,690.1507399752614,-1.7534384676316082,-2.7289591649704534,0.9755206973388454,0,1
2454,6274754,4106021894,649.0,661.0,646.0,654.0,8.0,5411,39.81553806938908,-4.152698543966039,-12.455949542651224,8.303250998685185,706.7,687.4729073845014,-2.389599595258773,-2.6920962340780945,0.3024966388193217,0,1
2454,4093339,2714084932,665.0,668.0,661.0,661.0,7.0,4587,42.3110987534586,-5.625620724569671,-11.143097378603885,5.517476654034214,703.35,685.5119512819457,-2.7829162132752967,-2.4683302816756947,-0.31458593159960196,0,1
2454,2430760,1593195003,651.0,661.0,648.0,660.0,-1.0,4030,42.04289613038501,-6.795282025902225,-9.85020694394915,3.0549249180469262,700.0,683.6221771129127,-3.1003731003731088,-2.2286297350188056,-0.8717433653543034,0,1
2454,1515532,990014478,661.0,661.0,651.0,651.0,-9.0,3725,39.609381448410716,-8.352192936907386,-9.12569428396345,0.7735013470560638,697.4,681.2057195489932,-3.3645764817657113,-1.9942664931291263,-1.370309988636585,0,1
2454,1969029,1296438262,654.0,664.0,653.0,656.0,5.0,3432,41.63071460796921,-9.077952847958159,-7.881163356011378,-1.1967894919467807,694.55,679.3386292120308,-3.8943894389439015,-2.019263560245853,-1.8751258786980485,0,1
2454,9053565,5733731251,649.0,649.0,621.0,638.0,-18.0,18647,36.849022792401776,-10.979013144673559,-7.8257789221814225,-3.1532342224921366,689.8,676.2765085296581,-4.3818466353677685,-2.0053766053357758,-2.3764700300319928,0,1
2454,3690707,2318312241,630.0,631.0,623.0,629.0,-9.0,6059,34.70274359915382,-13.06127960911249,-7.926436309296282,-5.1348432998162075,684.2,672.7745449348687,-4.940188954832033,-2.050975139840032,-2.889213814992001,0,1
2454,2648733,1667920438,635.0,640.0,625.0,625.0,-4.0,3868,33.76153773440732,-14.862926786560479,-7.782466789395417,-7.080459997165062,678.5,669.235689754508,-5.518055710513613,-2.1030735164172896,-3.414982194096323,0,1
2454,4509288,2862420546,623.0,645.0,621.0,644.0,19.0,5310,41.83175239082535,-14.589426121751217,-6.007172899668923,-8.582253222082294,673.75,667.3663794023222,-5.527844719684676,-1.690290020470682,-3.837554699213994,0,1
2454,3081086,1968829054,639.0,644.0,635.0,636.0,-8.0,4230,39.641730199063694,-14.847060345940577,-5.011845699086626,-9.83521464685395,669.3000000000001,665.042943891039,-5.464296429642997,-1.3013933843432017,-4.162903045299795,0,1
2454,5429497,3435081194,638.0,641.0,625.0,631.0,-5.0,7914,38.29239548401406,-15.2785736515483,-4.3546872037554785,-10.923886447792821,665.0500000000001,662.5212443435547,-5.332316039335385,-0.9355303952284721,-4.396785644106913,0,1
2454,7951964,5180362150,634.0,660.0,634.0,660.0,29.0,9860,49.11166646675275,-13.129148763901298,-1.764209852886781,-11.364938911014518,662.8000000000001,662.3344855032914,-4.767985169210992,-0.29695962008326315,-4.471025549127729,0,1
2454,7084736,4751028441,671.0,675.0,665.0,675.0,15.0,8817,53.639451703599,-10.09892529051524,1.0128108963994222,-11.111736186914662,660.1,663.2726717623068,-4.150764264691932,0.25620902754863817,-4.40697329224057,1,0
2454,8836356,6105714415,684.0,696.0,681.0,694.0,19.0,12069,58.65725800435181,-6.094061597229711,4.014139671747962,-10.108201268977673,659.2,665.5487701502841,-3.4960974681134798,0.7287006593016723,-4.224798127415152,1,0
2454,7050840,4954597477,700.0,707.0,694.0,707.0,13.0,11082,61.71087917574584,-1.8498628449719945,6.606670739204544,-8.456533584176539,659.1000000000001,668.6192316206334,-2.736773849029275,1.1904194227087022,-3.927193271737977,1,0
2454,6557029,4682287784,710.0,720.0,708.0,715.0,8.0,10182,63.49764675044198,2.1346217939189955,8.472924302476429,-6.338302508557432,658.95,672.0548440931791,-1.8872605144645451,1.6319462058187457,-3.519206720283291,1,0
2454,7897961,5560195350,722.0,726.0,691.0,694.0,-21.0,11086,56.09735195703058,3.5568291686180373,7.9161053417403755,-4.359276173122338,659.6,673.680411197388,-1.2916045702931063,1.7820817199921477,-3.073686290285254,1,0
2454,5310041,3750923858,707.0,712.0,701.0,704.0,10.0,7180,58.57327628132423,5.428281337756971,7.830046008703448,-2.4017646709464766,661.8,675.9263066642482,-0.46622719021689896,2.085967280054684,-2.552194470271583,1,0
2454,4750714,3313462885,706.0,709.0,693.0,693.0,-11.0,6120,54.90520682323764,5.955165158731802,6.685543863742623,-0.7303787050108209,663.6500000000001,677.1910246891186,0.5361211633829163,2.4706525069235994,-1.9345313435406832,1,0
2454,18980506,13790479800,734.0,739.0,709.0,739.0,46.0,17959,64.82534480204333,9.969616412672394,8.559996094146571,1.4096203185258223,668.3000000000001,681.7694673047395,1.7970482526573277,2.985263676958409,-1.1882154243010812,1,0
2454,13095953,9576987866,734.0,752.0,716.0,718.0,-21.0,13372,58.49856561723876,11.32601421661252,7.933115118469359,3.392899098143162,671.5,684.4532104673514,2.6636094391898246,3.0814598907927246,-0.4178504516029001,1,0
2454,5815887,4200815801,724.0,728.0,718.0,724.0,6.0,6472,59.70851649463139,12.738280140308007,7.476304833731875,5.261975306576131,674.6500000000001,687.3826022845846,3.720894695623925,3.31099611778146,0.409898577842465,1,0
2454,11416420,8528075777,747.0,753.0,737.0,747.0,23.0,13378,64.03687587402659,15.534348540464634,8.217898587110803,7.316449953353832,679.0000000000001,691.7987058190598,4.764895054328157,3.4839971811885535,1.2808978731396035,1,0
2454,6601968,4944315922,742.0,753.0,741.0,751.0,4.0,9821,64.74618094433728,17.867059127020866,8.440487338933627,9.426571788087239,684.0,696.1839868694998,5.34321520520974,3.249853865656109,2.093361339553631,1,0
2454,7693098,5688901183,745.0,749.0,730.0,731.0,-20.0,11360,58.530191282620436,17.895626576578934,6.775243830793356,11.120382745785578,687.75,698.7629508050924,5.582574600840717,2.7913706090296686,2.7912039918110483,1,0
2454,7367549,5311698169,739.0,739.0,716.0,717.0,-14.0,11225,54.580048724897146,16.59726060028879,4.38150228360257,12.215758316686221,691.7,700.1138433380485,5.441027374112881,2.1198587058414664,3.3211686682714148,1,0
2454,7991431,5916772668,726.0,747.0,725.0,744.0,27.0,10390,60.16385725248419,17.544725882679245,4.263174052794419,13.281551829884826,697.45,703.3646697574522,5.358477172532313,1.629846803408718,3.7286303691235947,1,0
2454,4016255,2989612567,740.0,749.0,736.0,749.0,5.0,5237,61.11716409382623,18.485962489877693,4.163528527994293,14.3224339618834,703.6500000000001,706.7450645902336,5.252249237861556,1.2188950949903692,4.033354142871187,1,0
2454,3235750,2403001389,749.0,749.0,739.0,740.0,-9.0,5088,58.407704036619,18.29478362098905,3.1778797272845196,15.116903893704531,708.45,709.2083931391052,5.338107928047976,1.043803028141431,4.294304899906545,1,0
2454,4171947,3045507641,735.0,737.0,726.0,731.0,-9.0,6401,55.746244560787964,17.218563326321373,1.6813275460934722,15.5372357802279,713.2,710.8225862399122,5.195666592969274,0.7210893544501831,4.474577238519091,1,0
2454,3487039,2564692740,737.0,742.0,731.0,732.0,1.0,4800,55.9862275677347,16.25891992364643,0.5773473147348227,15.681572608911608,718.25,712.3912835554743,5.220717745486578,0.5969124055739892,4.623805339912589,1,0
2454,6977304,4988019068,730.0,730.0,708.0,710.0,-22.0,16412,49.612040394927305,13.566789965155863,-1.6918261150045968,15.25861608016046,720.75,712.214151440254,4.460891812865485,-0.13033082163768306,4.591222634503168,0,1
2454,5178561,3694202826,716.0,718.0,706.0,711.0,1.0,6729,49.89130679474236,11.382736123430732,-3.100703965383783,14.483440088814515,722.5500000000001,712.1242142965315,3.9105992795546274,-0.544498683958833,4.45509796351346,0,1
2454,3610451,2594173860,708.0,723.0,707.0,723.0,12.0,5088,53.24041004925188,10.499129995316366,-3.187448074798519,13.686578070114885,724.0,712.929828052344,3.346000723850866,-0.8872777917300758,4.233278515580942,0,1
2454,2619587,1906206540,725.0,732.0,719.0,726.0,3.0,4338,54.0669529658746,9.926514026049404,-3.0080512352523865,12.93456526130179,724.95,713.8979889373555,2.6420567145894047,-1.27297744079323,3.9150341553826347,1,0
2454,2746079,1998529680,728.0,734.0,724.0,725.0,-1.0,4237,53.726040425040125,9.284988534161585,-2.9196613817121655,12.20464991587375,725.45,714.720360127181,1.8476682265612219,-1.6538927430571304,3.5015609696183523,0,1
2454,4610941,3302548740,718.0,722.0,713.0,713.0,-12.0,7121,49.678032110033,7.719292054373,-3.5882862892006013,11.307578343573601,726.4,714.5929260436861,1.191560006426369,-1.8480007705535868,3.0395607769799557,0,1
2454,8227452,6079143664,724.0,745.0,722.0,745.0,32.0,11541,58.62960995146671,8.957344190671051,-1.8801873223220404,10.837531512993092,728.45,716.845301892302,1.056438141948299,-1.5864981080253255,2.6429362499736246,1,0
2454,8209174,6028811080,751.0,752.0,723.0,723.0,-22.0,9480,51.806482715013495,8.070264306680428,-2.2138137650501317,10.28407807173056,729.95,717.3012054558352,0.5565599631323135,-1.6691010294730488,2.2256609926053623,0,1
2454,16624548,12828468206,737.0,795.0,731.0,791.0,68.0,26563,65.26293334386456,12.707791300058943,1.938970582662705,10.768820717396238,732.5500000000001,722.7603754220696,0.5219630041086679,-1.3629583907973557,1.8849213949060235,1,0
2454,9729803,7592031747,790.0,790.0,773.0,775.0,-16.0,14995,60.950569277328995,14.920009983759314,3.3209514130904605,11.599058570668854,735.4000000000001,726.6299772426571,0.5613831637762696,-1.058830584903803,1.6202137486800727,1,0
2454,6642734,5163568412,778.0,789.0,771.0,775.0,0.0,10379,60.950569277329,16.48320114638784,3.907314060575189,12.575887085812653,737.95,730.2129418913491,0.7452752526579244,-0.6999507968177187,1.445226049475643,1,0
2454,7685453,6049105130,785.0,795.0,777.0,784.0,9.0,10868,62.564284373215095,18.238029537092302,4.5297139610237185,13.708315576068584,739.8000000000001,734.1971684179159,0.860310653208501,-0.46793231701371374,1.3282429702222147,1,0
2454,5202228,4091966772,789.0,790.0,783.0,788.0,4.0,6190,63.29038063598479,19.72414261200788,4.812661628751437,14.911480983256444,741.6500000000001,738.1825633499221,1.2991408487373033,-0.023281697187929273,1.3224225459252326,1,0
2454,8741223,6729680891,782.0,784.0,765.0,768.0,-20.0,17818,57.30545554736383,19.068258068286355,3.325421668023928,15.742836400262426,743.5,740.391262361039,1.5456431535269541,0.17857648608137722,1.367066667445577,1,0
2454,5335712,4110500928,769.0,775.0,767.0,767.0,-1.0,6909,57.01514292659703,18.257314245504062,2.011582276193309,16.245731969310754,746.0,742.3622799639251,1.892134521096585,0.42005428292080627,1.4720802381757787,1,0
2454,6008380,4545088178,759.0,761.0,753.0,756.0,-11.0,12293,53.78719715989044,16.53640595989964,0.23253919247110844,16.30386676742853,746.6000000000001,743.3724814480788,2.0279816671835467,0.44472114320621436,1.5832605239773323,1,0
2454,5327065,4021022474,756.0,764.0,743.0,764.0,8.0,7981,55.74937084551466,15.637843559954376,-0.5328185659793228,16.1706621259337,747.3500000000001,744.9004457852582,2.253344337838263,0.5360670510887444,1.7172772867495185,1,0
2454,6588044,5002423313,749.0,768.0,749.0,761.0,-3.0,7536,54.809545209807006,14.516316396920956,-1.3234765832101942,15.83979298013115,748.4000000000001,746.0930053567205,2.71563573883159,0.798686761665657,1.916948977165933,1,0
2454,5292738,4047409136,766.0,773.0,757.0,758.0,-3.0,6729,53.83223063409737,13.232882677770135,-2.085528241888813,15.318410919658948,749.75,746.9750049599264,2.823723398773625,0.7254195372861534,2.0983038614874716,1,0
2454,6000004,4541544083,751.0,765.0,748.0,756.0,-2.0,6801,53.15179115089313,11.916997197777164,-2.721130977505428,14.638128175282592,750.95,747.643523111043,3.059386578839016,0.7688661738812357,2.2905204049577805,1,0
2454,6841068,5280283889,770.0,777.0,766.0,773.0,17.0,7653,58.01020487424988,12.106351910628518,-2.0254210117232603,14.131772922351779,754.1,749.5217806583731,2.563115763546781,0.2180762868712005,2.3450394766755807,1,0
2454,5321040,4114477130,773.0,780.0,768.0,770.0,-3.0,6578,56.88899533371894,11.877426378980772,-1.8034772346968069,13.680903613677579,757.0500000000001,751.0386857947899,2.370947354036407,0.02072630188866098,2.350221052147746,1,0
2454,5445430,4185541006,776.0,779.0,763.0,771.0,1.0,6733,57.186046421995705,11.642485562117372,-1.6307344412481655,13.273220003365537,759.45,752.5173016618425,2.211302211302184,-0.11113507267644973,2.322437283978634,1,0
2454,5659553,4417944470,777.0,785.0,776.0,781.0,10.0,7836,60.143556480495754,12.123458021131796,-0.919809585786993,13.04326760691879,762.2,754.6271311683727,1.9640394340296994,-0.2867182799591479,2.2507577139888473,1,0
2454,4865131,3834404560,780.0,794.0,778.0,793.0,12.0,7970,63.4099591390985,13.31939418678553,0.22090126389339204,13.098492922892138,765.6,757.4695658966414,1.6973029855559363,-0.4427637827463291,2.1400667683022654,1,0
2454,4406461,3479100049,790.0,794.0,785.0,790.0,-3.0,6748,62.04104881015209,13.86527700390127,0.6134272648073047,13.251849739093965,769.45,759.8792276820753,1.6398436310097961,-0.4001785098339756,2.0400221408437718,1,0
2454,3071593,2403206571,789.0,790.0,779.0,780.0,-10.0,5435,57.578897426941616,13.337233319260918,0.06830686413356091,13.268926455127357,771.2,761.3696552611808,1.422404343940219,-0.4940942375228423,1.9164985814630613,1,0
2454,4137411,3191025633,775.0,780.0,766.0,766.0,-14.0,9013,51.946021572852096,11.654723500021078,-1.2913623640850247,12.946085864106102,773.3500000000001,761.7126437603526,1.2502942858103625,-0.5329634365221592,1.7832577223325217,0,1
2454,2981780,2296524417,774.0,775.0,765.0,773.0,7.0,4682,54.35069283660673,10.762104997767437,-1.747184693070933,12.50928969083837,772.45,762.5487442225487,1.0936661298979997,-0.5516732739476176,1.6453394038456173,1,0
2454,3614487,2815573656,780.0,783.0,775.0,778.0,5.0,4424,56.0427443576483,10.338975345030121,-1.7362514766466006,12.075226821676722,772.6,763.6932816875451,1.0146891521113375,-0.5045202013874239,1.5192093534987614,1,0
2454,4496209,3534422715,778.0,789.0,778.0,787.0,9.0,5547,58.989421006062045,10.607589145933503,-1.1741101405945766,11.78169928652808,773.2,765.4197052662455,1.0157109976983831,-0.40279868464030266,1.4185096823386858,1,0
2454,9301246,7072674882,774.0,777.0,751.0,753.0,-34.0,24999,46.34895811745028,7.984906635006723,-3.0374341212170854,11.022340756223809,771.6500000000001,764.4997270983755,0.7814840707080726,-0.5096204893044907,1.2911045600125632,0,1
2454,4618526,3458532925,749.0,752.0,743.0,749.0,-4.0,10303,45.123887537963796,5.52001399385324,-4.401861409896455,9.921875403749695,769.7,763.3515991651625,0.5017473789315912,-0.6314857448647777,1.1332331237963689,0,1
2454,5956250,4420784503,748.0,750.0,739.0,742.0,-7.0,13212,42.98278053175865,2.9675195998571553,-5.563484643114032,8.531004242971187,768.4000000000001,761.7699992270024,0.10391208206559761,-0.8234568333846171,0.9273689154502147,0,1
2454,4665168,3511077889,743.0,759.0,743.0,756.0,14.0,7064,48.26957680023836,2.050693284334784,-5.184248766909123,7.234942051243907,767.8500000000001,761.342591876854,0.1165850571266799,-0.648627086658828,0.7652121437855078,0,1
2454,4555491,3441964064,756.0,760.0,752.0,758.0,2.0,5006,48.99713502734126,1.468556503975833,-4.61310843781446,6.081664941790293,767.95,761.0949924785685,-0.047507126068913746,-0.6501754158835372,0.6026682898146235,0,1
2454,5815842,4381121212,759.0,760.0,749.0,750.0,-8.0,7854,46.198208283141625,0.35755410906244833,-4.579288666182276,4.936842775244724,767.25,760.2731411838597,-0.3888777622004382,-0.7932368416120494,0.4043590794116112,0,1
2454,5990292,4503878440,754.0,758.0,746.0,748.0,-2.0,6423,45.49845937640835,-0.6765082129816165,-4.490680790581072,3.814172577599456,766.6,759.3640196146849,-0.665462814339217,-0.8558575150006625,0.19039470066144557,0,1
2454,14840026,10464098539,705.0,710.0,694.0,709.0,-39.0,34048,34.51873836645648,-4.590072616714224,-6.723396155450944,2.13332353873672,764.1500000000001,755.6333514950786,-1.0449715465578957,-0.9882929977754731,-0.05667854878242268,0,1
2454,15093599,10480918174,702.0,703.0,685.0,688.0,-21.0,49991,30.281256294054252,-9.279160709476741,-9.12998739857077,-0.14917331090597222,760.7500000000001,750.6234736065543,-1.4992162613136517,-1.154030170024983,-0.3451860912886685,0,1
2454,11632986,7903417920,682.0,685.0,675.0,675.0,-13.0,25595,27.99053184499343,-13.884239292587154,-10.988052785344944,-2.896186507242209,755.8500000000001,745.0217348208836,-2.1175175683684833,-1.417865181663852,-0.6996523867046315,0,1
2454,10238247,6891358128,661.0,684.0,661.0,673.0,-2.0,19824,27.64405671676805,-17.493526053798064,-11.677871637244683,-5.815654416553381,751.0,739.6867915008181,-2.8636533687038814,-1.7312007855993998,-1.1324525831044816,0,1
2454,5480008,3676148049,676.0,679.0,665.0,665.0,-8.0,19297,26.244642597998528,-20.760135042737716,-11.955584500947467,-8.804550541790249,745.7,734.1544365748316,-3.7259225076484044,-2.0747759396351384,-1.6511465680132662,0,1
2454,4802301,3242393639,663.0,681.0,663.0,676.0,11.0,8818,31.387837309098717,-22.20536846663356,-10.720654339874647,-11.484714126758911,740.45,729.8467005322515,-4.163662581110305,-2.010012810477631,-2.1536497706326743,0,1
2454,9007698,5930130933,678.0,678.0,650.0,650.0,-26.0,31984,26.656278358270836,-25.158695297701456,-10.939184936754035,-14.219510360947421,733.3000000000001,723.9321301224551,-4.738477472812005,-2.0678621617434647,-2.6706153110685404,0,1
2454,7417677,4777149807,641.0,652.0,638.0,649.0,-1.0,16794,26.49087266156433,-27.265618651983118,-10.436886632828557,-16.82873201915456,726.25,718.3816019652362,-5.2569910951413865,-2.0691006272582766,-3.18789046788311,0,1
2454,4770671,3152624789,654.0,667.0,653.0,662.0,13.0,9753,32.36633324468428,-27.568585739787977,-8.591882976506731,-18.976702763281246,720.35,714.2051870048483,-5.77292408687759,-2.068026895195584,-3.704897191682006,0,1
2454,6790242,4529918972,668.0,674.0,663.0,665.0,3.0,10301,33.68363106954407,-27.252464959694635,-6.620609757130712,-20.631855202563923,715.3,710.5603583378225,-6.3130914134232325,-2.0865553773929806,-4.226536036030252,0,1
2454,6448130,4302882149,654.0,673.0,654.0,671.0,6.0,9035,36.35361980552886,-26.21559010395538,-4.466987921113162,-21.748602182842216,710.2,707.6299614239098,-6.723319390762613,-1.9974266837858892,-4.725892706976724,0,1
2454,6817126,4611339378,674.0,680.0,668.0,680.0,9.0,8651,40.24025154906473,-24.386521882462148,-2.1103357596959427,-22.276186122766205,705.3000000000001,705.5832976147312,-7.006103836190077,-1.8241689033706816,-5.181934932819395,0,1
2454,5752312,3851938881,674.0,674.0,666.0,668.0,-12.0,10808,36.996251667436574,-23.63284710058042,-1.08532878225137,-22.54751831832905,699.35,702.7993496432697,-6.859225121912016,-1.3418321512740965,-5.5173929706379194,0,1
2454,3271540,2208574724,675.0,678.0,672.0,675.0,7.0,5551,40.03316732723249,-22.214636407076682,0.26630552900189386,-22.480941936078576,695.45,700.740138558583,-6.4335526079298475,-0.7329277098335423,-5.700624898096305,0,1
2454,3131678,2124964499,681.0,684.0,674.0,675.0,0.0,5877,40.03316732723249,-20.85034442319693,1.304478010305317,-22.154822433502247,691.75,698.8334616283177,-5.900800751947666,-0.16014068308108875,-5.740660068866577,0,1
2454,2224247,1506233758,681.0,681.0,674.0,677.0,2.0,4243,40.97591811874971,-19.38429977003534,2.2164181307735262,-21.600717900808867,688.5,697.2161681743682,-5.397231909328679,0.2747425276303197,-5.671974436958998,0,1
2454,3945608,2638535063,677.0,677.0,666.0,668.0,-9.0,9567,38.07507799653163,-18.732734303654752,2.2943868777232943,-21.027121181378046,684.0999999999999,695.0520075688595,-4.817230229626797,0.6837953658657616,-5.501025595492559,0,1
2454,3193160,2137741368,666.0,674.0,664.0,668.0,0.0,5049,38.07507799653163,-18.00877008579357,2.414680876467582,-20.423450962261153,679.6,693.0481551563514,-4.335520391097417,0.9324041635161135,-5.267924554613531,0,1
2454,5310815,3550676106,673.0,676.0,661.0,673.0,5.0,8930,40.776461920533215,-16.837473105010076,2.8687822858008616,-19.706255390810938,675.75,691.5631066262513,-3.453919991122461,1.451203650792856,-4.905123641915317,0,1
2454,3670003,2489853213,676.0,682.0,673.0,680.0,7.0,6123,44.4312657108834,-15.169505691518566,3.6293997594338983,-18.798905450952464,672.3500000000001,690.7065802094919,-2.687093779015808,1.7744238903196075,-4.461517669335415,1,0
2454,3837504,2620878344,688.0,688.0,680.0,680.0,0.0,5960,44.4312657108834,-13.689821755688854,4.08726695621089,-17.777088711899744,670.9000000000001,689.913500193974,-2.093469791025875,1.8944383026476324,-3.987908093673507,1,0
2454,8035289,5493373284,680.0,689.0,677.0,685.0,5.0,10159,47.13390615297779,-11.975655461170504,4.641146600583394,-16.616802061753898,670.75,689.5495372166425,-1.5372531418312563,1.9605239614738008,-3.497777103305057,1,0
2454,4642695,3200338709,690.0,694.0,685.0,689.0,4.0,8361,49.260002203895944,-10.177084655366457,5.1517739251099535,-15.32885858047641,671.45,689.5088307561505,-0.9461057611083106,2.041337073757397,-2.987442834865708,1,0
2454,5282896,3673257462,691.0,698.0,690.0,698.0,9.0,9546,53.765464489234986,-7.9340210934930155,5.915869989586717,-13.849891083079733,672.7,690.1378062556948,-0.38989659264282595,2.078036993778306,-2.4679335864211316,1,0
2454,4735362,3341857307,702.0,709.0,701.0,705.0,7.0,9084,56.966124800748666,-5.5278143587660225,6.657661379450969,-12.185475738216992,674.7,691.2387094960137,0.31818868494598435,2.228897817093693,-1.9107091321477085,1,0
2454,5482158,3928976662,710.0,722.0,708.0,716.0,11.0,11233,61.47896877923368,-2.702121739150698,7.586683199253036,-10.288804938403734,676.7,693.0728791629757,1.0045402951191762,2.332199541813508,-1.3276592466943318,1,0
2454,5846655,4135802176,713.0,713.0,701.0,711.0,-5.0,9900,58.47712637409793,-0.8563269888634295,7.545982359632244,-8.402309348495674,679.75,694.4008140397923,1.4357053682896288,2.2106916919871686,-0.7749863236975397,1,0
2454,4795371,3412320191,708.0,718.0,706.0,708.0,-3.0,6765,56.68860945875153,0.36025097206083956,7.010048256445211,-6.649797284384372,682.7,695.4081611479559,1.7014321883384222,1.9811348096287695,-0.27970262129034734,1,0
2454,11322817,8207870188,708.0,737.0,708.0,730.0,22.0,17632,65.11484813566805,3.064290673958112,7.7712703666739875,-4.706979692715875,686.1,697.9705195814406,2.144431259535509,1.9393071046606851,0.20512415487482394,1,0
2454,10781343,8063584735,755.0,758.0,738.0,738.0,8.0,16109,67.5845032054795,5.786096244687201,8.39446074992246,-2.60836450523526,689.75,700.9356662791117,2.624516758623262,1.9355140829987503,0.6890026756245116,1,0
2454,18933732,14459869753,759.0,773.0,757.0,763.0,25.0,27159,73.82149565468046,9.846928572242064,9.964234461981858,-0.11730588973979546,694.35,705.5330243325109,3.1532288167226494,1.9713809128785102,1.1818479038441392,0,0
2454,12616197,9562099509,757.0,767.0,748.0,759.0,-4.0,16745,71.45260365608287,12.59718833232364,10.171595377650748,2.425592954672892,698.3000000000001,709.4935410486212,3.6300135614631426,1.9585325260952027,1.67148103536794,0,0
2454,6475068,4868929695,755.0,761.0,748.0,748.0,-11.0,12824,65.25148295748633,13.730899673329645,9.044245374925403,4.6866542984042425,702.3000000000001,712.345871341316,3.8837462816177726,1.7698121969998661,2.1139340846179064,1,0
2454,6602831,4982214698,754.0,762.0,750.0,751.0,3.0,9224,66.11519770468645,14.701973804621161,8.012255604973536,6.6897181996476265,706.1,715.2091401308481,4.087894321042071,1.579168189139331,2.5087261319027396,1,0
2454,5479487,4171283712,757.0,767.0,757.0,759.0,8.0,7792,68.37280379658829,15.933419647603273,7.3949611583645165,8.538458489238756,710.3,718.4529075285631,4.365862573099409,1.4857091529573352,2.8801534201420735,1,0
2454,4539092,3442249836,760.0,764.0,752.0,757.0,-2.0,7935,67.16796186239512,16.557106052815925,6.4149180508617345,10.14218800195419,714.3,721.3082477116325,4.539421048803536,1.3274141029291702,3.212006945874366,1,0
2454,5460461,4177283567,759.0,769.0,756.0,768.0,11.0,8339,70.27091748381308,17.734557156013125,6.073895323247147,11.660661832765978,719.3,724.7668960292893,4.729864163365689,1.2142857739930584,3.5155783893726307,0,0
2454,7438271,5720311094,770.0,775.0,763.0,768.0,0.0,10465,70.27091748381308,18.45495836614191,5.435437226700744,13.019521139441165,724.3,727.9693481752679,4.840596928948162,1.0600148316604243,3.7805820972877373,0,0
2454,4669885,3571523667,768.0,770.0,761.0,764.0,-4.0,6631,67.57742342009445,18.48997403372266,4.376362315425196,14.113611718297465,728.85,730.6382853474703,4.916814412865537,0.9089858524622398,4.007828560403297,1,0
2454,3946889,3026933470,769.0,769.0,763.0,767.0,3.0,6807,68.55105016105668,18.54601224583041,3.545920422026356,15.000091823804055,733.2,733.3317456921021,5.084202085004012,0.8610988196805716,4.223103265323441,1,0
2454,7414411,5756670843,770.0,782.0,768.0,779.0,12.0,10937,72.15322324335376,19.33583121832703,3.468591515618378,15.867239702708652,738.1500000000001,736.714579344539,5.067609477732283,0.6756049699270736,4.3920045078052095,0,0
2454,5431002,4232561467,781.0,782.0,776.0,780.0,1.0,7425,72.43655507006683,19.814055983464527,3.157453024604699,16.65660295885983,742.9000000000001,739.920906800499,4.976558093626599,0.46764286865711124,4.5089152249694875,0,0
2454,8544438,6586645202,777.0,779.0,765.0,766.0,-14.0,16254,62.80248162845717,18.846123181410235,1.7516161780403259,17.09450700336991,746.75,741.8526914819435,4.46957741539539,-0.03147024765927764,4.501047663054668,1,0
2454,10727794,8094227601,760.0,765.0,751.0,751.0,-15.0,21009,54.44695766507792,16.676419439841652,-0.33447005082260617,17.01088949066426,749.4000000000001,742.5302698906884,3.9246495225125972,-0.4611185124336572,4.3857680349462544,1,0
2454,20318537,15909363580,769.0,793.0,764.0,785.0,34.0,26282,65.61424692331352,17.49871514727556,0.3902605252890403,17.10845462198652,753.4,745.6761758247114,3.7360062483728145,-0.5198094292587525,4.255815677631567,1,0
2454,28362644,20011729130,708.0,725.0,691.0,691.0,0.0,65729,37.9294794385125,10.444972865096702,-5.330785405511856,15.775758270608558,752.15,741.6260887265846,3.0001040799333865,-1.0045692781585442,4.004673358091931,0,1
2454,17552774,12120655715,689.0,696.0,683.0,693.0,2.0,26228,38.52382143736307,4.959049733872803,-8.653366829388604,13.612416563261407,751.25,738.024156228319,2.1868011857090828,-1.4542977379062787,3.6410989236153615,0,1
2454,4807895,3300325080,688.0,690.0,685.0,685.0,-8.0,11779,36.997762968792436,-0.0337282149080238,-10.916915822535545,10.883187607627521,750.1,734.0964409521473,1.3755265484424544,-1.8124579001383259,3.1879844485807802,0,1
2454,4722955,3225501069,680.0,688.0,680.0,681.0,-4.0,9347,36.22507213783797,-4.264152782016481,-12.117872311715203,7.853719529698721,747.65,730.1633712519882,0.4370220071796236,-2.2007699531209255,2.637791960300549,0,1
2454,6520526,4516514229,692.0,697.0,685.0,695.0,14.0,7311,40.87905110951345,-6.4131845336597735,-11.413523250686797,5.000338717027023,745.5,727.5586770851743,-0.37031255420268244,-2.406483611602585,2.0361710573999026,0,1
2454,5304709,3709769079,704.0,705.0,695.0,696.0,1.0,8091,41.2090719788277,-7.944042065190388,-10.355504625773928,2.4114625605835407,742.1500000000001,725.2209973010873,-1.090634598365359,-2.501444524612209,1.4108099262468503,0,1
2454,5442323,3747464516,692.0,692.0,686.0,688.0,-8.0,9006,39.31817432777147,-9.691078113367553,-9.682032539160875,-0.00904557420667789,738.6,722.4638863898957,-1.8386250282397634,-2.599547963589291,0.7609229353495276,0,1
2454,3088086,2141017531,692.0,698.0,690.0,691.0,3.0,6300,40.42219108721271,-10.710082674037722,-8.560829679864835,-2.149252994172887,735.75,720.1332281387923,-2.7312422803263665,-2.7937321725407154,0.06248989221434883,0,1
2454,3880537,2709906033,696.0,702.0,691.0,700.0,9.0,6626,43.72970843903134,-10.668447128419984,-6.815355307397677,-3.8530918210223066,733.2,718.6418779062892,-3.5956073025983843,-2.926477755850186,-0.6691295467481979,0,1
2454,3803541,2658944163,703.0,703.0,696.0,697.0,-3.0,8183,42.8752562602699,-10.75356518095964,-5.520378687949867,-5.233186493009773,730.1,717.0387758391566,-4.21112273361229,-2.8335945494912735,-1.3775281841210163,0,1
2454,4539581,3143104928,692.0,699.0,688.0,690.0,-7.0,10016,40.86864657518884,-11.25610992091572,-4.818338742324756,-6.437771178590963,726.75,715.0359035547747,-4.663031319910526,-2.6284025086316074,-2.0346288112789184,0,1
2454,4819527,3290322779,686.0,686.0,680.0,682.0,-8.0,13453,38.64277011314747,-12.159743436027497,-4.577577805949227,-7.58216563007827,722.45,712.5887995877544,-5.431520193775997,-2.7175131059976625,-2.7140070877783344,0,1
2454,6111018,4140939458,680.0,686.0,673.0,673.0,-9.0,19401,36.250749089171165,-13.447094555433978,-4.691943140284566,-8.755151415149411,717.7,709.6562959145874,-5.207617032531065,-1.994887955802184,-3.212729076728881,0,1
2454,3472971,2373320268,682.0,687.0,676.0,686.0,13.0,6472,41.850024192210704,-13.265422702485353,-3.6082170298687526,-9.6572056726166,713.8,707.9039776986921,-4.976206902651748,-1.4107822607382938,-3.5654246419134545,0,1
2454,4353464,2980969593,689.0,689.0,680.0,685.0,-1.0,7308,41.547719255597165,-13.051686376642465,-2.715584563220691,-10.336101813421774,709.7,706.2073867580482,-4.642204114963367,-0.86142357843993,-3.7807805365234373,0,1
2454,5685109,3901937367,692.0,693.0,680.0,680.0,-5.0,10157,39.99218580389155,-13.134352373470506,-2.2386004480389854,-10.89575192543152,704.75,704.2660988500446,-4.250900274539196,-0.3760957904126072,-3.874804484126589,0,1
2454,6182648,4283678268,686.0,698.0,685.0,692.0,12.0,8640,45.28664313837995,-12.092174993509957,-0.9571384544627488,-11.135036539047208,700.35,703.3574989352265,-3.9517701568901207,-0.0615725382108252,-3.8901976186792955,0,1
2454,4524171,3093727632,692.0,692.0,681.0,683.0,-9.0,11559,42.274095546611576,-11.855800408144773,-0.5766110952780519,-11.279189312866722,696.2,701.8495360511357,-3.6634677593271476,0.18138388748171863,-3.8448516468088663,0,1
2454,4934643,3365994070,680.0,686.0,678.0,683.0,0.0,9675,42.27409554661157,-11.535497808121931,-0.20504679620416688,-11.330451011917765,692.8000000000001,700.4532741214219,-3.2786293307335534,0.4529778528602506,-3.731607183593804,0,1
2454,6475653,4500608421,690.0,699.0,689.0,696.0,13.0,9525,48.061974400988696,-10.116052776102606,0.9715185886521276,-11.087571364754734,688.3500000000001,700.1234019642795,-2.862190812720848,0.695533096698365,-3.557723909419213,1,0
2454,2629394,1820754106,697.0,697.0,689.0,692.0,-4.0,7055,46.51651645356817,-9.20775763390975,1.5038509846759869,-10.711608618585737,688.4000000000001,699.521668485444,-2.559133915574962,0.7988719950754009,-3.358005910650363,1,0
2454,11982886,8058873925,677.0,683.0,652.0,682.0,-10.0,25941,42.810317530326806,-9.188919472545876,1.2181513168318894,-10.407070789377766,687.8500000000001,698.2237671161519,-2.2188077338162624,0.9113585414672807,-3.130166275283543,0,1
2454,7662267,5203894459,679.0,690.0,673.0,675.0,-7.0,14516,40.38470630331814,-9.627847756690585,0.6233784261497455,-10.25122618284033,687.3500000000001,696.503488070511,-1.8315119402436102,1.0389234680319464,-2.8704354082755565,0,1
2454,7473142,5014321171,675.0,679.0,665.0,665.0,-10.0,23685,37.146686716400836,-10.659739172966965,-0.3268103921013079,-10.332928780865657,686.55,694.1698963615843,-1.4856339383175354,1.1078411759664168,-2.5934751142839523,0,1
2454,7778681,5120489517,665.0,670.0,654.0,655.0,-10.0,31645,34.194126647747474,-12.144443397423288,-1.449211693246104,-10.695231704177184,684.55,691.2684225570225,-1.1755296393430406,1.1343563799527294,-2.30988601929577,0,1
2454,4857149,3194902005,658.0,661.0,654.0,658.0,3.0,9381,35.841672947081825,-12.929958748237482,-1.787781635248237,-11.142177112989245,682.65,688.804094960206,-0.8111348394590009,1.1990009438694154,-2.0101357833284164,0,1
2454,4310361,2845151777,660.0,666.0,655.0,658.0,0.0,7692,35.841672947081825,-13.398041045904051,-1.8046911463318445,-11.593349899572207,681.15,686.522310148339,-0.9562149278381622,0.8431366843922035,-1.7993516122303657,0,1
2454,17202994,11887601735,691.0,698.0,684.0,690.0,32.0,20590,51.013755760219745,-11.059381409649632,0.42717479193806085,-11.486556201587693,681.1,686.7799168040176,-0.8174719375305083,0.785503739759886,-1.6029756772903943,1,0
2454,14701465,10393991697,700.0,715.0,695.0,713.0,23.0,24975,58.59303803761478,-7.266307547516931,3.3761989232566094,-10.64250647077354,681.75,688.7221451889052,-0.7177930207279214,0.7081461252499784,-1.4259391459778998,1,0
2454,9248789,6575616534,712.0,720.0,704.0,709.0,-4.0,14747,56.94293661924501,-4.53080742707084,4.889359234962161,-9.420166662033001,682.35,690.2242085082455,-0.5576138617566869,0.6946602273769703,-1.2522740891336572,1,0
2454,7295888,5138768846,710.0,711.0,699.0,706.0,-3.0,9436,55.6765027534544,-2.575292433250411,5.475899383026073,-8.051191816276484,683.1500000000001,691.3927856557829,-0.33941093969144714,0.7302905195537681,-1.0697014592452152,1,0
2454,5595685,3951754578,709.0,712.0,703.0,706.0,0.0,5678,55.67650275345441,-1.0138457294509635,5.629876869460417,-6.64372259891138,684.35,692.4748015331322,-0.2738061863377518,0.6367162183259708,-0.9105224046637226,1,0
2454,5805650,4031912974,705.0,705.0,690.0,690.0,-16.0,13125,48.94354115000218,-1.0552895287025876,4.470746456167035,-5.5260359848696226,685.2,692.2914829010483,-0.30928220365908404,0.48099216080371093,-0.790274364462795,1,0
2454,3247603,2265532667,689.0,702.0,686.0,701.0,11.0,4922,53.13920980690386,-0.19824077280350139,4.262236169652897,-4.460476942456398,685.95,692.9365582417114,-0.13447638258532246,0.524638385501978,-0.6591147680873005,1,0
2454,4544788,3158102399,702.0,703.0,688.0,693.0,-8.0,8516,49.92585980748666,-0.16268131136916963,3.438236504869783,-3.600917816238953,686.3500000000001,692.9412576312143,0.12331838565021912,0.6259465229900157,-0.5026281373397966,1,0
2454,5202231,3539258825,688.0,689.0,675.0,679.0,-14.0,16950,44.81821986597014,-1.2497765331926303,1.8809130264370584,-3.1306895596296886,686.3,691.9085718807539,0.39464332472971386,0.7178171696556084,-0.3231738449258945,0,1
2454,3774054,2529763269,672.0,673.0,666.0,672.0,-7.0,10963,42.478220579065166,-2.6456514046134316,0.388030524013006,-3.0336819286264376,685.3,690.43386285255,0.7030255373324146,0.8209595058066472,-0.11793396847423271,0,1
2454,2827119,1924022667,682.0,684.0,676.0,678.0,6.0,4985,45.12299953793964,-3.2305032109446756,-0.15745702585459043,-3.073046185090085,685.0500000000001,689.5128359745833,0.969101123595485,0.8696280736557741,0.09947304993971082,0,1
2454,6070735,4187226900,698.0,698.0,683.0,689.0,11.0,7762,49.6900621704186,-2.774412709227704,0.23890678068990523,-3.0133194899176092,685.35,689.4748481246141,1.255425834455901,0.9247622276129521,0.3306636068429489,1,0
2454,4930026,3330214464,680.0,681.0,673.0,674.0,-15.0,13198,44.278498805282545,-3.5820408037886864,-0.4549770510968614,-3.127063752691825,684.25,688.3285630783464,1.1289597843181385,0.6386369419801516,0.49032284233798684,0,1
2454,3292501,2218441454,670.0,679.0,669.0,674.0,0.0,5772,44.278498805282545,-4.173976880110899,-0.8375305019352592,-3.33644637817564,683.35,687.2671880355059,0.7165739335693864,0.18100087298511958,0.5355730605842668,0,1
2454,2756277,1845868466,678.0,679.0,667.0,669.0,-5.0,5450,42.48960715997777,-4.989038172043024,-1.3220734350939072,-3.666964736949117,682.7,685.9140629958388,0.2914932703482893,-0.19526383218878202,0.48675710253707133,0,1
2454,3767273,2543062818,675.0,682.0,668.0,672.0,3.0,5631,43.95273247790639,-5.33144758114031,-1.331586275352954,-3.999861305787356,682.5500000000001,684.8833916628137,-0.010321660473686597,-0.39766301040860635,0.38734134993491975,0,1
2454,2124750,1427851493,672.0,676.0,670.0,671.0,-1.0,3835,43.55495863098452,-5.618731903582557,-1.29509647823616,-4.323635425346397,682.8500000000001,683.854992280383,-0.3699530516432044,-0.6058355212624993,0.23588246961929493,0,1
2454,6428618,4426048032,682.0,692.0,680.0,691.0,20.0,8416,52.76264639486704,-4.18433948494237,0.11143675232322092,-4.295776237265591,684.6500000000001,684.3842521114658,-0.40263543191800877,-0.5108143212298429,0.1081788893118342,1,0
2454,5811245,4025113887,692.0,695.0,687.0,694.0,3.0,7410,53.97544946183842,-2.7735267411650284,1.2177995968804503,-3.9913263380454786,686.45,685.0965297328387,-0.47683412179920703,-0.468010408888833,-0.008823712910374046,1,0
2454,6133086,4316285594,700.0,709.0,698.0,701.0,7.0,9647,56.76480345696685,-1.0781774206424188,2.330519133922448,-3.408696554564867,688.6,686.2745645674432,-0.4296838352566107,-0.33668809787698933,-0.09299573737962137,1,0
2454,5358981,3794022630,714.0,716.0,702.0,710.0,9.0,8187,60.112030414916184,0.9803233566403833,3.5112159289642,-2.530892572323817,689.6,688.0320042291141,-0.208883643380356,-0.0927103248005877,-0.1161733185797683,1,0
2454,4407859,3116618557,714.0,715.0,702.0,709.0,-1.0,7479,59.56027501607071,2.5021650099914723,4.026446065852231,-1.5242810558607591,689.4000000000001,689.5851891010316,0.05048521904975088,0.13332683010361535,-0.08284161105386446,1,0
2454,6359299,4497912808,705.0,714.0,704.0,705.0,-4.0,5942,57.294871258614656,3.346888071619901,3.896935301984528,-0.5500472303646271,689.2,690.7270269453996,0.15391503889852165,0.1894053199619089,-0.035490281063387245,1,0
2454,3098361,2194233690,707.0,712.0,701.0,710.0,5.0,5086,59.37493975517519,4.369427358404323,3.93557967101516,0.4338476873891629,689.4000000000001,692.1546545790737,0.10043521928355194,0.10874040027755134,-0.00830518099399941,1,0
2454,2522028,1790655792,713.0,713.0,705.0,711.0,1.0,5126,59.796708017267115,5.200540163054143,3.813353980531984,1.3871861825221588,689.6500000000001,693.550606091735,0.2512749188687934,0.20766407989023422,0.04361083897855915,1,0
2454,5279205,3777301172,712.0,718.0,711.0,718.0,7.0,10046,62.714800630042596,6.350836062274993,3.9709199038022676,2.3799161584727258,691.05,695.3616723071619,0.44635431106181916,0.322194777666608,0.12415953339521116,1,0
2454,3242836,2316021848,721.0,722.0,712.0,712.0,-6.0,5168,58.776753212451894,6.70105836437358,3.4569137647206833,3.2441445996528966,691.5999999999999,696.59414102515,0.839932805375559,0.5726186175842782,0.26731418779128074,1,0
2454,3316214,2370553657,709.0,718.0,708.0,717.0,5.0,5156,60.97586649268564,7.297944118275723,3.2430396148982608,4.054904503377462,692.8,698.1056861343981,1.3574368344314478,0.8720981173121336,0.48533871711931414,1,0
2454,4521206,3191658625,705.0,710.0,701.0,709.0,-8.0,7898,55.84279600683393,7.044245559443766,2.391472844853043,4.652772714590723,694.3,698.9126723466649,1.8132993743425008,1.0623685257785493,0.7509308485639515,1,0
2454,2183539,1555111730,715.0,715.0,708.0,714.0,5.0,3750,58.21062236832943,7.1640629784848215,2.0090322111152785,5.155030767369543,696.4,700.0302521728379,2.0440164554393134,1.0344684855002895,1.009547969939024,1,0
2454,7009423,5054812986,710.0,729.0,709.0,728.0,14.0,13900,64.02717364502038,8.293104398206651,2.5104589046696866,5.782645493536965,698.9000000000001,702.1020853452203,2.327123984301576,1.0540608114900416,1.2730631728115345,1,0
2454,9660616,7101607140,739.0,744.0,729.0,732.0,4.0,12945,65.50450748793439,9.402261015957833,2.8956924179366945,6.506568598021139,701.05,704.3167456900188,2.4605231713818188,0.9499679988562273,1.5105551725255915,1,0
2454,5768123,4216460010,735.0,735.0,725.0,733.0,1.0,9076,65.88174561544852,10.243882172133794,2.989850859290124,7.25403131284367,704.0,706.4414311944619,2.5543627855766533,0.8350460904408494,1.7193166951358039,1,0
2454,17615207,13290100894,741.0,763.0,737.0,763.0,30.0,28624,74.78908161681623,13.179694962047847,4.740530919363341,8.439164042684506,708.45,710.630954809687,2.802303262955859,0.8663892542560441,1.935914008699815,0,0
2454,12668690,9868737755,751.0,792.0,750.0,782.0,19.0,23002,78.5997183592085,16.84530674945006,6.724914165412443,10.120392584037617,714.1,715.9175507497101,3.1346566328570753,0.9589940993258081,2.175662533531267,0,0
2454,6470728,5000886964,782.0,782.0,764.0,773.0,-9.0,11800,72.9731263034986,18.807306790868324,6.949531365464566,11.857775425403759,719.1500000000001,720.1458803238057,3.3100131966664743,0.9074805305081655,2.402532666158309,0,0
2454,5579484,4230842020,765.0,766.0,751.0,759.0,-14.0,11814,65.15918263138248,19.013348911171875,5.724458788614493,13.288890122557381,723.5500000000001,723.0239632627831,3.4197264218862338,0.8137550045823398,2.605971417303894,1,0
2454,5238125,3925948016,752.0,762.0,744.0,746.0,-13.0,11237,58.8568104453825,17.92106454490056,3.7057395378745426,14.215325007026017,726.3000000000001,724.7258919099844,3.4289713086074176,0.6583999130428189,2.7705713955645987,1,0
2454,7898746,5831361888,735.0,748.0,728.0,746.0,0.0,11960,58.85681044538249,16.861057539475496,2.116586025959583,14.744471513515913,728.9000000000001,726.3017517685041,3.424669776752979,0.5232787049507039,2.901391071802275,1,0
2454,4731685,3575077564,741.0,762.0,741.0,755.0,9.0,6826,61.82173173248911,16.556367634490243,1.449516896779464,15.10685073771078,731.6,728.4275479338002,3.4169781099839702,0.4124696305453561,3.004508479438614,1,0
2454,3992725,2957669856,748.0,755.0,736.0,737.0,-18.0,11763,53.51541001896168,14.693076482328252,-0.33101940430602284,15.024095886634274,732.95,729.0625443831483,3.365606270170575,0.28887823258556855,3.0767280375850063,1,0
2454,3938690,2882112327,728.0,737.0,728.0,737.0,0.0,7050,53.515410018961674,13.0657905200095,-1.5666442932998201,14.63243481330932,734.35,729.6505040584707,3.273604410751206,0.15750109853295946,3.1161033122182467,1,0
2454,4663792,3426158618,739.0,741.0,730.0,735.0,-2.0,5288,52.60461986815288,11.482409318534565,-2.520020395819806,14.00242971435437,735.85,730.0467630171025,3.0045261619203356,-0.08926172023832901,3.0937878821586646,0,1
2454,3984135,2963606586,747.0,748.0,740.0,745.0,10.0,5116,56.58340021674487,10.908735621441338,-2.474955274330428,13.383690895771766,737.6,731.1544102010208,2.859877421280892,-0.1871283687022185,3.0470057899831104,1,0
2454,10858690,8412345746,767.0,784.0,766.0,772.0,27.0,17368,65.10191682306936,12.488806250539938,-0.7159077161854626,13.2047139667254,740.65,734.1800094453896,2.8822778389911647,-0.13178236079355665,3.0140601997847214,1,0
2454,8115420,6289880396,771.0,783.0,764.0,780.0,8.0,12101,67.158035596316,14.222607384442881,0.8143147341739834,13.408292650268898,743.75,737.5740828198052,2.6500505103284784,-0.2912077515649947,2.941258261893473,1,0
2454,6094736,4776226228,783.0,786.0,776.0,786.0,6.0,10710,68.64990705181918,15.897550069017143,1.9914059349985962,13.906144134018547,747.45,741.1611877961159,2.28912945421739,-0.5217030461408667,2.8108325003582566,1,0
2454,3120332,2453114600,790.0,790.0,781.0,786.0,0.0,6465,68.64990705181918,17.028658439335686,2.498011444253711,14.530646995081975,750.9000000000001,744.4825812926999,2.0268518998496563,-0.6271844804068802,2.6540363802565365,1,0
2454,14131456,11419057143,790.0,816.0,790.0,814.0,28.0,23063,74.83647634441316,19.95441390395183,4.339013527095885,15.615400376855947,756.1500000000001,749.6320197154629,2.0678694158075452,-0.46893357155919313,2.5368029873667384,0,0
2454,7541921,6127982884,817.0,819.0,805.0,815.0,1.0,10182,75.0260270207344,22.09904381037245,5.186914746813201,16.91212906355925,761.2,754.4740923291323,2.2848842177219355,-0.2015350157158422,2.4864192334377777,0,0
2454,10447476,8708648285,820.0,842.0,818.0,842.0,27.0,21252,79.51323090563089,25.681314605313105,7.015348433403084,18.66596617191002,766.9000000000001,760.9574928973448,2.6617776872411048,0.14028676304266163,2.521490924198443,0,0
2454,5985812,5027107296,838.0,849.0,832.0,840.0,-2.0,10897,78.38966669174718,28.03572830955079,7.4958097101126135,20.539918599438177,772.3000000000002,766.8124934234673,2.959982454364474,0.35079322413282465,2.6091892302316495,0,0
2454,8686799,7270589119,845.0,854.0,820.0,825.0,-15.0,24047,70.35945638124265,28.364277755212242,6.259487324619251,22.104790430592992,776.9000000000001,771.122679095803,3.3340043279150593,0.5798520781467276,2.7541522497683317,0,0
2454,7906890,6428956499,800.0,822.0,800.0,813.0,-12.0,11466,64.65342315592173,27.341183699759426,4.189114615333146,23.15206908442628,779.4000000000001,774.2247028664843,3.6618754277891763,0.7261785424166756,2.9356968853725007,1,0
2454,7862713,6526116271,811.0,838.0,811.0,830.0,17.0,10621,68.54522534293687,27.584159198196517,3.5456720910161863,24.03848710718033,781.8000000000001,778.3562063578559,4.0621266427718,0.9011438059194394,3.160982836852361,1,0
2454,8706294,7196195716,831.0,837.0,812.0,828.0,-2.0,9166,67.60218582274686,27.300631065083735,2.6097151663227223,24.690915898761013,784.5500000000002,782.0335244054221,4.36507936507936,0.9632772225815991,3.401802142497761,1,0
2454,5392858,4423551151,825.0,829.0,816.0,821.0,-7.0,6999,64.26938356477271,26.208970777715308,1.2144439031634349,24.994526874551873,787.6500000000001,784.9199300050204,4.409953190440978,0.8065208383545737,3.6034323520864047,1,0
2454,5162297,4198669990,821.0,823.0,804.0,816.0,-5.0,8898,61.92113344368329,24.65614325025888,-0.27070689943439774,24.926850149693276,791.15,787.2221574120559,4.362333774964401,0.6071211383023964,3.755212636662004,1,0
2454,6590507,5423652068,818.0,832.0,816.0,822.0,6.0,8185,63.63806557279243,23.637191275753025,-1.031727099152203,24.66891837490523,794.95,789.7982939000518,4.289622825874529,0.42752815137001976,3.8620946745045095,1,0
2454,5768583,4702033952,815.0,817.0,811.0,817.0,-5.0,7126,61.16313900198061,22.17063697919434,-1.9986251165687108,24.169262095763052,798.05,791.8132350926405,4.342494233830342,0.3843196474606656,3.9581745863696765,1,0
2454,7422025,5983780231,824.0,824.0,800.0,801.0,-16.0,13768,53.934644857249964,19.492617094663274,-3.7413160008798236,23.233933095543097,801.25,792.4937361968894,4.108855459812067,0.12054469875391227,3.9883107610581545,0,1
2454,16750720,14151297863,819.0,864.0,818.0,857.0,56.0,25868,68.13105373373403,21.639551748154076,-1.275505077911216,22.915056826065292,807.25,797.2719779600827,4.126060606060613,0.11019987600196668,4.015860730058646,1,0
2454,12015011,10190091698,860.0,861.0,834.0,842.0,-15.0,15665,62.5688115220742,21.878437282961386,-0.8292956344831275,22.707732917444513,812.6,800.5851647778544,3.7087116090399856,-0.24571929681492888,3.9544309058549145,1,0
2454,6970553,5891819996,854.0,856.0,832.0,846.0,4.0,9019,63.426297706956454,22.135359712990294,-0.45789856356337566,22.59325827655367,817.6500000000001,803.9492266461615,3.2727797001153314,-0.5453209645916668,3.818100664706998,1,0
2454,10079016,8749273451,863.0,877.0,855.0,868.0,22.0,16158,67.79598986837071,23.83938315859143,0.9968999056302081,22.842483252961223,822.45,808.6937283760755,3.115942028985498,-0.5617269085772003,3.6776689375626983,1,0
2454,5808935,5051786196,872.0,876.0,864.0,870.0,2.0,8826,68.16832448432169,25.062314540089915,1.7758650297029526,23.286449510386962,826.95,813.2349336815513,3.139304664607565,-0.43069141836410685,3.569996082971672,1,0
2454,7492650,6620945849,879.0,890.0,873.0,882.0,12.0,12011,70.38105715072197,26.6921061975022,2.724525349692186,23.967580847810012,831.75,818.3286422977327,2.965235173824112,-0.48380872731804825,3.44904390114216,0,0
2454,7289254,6483453992,890.0,899.0,879.0,888.0,6.0,12458,71.44970528453086,28.143457425417864,3.340701262086281,24.802756163331583,836.8500000000001,823.4894836090117,2.845852271839794,-0.4825533034418932,3.3284055752816872,0,0
2454,9834316,8929972964,898.0,916.0,895.0,914.0,26.0,20422,75.56405414327128,31.033906878338485,4.984920572005521,26.048986306332964,841.8500000000001,830.1939663046404,2.926734820322171,-0.3213366039676133,3.248071424289784,0,0
2454,6965311,6304354543,913.0,913.0,899.0,905.0,-9.0,12204,71.71163117527826,32.22689255366549,4.942324997866024,27.28456755579947,846.35,835.7351539857782,3.056580565805639,-0.15319268678731612,3.209773252592955,0,0
2454,7983550,7111530507,900.0,904.0,884.0,884.0,-21.0,18990,63.567989477787854,31.11909623030442,3.067622939603961,28.05147329070046,848.45,839.3103277646095,3.1433553597650334,-0.0531343142623375,3.196489674027371,1,0
2454,9776090,8937264362,909.0,925.0,905.0,906.0,22.0,12956,67.70555556308193,31.651516817639163,2.880034821550961,28.771481996088202,851.75,844.2503034857496,3.4302095689995866,0.1869759159777722,3.2432336530218144,1,0
2454,4874889,4426154989,916.0,917.0,902.0,905.0,-1.0,7906,67.3312378266648,31.628182328312846,2.2853602657797154,29.34282206253313,855.75,848.7502810053237,3.894208225560032,0.5207796580305737,3.373428567529458,1,0
2454,8644081,7873232495,925.0,925.0,900.0,908.0,3.0,12797,67.9045167264388,31.488781434073644,1.7167674972324107,29.772013936841233,860.5,853.1391490790035,3.8208703762203307,0.3579534469526977,3.462916929267633,1,0
2454,8055932,7233028077,914.0,914.0,891.0,893.0,-15.0,15230,62.0421275231916,29.824136500591862,0.041698051000501835,29.78243844959136,863.6500000000001,856.091804702781,3.9489462481637863,0.3888234551169223,3.560122793046864,1,0
2454,4982028,4484268169,896.0,905.0,893.0,904.0,11.0,7695,64.46493658523535,29.057544185179154,-0.5799154115297682,29.637459596708922,867.45,859.6405599099825,4.0974306146519055,0.42984625728403314,3.6675843573678724,1,0
2454,7092656,6472936322,920.0,924.0,904.0,912.0,8.0,9815,66.15682015903265,28.763974203756902,-0.698788314361618,29.46276251811852,872.0,863.5190369536875,4.197734815674698,0.4241203666454605,3.7736144490292376,1,0
2454,9993957,9260452191,922.0,934.0,915.0,926.0,14.0,17737,68.9435090997659,29.32298377154575,-0.1118229972582192,29.43480676880397,877.5,868.1472564385996,4.338833785526836,0.45217546919807816,3.8866583163287576,1,0
2454,6698496,6278262700,928.0,942.0,925.0,942.0,16.0,13145,71.80125579167864,30.703142449767256,1.014668544770629,29.688473904996627,883.5,873.6178300357403,4.373893805309728,0.3897883911847764,3.9841054141249517,0,0
2454,5460045,5121695328,951.0,951.0,929.0,930.0,-12.0,10785,66.83401890654304,30.47730503299192,0.6310649023962327,29.84624013059569,889.1500000000001,877.7942870701299,4.236915085618693,0.2022477371949929,4.0346673484237,1,0
2454,4669666,4404099015,935.0,950.0,932.0,945.0,15.0,9720,69.65954675687563,31.14962836705115,1.0427105891643684,30.106917777886782,896.35,882.7724880278981,4.006073347348737,-0.0228752008599713,4.028948548208708,1,0
2454,6360969,5983434367,946.0,951.0,931.0,931.0,-14.0,9994,64.16506376097075,30.2045867812908,0.07813520272321384,30.126451578567586,900.0500000000001,886.3448963221279,3.7846086766950178,-0.1954718972109526,3.9800805739059704,1,0
2454,5755130,5385881213,929.0,942.0,925.0,942.0,11.0,8131,66.40710189361964,29.997450646791435,-0.10320074542092073,30.100651392212356,905.0500000000001,890.4674965945628,3.7849872773536872,-0.15607463724182669,3.941061914595514,1,0
2454,5410850,5106200641,941.0,949.0,936.0,948.0,6.0,7406,67.59793869284,29.97194569073872,-0.1029645611789114,30.074910251917633,910.1500000000001,894.7291635134841,3.5866252659421494,-0.28354931892269164,3.870174584864841,1,0
2454,7863209,7428850143,949.0,953.0,939.0,945.0,-3.0,7856,66.33180010442322,29.371086301344235,-0.563059160458721,29.934145461802956,914.0000000000001,898.452929179152,3.411837044027849,-0.36667003266959375,3.778507076697443,1,0
2454,3529034,3331470185,942.0,947.0,938.0,947.0,2.0,5430,66.77854527077497,28.72515844582051,-0.9671896127859583,29.69234805860647,917.8500000000001,902.0490084992148,3.19881119974972,-0.4637567015581787,3.6625679013078987,1,0
2454,5265906,4928215841,945.0,946.0,930.0,933.0,-14.0,12031,60.70620915622362,26.774928263335255,-2.3339358362169733,29.10886409955223,920.4000000000001,904.3416745363099,2.9885886395452386,-0.5391834094101284,3.527772048955367,1,0
2454,5372126,4971556739,925.0,933.0,921.0,929.0,-4.0,10932,59.05392678652249,24.622754436449895,-3.5888877304818685,28.211642166931764,922.45,906.1682171632499,2.9040671036864545,-0.49896395621513,3.4030310599015845,1,0
2454,3170413,2944814959,925.0,933.0,925.0,927.0,-2.0,5388,58.20095250842182,22.49643301155163,-4.572167324304107,27.068600335855738,923.1000000000001,907.7113121881944,2.672425902514385,-0.5844841259097597,3.256910028424145,1,0
2454,3086422,2884241837,933.0,943.0,927.0,931.0,4.0,5037,59.46209211255156,20.8932303793772,-4.94029596518283,25.83352634456003,924.4000000000001,909.436400174254,2.3514591643921907,-0.7243606912255633,3.075819855617754,1,0
2454,5198667,4898086203,941.0,946.0,937.0,943.0,12.0,7305,63.06263983230618,20.35632540682593,-4.381760750187279,24.73808615701321,927.3500000000001,911.9225927539389,2.0392074787219028,-0.829289901516681,2.868497380238584,1,0
2454,5744574,5392243514,942.0,944.0,932.0,941.0,-2.0,7747,62.07307571739114,19.544148286943027,-4.155150296056149,23.699298582999177,929.1,914.0764747721657,1.8363173490254854,-0.825744024970479,2.6620613739959644,1,0
2454,4720019,4442843877,950.0,950.0,935.0,939.0,-2.0,6770,61.04154540432726,18.525557685474155,-4.13899271802002,22.664550403494175,930.8000000000001,915.9226618260794,1.5405112832042567,-0.8972400726333662,2.437751355837623,1,0
2454,6227011,5917664618,944.0,955.0,939.0,955.0,16.0,10682,65.92069495629184,18.792752425799335,-3.0974383821558718,21.890190807955207,933.1500000000001,918.8172794685921,1.4739464396927586,-0.7710439329158916,2.24499037260865,1,0
2454,6861135,6607614587,961.0,969.0,953.0,966.0,11.0,11144,68.81256914499355,19.66542349100223,-1.7798138535623842,21.445237344564614,936.8000000000001,922.312295804252,1.4707710154534446,-0.6193754857241645,2.090146501177609,1,0
2454,12593164,12463941697,975.0,998.0,971.0,996.0,30.0,19497,75.03469503287543,22.518195140480316,0.8583662367325608,21.659828903747755,941.4000000000001,927.7706442631963,1.5189037477298784,-0.4569942027581846,1.975897950488063,0,0
2454,4945844,4894059697,995.0,997.0,981.0,989.0,-7.0,9332,71.45258747131598,23.938250476789563,1.8227372584334454,22.115513218356117,945.25,932.3061520955522,1.4726229126426253,-0.40262003027635007,1.8752429429189754,0,0
2454,5132438,5059593551,977.0,994.0,977.0,992.0,3.0,8525,72.06802786730846,25.01734510806557,2.3214655117675598,22.69587959629801,948.5500000000002,936.7279186069928,1.5145310345768916,-0.2885695266736672,1.8031005612505588,0,0
2454,6529930,6440079225,993.0,995.0,983.0,983.0,-9.0,9439,67.3752946669312,24.85974295185099,1.731090684442382,23.128652267408608,950.6000000000001,940.15548019166,1.6335333578261155,-0.13565376273955487,1.7691871205656704,1,0
2454,4676270,4562342050,972.0,983.0,972.0,976.0,-7.0,10425,63.89063290263281,23.894559006647455,0.6127253913910771,23.281833615256378,952.9000000000001,942.8106298070926,1.7667412985955433,-0.001956657576101861,1.7686979561716452,1,0
2454,3389702,3344436145,980.0,990.0,979.0,990.0,14.0,5936,67.50993782851704,23.982867209047527,0.560826875032916,23.42204033401461,955.1500000000001,946.306138710271,1.919957829859678,0.12100789895042618,1.7989499309092518,1,0
2454,3423982,3403659385,991.0,998.0,987.0,995.0,5.0,6827,68.71595863643775,24.177605917947403,0.6044524671462312,23.573153450801172,958.35,949.913091398399,2.1054686973969274,0.2452150131901405,1.860253684206787,1,0
2454,3482709,3484499316,999.0,1005.0,995.0,1000.0,5.0,9289,69.91846913276954,24.453511106766996,0.7042861247726577,23.749224981994338,961.25,953.6232327762954,2.2409189109402283,0.304532181386753,1.9363867295534753,1,0
2454,8968047,9314288250,1010.0,1050.0,1010.0,1040.0,40.0,17974,77.4020536531715,27.581886840380434,3.066129486708874,24.51575735367156,965.85,960.0215118299031,2.6334067989046797,0.5576160554809633,2.0757907434237164,0,0
2454,5646158,5832760119,1045.0,1055.0,1025.0,1025.0,-15.0,9573,70.33560936252883,28.52198877594219,3.2049851378165037,25.317003638125687,969.8500000000001,964.8347331758363,3.0373831775700935,0.7692739473171013,2.268109230252992,0,0
2454,5190939,5276242225,1025.0,1030.0,1010.0,1015.0,-10.0,9454,66.00902479605224,28.135778169605146,2.2550196251835644,25.88075854442158,973.2500000000001,968.5506788665151,3.2062253711738062,0.7504929127366511,2.455732458437155,1,0
2454,10668557,10539569604,1010.0,1015.0,980.0,981.0,-34.0,33320,53.87463632615332,24.800305151311363,-0.8643627144881769,25.66466786579954,975.6500000000001,969.4728508023288,3.1877260622441237,0.5855948830455748,2.602131179198549,1,0
2454,13403900,12879381226,976.0,977.0,953.0,953.0,-28.0,36634,46.32249186022148,19.6708000212941,-4.795094275604356,24.465894296898455,976.85,968.252639631786,2.727585613491626,0.10036354743446152,2.6272220660571644,0,1
2454,9628243,8961976323,940.0,947.0,922.0,928.0,0.0,26322,40.8203774772771,13.43348631519757,-8.82592638536071,22.25941270055828,976.9000000000001,965.2709626220241,2.259572720891095,-0.2941194761328556,2.553692197023951,0,1
2454,5851876,5418281372,929.0,935.0,921.0,921.0,-7.0,14629,39.40889756540142,7.8352093509886345,-11.539362679655717,19.37457203064435,976.4000000000001,961.9916320574297,1.7574913815963678,-0.6369606523420663,2.394452033938434,0,1
2454,6035931,5581861138,930.0,936.0,918.0,920.0,-1.0,13205,39.200364735695,3.2800327055144862,-12.875631460103893,16.15566416561838,975.2500000000001,958.8811407939164,1.3152830313889292,-0.8633352020396039,2.178618233428533,0,1
2454,5893697,5489896904,938.0,940.0,926.0,928.0,8.0,9566,41.85127494591829,0.31195946241632555,-12.674963762561644,12.98692322497797,974.6000000000001,956.5936488832559,0.9775794283285423,-0.9608310440799929,1.9384104724085351,0,1
2454,4380442,4054858477,935.0,935.0,922.0,924.0,-4.0,8327,40.89125734320483,-2.336097459810617,-12.258416547830869,9.922319088020252,973.8500000000001,954.1793045215333,0.4437889477950055,-1.1956972196908238,1.6394861674858292,0,1
2454,7008030,6482779978,932.0,937.0,920.0,920.0,-4.0,11674,39.905460299273784,-4.703252057454847,-11.70045691638008,6.997204858925233,972.1000000000001,951.6475041866048,-0.16814206342877375,-1.4461025847316824,1.2779605213029086,0,1
2454,4936513,4561920934,920.0,929.0,916.0,926.0,6.0,9685,42.1580191519611,-6.025629567775013,-10.418267541360198,4.392637973585184,970.1000000000001,949.7476890616712,-0.8035251425609241,-1.6651885310910663,0.8616633885301421,0,1
2454,4413758,4080345389,935.0,935.0,919.0,922.0,-4.0,9604,41.05322383398236,-7.312100499589633,-9.363790778539853,2.0516902789502205,966.4000000000001,947.6923046867325,-1.787803840221284,-2.1195737830011407,0.33176994277985694,0,1
2454,11367477,10254923229,915.0,917.0,895.0,895.0,-27.0,37490,34.484080541296926,-10.390536694035973,-9.953781578388956,-0.43675511564701797,961.7,943.7891710062338,-2.7251532107647365,-2.4455385228356747,-0.2796146879290617,0,1
2454,12081845,10707584168,890.0,903.0,879.0,879.0,-16.0,30859,31.28891827379919,-13.96035950513749,-10.818883511592377,-3.141475993545112,956.0500000000001,938.9899731539202,-3.6641557817132764,-2.7076328750273717,-0.9565229066859047,0,1
2454,6915744,6173380276,884.0,897.0,884.0,897.0,18.0,11614,38.22370819928047,-15.162239377024548,-9.616610706783549,-5.545628670240999,951.75,935.8796047721484,-4.232220260073855,-2.6205578827103597,-1.6116623773634948,0,1
2454,9409813,8600857759,920.0,920.0,907.0,920.0,23.0,13964,45.757082992447245,-14.09633626380753,-6.840566074853224,-7.255770188954306,948.9499999999999,934.7033377519892,-4.384871990675616,-2.2185676906496967,-2.166304300025919,0,1
2454,9745086,9050768641,928.0,943.0,920.0,922.0,2.0,15392,46.36952674839449,-12.941040818821989,-4.548216503894146,-8.392824314927843,945.55,933.7623497703604,-4.267826227000035,-1.6812175415792927,-2.5866086854207424,0,1
2454,6388646,5841194585,918.0,922.0,909.0,911.0,-11.0,14619,43.46290011011132,-12.76591144376141,-3.4984697030668546,-9.267441740694556,941.3500000000001,932.0762497873708,-4.026610644257707,-1.152001567069572,-2.8746090771881354,0,1
2454,8378719,7791599313,916.0,936.0,915.0,936.0,25.0,13468,50.98317581176507,-10.488919352830521,-0.9771820897087711,-9.51173726312175,938.1500000000001,932.3668979512693,-3.6803109437629047,-0.6445614932598152,-3.0357494505030895,0,1
2454,9340986,8802170010,939.0,950.0,933.0,943.0,7.0,16055,52.87338218204826,-8.027014787538974,1.1877779804662207,-9.214792768005195,933.3,933.1545351400641,-3.356997971602436,-0.25699881687947723,-3.099999154722959,1,0
2454,5458694,5095110405,936.0,939.0,928.0,936.0,-7.0,10429,50.765168776990784,-6.565100785814366,2.1197535857526635,-8.68485437156703,928.85,933.3653103148741,-3.0666991830264663,0.026639977357194145,-3.0933391603836604,1,0
2454,7208528,6734392277,945.0,945.0,926.0,938.0,2.0,10747,51.36188908211925,-5.18536644502376,2.799590341234616,-7.984956786258376,925.0,933.7086206619205,-2.757989008752297,0.2682801213050907,-3.0262691300573876,1,0
2454,9996375,9570984605,938.0,973.0,938.0,963.0,25.0,21404,58.18422648557763,-2.0509835119823947,4.747178619420786,-6.79816213140318,924.1,935.8783524647412,-2.3242861412231397,0.5615863910673986,-2.8858725322905383,1,0
2454,9456227,9151346526,976.0,977.0,958.0,966.0,3.0,14915,58.92871956857271,0.6674188829871355,5.972464811512253,-5.305045928525118,924.75,938.109585615501,-1.8197396874617524,0.852906275863029,-2.6726459633247814,1,0
2454,17458860,16288251640,951.0,951.0,922.0,930.0,-36.0,37516,47.90625557579569,-0.08217945580292962,4.178293178177751,-4.26047263398068,924.85,937.5088755699084,-1.2282281053507402,1.155534286379233,-2.3837623917299733,1,0
2454,8662912,8069772997,931.0,936.0,926.0,936.0,6.0,10936,49.598369892258326,-0.18990260493137612,3.2564560232394437,-3.44635862817082,925.6000000000001,937.3971070091744,-0.2986096842682282,1.668122165969396,-1.9667318502376243,1,0
2454,5880641,5499992171,929.0,940.0,928.0,937.0,1.0,9041,49.89051425040006,-0.19236487157127158,2.603195005279639,-2.7955598768509105,926.45,937.3676916751615,0.4206705984245333,1.9099219589297263,-1.489251360505193,1,0
2454,12555654,12162095404,983.0,983.0,951.0,972.0,35.0,20065,58.87531130857732,2.599920986435336,4.316384690628997,-1.7164637041936612,928.6500000000001,939.9330478473718,1.0645623312950843,2.043050953440222,-0.9784886221451375,1,0
2454,4761127,4617210037,976.0,977.0,963.0,970.0,-2.0,9390,58.232768014952356,4.598436447991048,5.051920121747767,-0.4534836737567194,930.95,942.1602294883072,1.5403904710728917,2.0151032745744235,-0.4747128035015317,1,0
2454,4384732,4207695206,973.0,973.0,951.0,963.0,-7.0,14307,55.93195204603341,5.553416522452267,4.805520156967189,0.7478963654850779,933.1,943.703916192877,1.9639438637083422,1.9509253337678991,0.01301852994044306,1,0
2454,8929345,8723625360,960.0,985.0,960.0,982.0,19.0,16007,60.49454533635181,7.754003002187346,5.604885309361815,2.1491176928255316,935.9,946.5406631415528,2.1478336150389463,1.7078520680788025,0.43998154696014374,1,0
2454,5894546,5774043213,972.0,986.0,972.0,981.0,-1.0,9239,60.14161086130898,9.309972432154382,5.72868379146308,3.5812886406913016,938.8499999999999,949.0932066125489,2.234376499294036,1.4355159618671136,0.7988605374269223,1,0
2454,11143348,11182372563,988.0,1020.0,988.0,1015.0,34.0,27457,67.1574328705341,13.135190960679438,7.6431218559905085,5.492069104688929,944.8499999999999,953.9751913079157,2.5376863837456884,1.391060677055013,1.1466257066906755,1,0
2454,24851080,26426454270,1035.0,1100.0,1010.0,1100.0,85.0,45703,77.71718239700633,22.763095039031782,13.816820747474281,8.9462742915575,955.9000000000001,964.7918438036256,3.248047510575971,1.6811374431082362,1.5669100674677348,0,0
2454,12802833,14099735320,1090.0,1120.0,1060.0,1115.0,15.0,21866,79.00035614735172,31.243497436156417,17.837778515679133,13.405718920477286,966.8000000000001,975.918373892246,3.7813656239488598,1.7715644451848997,2.00980117876396,0,0
2454,17764235,20091190478,1125.0,1160.0,1105.0,1115.0,0.0,25231,79.00035614735175,37.53163609559988,19.300733740098075,18.230902355501804,976.5500000000001,986.2207165668945,4.263783206514467,1.8031856222004055,2.4605975843140615,0,0
2454,9629679,10913144214,1115.0,1145.0,1110.0,1140.0,25.0,12969,81.10369989736553,44.02483150005742,20.635143315644488,23.38968818441293,987.45,997.6117745989764,5.1845086827615185,2.1791288787579655,3.005379804003553,0,1
2454,12340648,13885865445,1165.0,1165.0,1095.0,1105.0,-35.0,19824,70.46295785626418,45.818362583321004,17.94293951912646,27.875423064194546,997.1500000000001,1005.5664579620152,5.869173861053043,2.2910352456395917,3.5781386154134514,0,0
2454,12662274,14412286170,1115.0,1155.0,1105.0,1150.0,45.0,18174,75.00378219024043,50.291147761566776,17.932579757897784,32.35856800366899,1007.8500000000001,1016.2652388537177,6.6167095985220765,2.4308567864869,4.185852812035177,0,0
2454,8791366,10110507669,1150.0,1160.0,1130.0,1155.0,5.0,11614,75.4552925632572,53.62120853926285,17.01011242847509,36.61109611078776,1018.45,1026.5418878275163,7.011480938038944,2.260502500803014,4.75097843723593,0,0
2454,10101276,11900123883,1145.0,1200.0,1140.0,1190.0,35.0,18023,78.39694481015611,58.41118540453158,17.440071434995048,40.97111396953653,1031.15,1038.6498961365892,7.6343018594173495,2.3066587377451357,5.327643121672214,0,0
2454,15486926,19124067055,1220.0,1260.0,1215.0,1230.0,40.0,27116,81.17390886186224,64.68924493823761,18.974504774960856,45.71474016327675,1045.75,1052.8239779042492,8.558167616316359,2.5844195957153158,5.973748020601043,0,1
2454,16879880,20901360710,1260.0,1275.0,1195.0,1230.0,0.0,29378,81.17390886186226,68.87075317759991,18.524810411458525,50.345942766141384,1059.1000000000001,1065.9481276891197,9.315279694629883,2.6732253392230714,6.642054355406811,0,1
2454,5890017,7194112840,1235.0,1245.0,1205.0,1225.0,-5.0,13988,79.6888890935527,70.96315133462053,16.493766854783317,54.46938447983722,1072.0500000000002,1077.7297478602961,9.998893927662877,2.685471657804852,7.313422269858025,0,0
2454,5763673,6982065633,1200.0,1225.0,1190.0,1215.0,-10.0,10293,76.66793436680338,70.9960769410086,13.221353968937102,57.774722972071494,1086.3000000000002,1087.8979146854595,10.460307033549826,2.5175078109534406,7.942799222596386,0,0
2454,7058092,8664872625,1245.0,1260.0,1210.0,1215.0,0.0,10150,76.66793436680337,70.21280125437806,9.950462625845255,60.26233862853281,1100.25,1097.312883968018,10.274987352749866,1.8657505041227846,8.409236848627081,0,0
2454,13127561,15362729390,1220.0,1230.0,1140.0,1150.0,-65.0,29288,59.62764929006022,63.61379265369169,2.6811632201270967,60.93262943356459,1110.9,1101.2156333037203,9.70070759227383,1.033176594917398,8.667530997356431,1,0
2454,8765752,9952629412,1135.0,1150.0,1120.0,1135.0,-15.0,12868,56.506434991198944,56.5221045174992,-3.528419932852316,60.05052445035152,1119.0500000000002,1103.7181789849262,9.08551421280634,0.3343865723599251,8.751127640446414,1,0
2454,6022543,6998166230,1135.0,1180.0,1135.0,1170.0,35.0,9226,61.56229270692699,53.11383484364478,-5.549351685365394,58.663186529010176,1129.0500000000002,1108.6279435045612,8.517130873273944,-0.1871974137379766,8.70432828701192,1,0
2454,8911458,10275345250,1150.0,1165.0,1135.0,1150.0,-20.0,11577,57.4524515537929,48.24281062801947,-8.336300720792572,56.57911134881204,1138.4,1111.6925402820011,8.158332162756906,-0.4367968994040119,8.595129062160918,1,0
2454,6413758,7334841690,1145.0,1175.0,1120.0,1130.0,-20.0,14933,53.59898577694843,42.28126389921863,-11.438277959674735,53.719541858893365,1145.8,1113.0486484092603,7.25287115822752,-1.0738063231467185,8.326677481374238,0,1
2454,6662414,7591384995,1160.0,1160.0,1125.0,1140.0,10.0,10301,55.21638336893389,37.926419437631466,-12.63449793700952,50.56091737464099,1153.75,1115.0450448233892,6.382733148661096,-1.5551554661705147,7.937888614831611,0,1
2454,6420828,7221186772,1140.0,1145.0,1110.0,1125.0,-15.0,12312,52.27302659460646,32.885713156471866,-14.140163374535298,47.025876531007164,1159.25,1115.7824489105456,5.210196779964222,-2.1821534678939116,7.3923502478581335,0,1
2454,3339686,3757398540,1120.0,1140.0,1115.0,1120.0,-5.0,7196,51.29154056453093,28.16281549281166,-15.090448830556404,43.253264323368064,1160.25,1116.094860102357,3.861468601679445,-2.8247053169429512,6.686173918622396,0,1
2454,6780815,7730813565,1140.0,1170.0,1120.0,1130.0,10.0,9698,53.18479123602082,24.93931657692042,-14.651158197158118,39.59047477407854,1161.0,1117.1248704651452,2.5582107843137285,-3.302370507446934,5.860581291760663,0,1
2454,6243784,7246200275,1135.0,1175.0,1125.0,1165.0,35.0,11039,59.167074218217316,24.921597294362755,-11.73510198377263,36.656699278135385,1163.5,1120.671176356616,1.4182838596253848,-3.5538379457082225,4.972121805333607,1,0
2454,7545389,8765813082,1160.0,1180.0,1135.0,1160.0,-5.0,10171,58.02632108942177,24.224847459944385,-9.945481454552798,34.17032891449718,1164.5,1123.5844225524222,0.41112156651877485,-3.6488001910518664,4.059921757570641,0,1
2454,8549357,10121577230,1160.0,1200.0,1160.0,1195.0,35.0,13892,63.35274522003406,26.19491699183959,-6.380329538126077,32.57524652996567,1169.0,1128.8744653263168,-0.4504504504504444,-3.6082977664168685,3.157847315966424,1,0
2454,5481587,6409200810,1190.0,1200.0,1155.0,1160.0,-35.0,10079,55.735849380990864,24.647878397263412,-6.3418945061618075,30.98977290342522,1169.5,1131.1800604873304,-0.8578227904145241,-3.212536085104759,2.3547132946902347,0,1
2454,4324010,5063537850,1170.0,1185.0,1160.0,1165.0,5.0,6086,56.53973015127101,23.5537840180682,-5.948791108285619,29.50257512635382,1170.0,1133.6852411919726,-0.8559752595537904,-2.5685508433952204,1.7125755838414298,0,1
2454,4204622,4891943030,1150.0,1175.0,1140.0,1160.0,-5.0,5494,55.45513917226247,22.02930797718227,-5.97861371933724,28.00792169651951,1168.5,1135.63448258516,-1.075268817204301,-2.2302755208365848,1.1550067036322837,0,1
2454,4137606,4778797730,1175.0,1180.0,1145.0,1150.0,-10.0,7147,53.25481915480816,19.78615087418416,-6.577416657868284,26.363567532052443,1164.5,1136.6985949862592,-1.1896893588896202,-1.8757568500175232,0.686067491127903,0,1
2454,3400861,3952733860,1160.0,1175.0,1150.0,1160.0,10.0,5240,55.17037086261417,18.60092920232887,-6.21011066377886,24.81103986610773,1161.0,1138.424624987277,-1.0402906208718745,-1.381086489599822,0.34079586872794754,0,1
2454,6687109,8011380680,1170.0,1215.0,1165.0,1195.0,35.0,12678,61.168238228781675,20.25238311523617,-3.646925400697249,23.89930851593342,1159.5,1142.615393506738,-0.9411700142684939,-1.0255727063971531,0.08440269212865925,1,0
2454,6406311,7726137125,1205.0,1230.0,1185.0,1200.0,5.0,9361,61.95140981820153,21.71432127360822,-1.7479897938601603,23.46231106746838,1158.75,1146.8661050988314,-0.5698005698005763,-0.5233626095433884,-0.04643796025718785,1,0
2454,5339872,6300724555,1190.0,1200.0,1165.0,1180.0,-20.0,9369,56.999365467938226,21.016816169499407,-1.9563959183751791,22.973212087874586,1157.0,1149.3204676841033,-0.22444845896974225,-0.14240839897004354,-0.08204005999969873,1,0
2454,9660747,10847625695,1160.0,1160.0,1110.0,1110.0,-70.0,25149,43.80216914896169,14.646784350958342,-6.661142189532995,21.307926540491337,1155.0,1146.4078404482439,-0.10428673362972822,-0.017797338904023588,-0.08648939472570463,0,1
2454,13458990,14336452869,1065.0,1090.0,1055.0,1055.0,-55.0,23861,36.62658285982261,5.101639372318459,-12.965029734538302,18.06666910685676,1151.0,1139.6368893039296,-0.3146737330241832,-0.18254747063878285,-0.13212626238540037,0,1
2454,8144332,8580285060,1065.0,1075.0,1045.0,1050.0,-5.0,19981,36.04843334336293,-2.8337493074971007,-16.720334731483092,13.88658542398599,1145.0,1132.9971197258608,-0.5109407975119515,-0.3030516281012409,-0.20788916941071062,0,1
2454,7339262,7647418425,1045.0,1060.0,1020.0,1050.0,0.0,11160,36.04843334336292,-9.01864073119873,-18.324180924147775,9.305540192949046,1140.0,1126.8491849313525,-0.9803921568627451,-0.6180023899616276,-0.3623897669011175,0,1
2454,16604482,16532346800,1020.0,1030.0,970.0,993.0,-57.0,47696,29.824189093583747,-18.308585399555113,-22.091300474003326,3.782715074448214,1133.15,1116.934430491993,-1.459944393791031,-0.8780437015119308,-0.5819006922791002,0,1
2454,9681250,9431274708,984.0,989.0,966.0,966.0,-27.0,28270,27.40994086167584,-27.532233383030416,-25.051958765982903,-2.4802746170475123,1124.4499999999998,1105.754102307401,-2.0926985424329185,-1.2086382801230546,-0.8840602623098639,0,1
2454,6158115,6017378864,989.0,989.0,970.0,972.0,6.0,13064,28.78946622155075,-33.96634808936551,-25.1888587778544,-8.777489311511113,1116.8,1095.8463910253713,-2.891226387080581,-1.6057328998165736,-1.2854934872640074,0,1
2454,6424187,6461514898,995.0,1020.0,994.0,1010.0,38.0,11641,36.96058864102345,-35.58890122863795,-21.44912953370147,-14.139771694936481,1111.3,1089.487399097566,-3.517314155282585,-1.7854565344148619,-1.731857620867723,0,1
2454,6733096,6652777384,996.0,1005.0,976.0,981.0,-29.0,20946,33.775387243193784,-38.767951110077775,-19.702543532113033,-19.06540757796474,1103.85,1081.4512954607092,-4.229010806317548,-1.9977225483598602,-2.2312882579576883,0,1
2454,5856365,5854514360,991.0,1005.0,987.0,1005.0,24.0,9261,38.49903874837818,-38.90232977946698,-15.86953776120179,-23.03279201826519,1095.85,1075.7882365376936,-5.178635662152932,-2.3578779233561953,-2.820757738796737,0,1
2454,8251393,8465365870,1055.0,1055.0,1005.0,1015.0,10.0,13519,40.406393742149014,-37.76656002153027,-11.787014402612058,-25.97954561891821,1088.6,1071.285404201568,-6.198448203550966,-2.702152371803383,-3.496295831747583,0,1
2454,6311140,6339892347,1015.0,1030.0,992.0,992.0,-23.0,10193,37.523889255839286,-38.281081606947055,-9.841228790423074,-28.43985281652398,1078.4500000000003,1065.4124112977483,-7.14176972081696,-2.916379111255501,-4.225390609561459,0,1
2454,5508680,5527736060,990.0,1020.0,982.0,1000.0,8.0,7596,39.14991684749395,-37.60976852877559,-7.335932569801287,-30.273835958974303,1070.4500000000003,1060.5670474979152,-7.573191244104133,-2.678240507634139,-4.894950736469994,0,1
2454,6978404,7272376440,1040.0,1050.0,1030.0,1040.0,40.0,11528,46.62938654674814,-33.46432644725928,-2.5523923906279826,-30.9119340566313,1064.2000000000003,1059.0435624980696,-7.426542576406347,-2.025273471949082,-5.401269104457265,0,1
2454,4644236,4853920295,1060.0,1060.0,1035.0,1035.0,-5.0,7930,45.870395226198056,-30.23397351789731,0.5423684309871923,-30.776341948884504,1057.95,1057.262557868583,-7.229678549448466,-1.4627275559929602,-5.766950993455506,0,1
2454,3238845,3381206020,1050.0,1055.0,1035.0,1045.0,10.0,5151,47.70381452665102,-26.5608027211847,3.3724313821598457,-29.933234103344546,1052.7,1056.3542202486879,-6.871345029239778,-0.8835152286274175,-5.987829800612361,0,1
2454,10343764,11216245790,1080.0,1100.0,1060.0,1095.0,50.0,16076,55.770477010124075,-19.391671154288133,8.433250359245132,-27.824921513533265,1049.45,1059.2168706006369,-5.865113120554714,0.09817334404611788,-5.963286464600832,1,0
2454,7989043,8846473285,1100.0,1125.0,1090.0,1095.0,0.0,12021,55.77047701012408,-13.553842477610942,11.41686322873786,-24.970705706348802,1044.45,1061.8674727783675,-4.5249112235015865,1.1507001928793965,-5.675611416380983,1,0
2454,4664901,5100000162,1105.0,1105.0,1080.0,1095.0,0.0,6867,55.77047701012409,-8.82558533801921,12.916096294663674,-21.741681632682884,1039.2000000000003,1064.321734054044,-3.343639893578789,1.8655772182417554,-5.209217111820545,1,0
2454,4261629,4724340848,1115.0,1120.0,1100.0,1115.0,20.0,7002,58.93501006199773,-3.425092304572445,14.653271462488352,-18.078363767060797,1035.9500000000003,1068.0756796796704,-2.350165682178378,2.2872411437137337,-4.6374068258921115,1,0
2454,7954993,9069865450,1115.0,1160.0,1110.0,1155.0,40.0,15381,64.41827311674679,4.035978787781232,17.691474043873626,-13.655495256092392,1038.2000000000003,1074.5145182219171,-0.9744587341042578,2.9303584734302834,-3.904817207534541,1,0
2454,5734377,6654225685,1170.0,1175.0,1145.0,1155.0,0.0,10474,64.41827311674679,9.835553247171902,18.792838802611435,-8.957285555439533,1043.2000000000003,1080.4764057610344,0.17828843106180994,3.2664845108770812,-3.0881960798152712,1,0
2454,10452836,12449974595,1180.0,1210.0,1175.0,1190.0,35.0,18225,68.6643124115928,17.0593161057011,20.813281328912506,-3.7539652232114067,1050.2,1088.5892645935503,1.4343623323978725,3.6180467297705152,-2.1836843973726427,1,0
2454,6555819,7683288345,1180.0,1185.0,1165.0,1165.0,-25.0,9273,62.89127911175383,20.53024921587985,19.427371551273005,1.102877664606844,1055.9499999999998,1094.249319068102,2.8940354415790264,4.062175871161335,-1.168140429582309,1,0
2454,6368808,7543295595,1165.0,1195.0,1165.0,1190.0,25.0,9769,65.97227152669014,25.009980294044226,19.125682103549906,5.884298190494321,1065.8000000000002,1101.3419621000944,4.41437870817418,4.466015310205191,-0.0516366020310112,1,0
2454,3544126,4167145255,1180.0,1190.0,1165.0,1175.0,-15.0,6223,62.61322035938976,27.03814589324361,16.92307816219943,10.11506773104418,1076.25,1106.798113055643,5.487284827080831,4.431137143289474,1.0561476837913573,1,0
2454,4592310,5397471790,1190.0,1190.0,1160.0,1185.0,10.0,7803,63.93170249302721,29.116758304089444,15.201352458436212,13.915405845653233,1086.9,1112.5908454218916,6.37099865823269,4.2518807795530655,2.119117878679624,1,0
2454,6526951,7832960825,1195.0,1210.0,1185.0,1205.0,20.0,12386,66.47795448292077,32.00892747721241,14.474817305247342,17.534110171965068,1096.65,1119.435967983233,7.039870355806547,3.9366019817015387,3.1032683741050087,1,0
2454,4139304,4961445325,1190.0,1205.0,1190.0,1195.0,-10.0,6168,64.04347934308659,33.11237708604449,12.462613531263536,20.649763554780954,1107.35,1125.0333036881786,7.258437355524734,3.32413518513578,3.934302170388954,1,0
2454,16451271,21168650020,1250.0,1310.0,1235.0,1285.0,90.0,25068,73.46264641216536,40.77904128571572,16.103422184747814,24.675619100967907,1121.35,1136.8826886001655,7.821353836025469,3.109641332509212,4.711712503516257,0,0
2454,10732534,14035640030,1300.0,1320.0,1285.0,1310.0,25.0,19151,75.39110013419668,48.31527060129042,18.91172120025801,29.40354940103241,1136.1,1149.7061931483013,8.253984862753299,2.8338178873896336,5.420166975363665,0,0
2454,8661046,11218850545,1310.0,1315.0,1275.0,1290.0,-20.0,12262,70.94915193817275,52.07368079894832,18.136105118332722,33.937575680615595,1151.0,1160.0983269891678,8.352014715180777,2.3454781918536893,6.006536523327088,0,0
2454,8581664,10994980566,1255.0,1300.0,1250.0,1290.0,0.0,11952,70.94915193817273,54.42487191336454,16.389836986199157,38.035034927165384,1165.5,1169.7206731381184,8.174416356792749,1.7343038667725281,6.440112490020221,0,0
2454,15194460,19025117175,1315.0,1315.0,1225.0,1235.0,-55.0,27519,59.72591174945034,51.259282365817626,10.579397950921788,40.67988441489584,1175.25,1174.556178831591,7.937233394271762,1.1976967234012328,6.739536670870529,1,0
2454,6400731,8067525065,1265.0,1270.0,1240.0,1270.0,35.0,9607,63.66492259543985,50.986991040920884,8.245685300820035,42.74130574010085,1187.0,1181.6260915107325,7.472536069109615,0.5863995185912678,6.886136550518347,1,0
2454,7219004,8958813210,1260.0,1270.0,1220.0,1240.0,-30.0,14654,58.39309891225025,47.799446657700855,4.046512734080004,43.75293392362085,1196.75,1185.9500847321597,7.172953673519154,0.22945369840064522,6.943499975118509,1,0
2454,6012669,7387432500,1240.0,1245.0,1220.0,1230.0,-10.0,10115,56.707460991512534,43.95963898813875,0.16536405161431844,43.79427493652443,1203.5,1189.2130414186663,6.698153714040361,-0.19627700886251898,6.89443072290288,1,0
2454,10328177,13199043800,1255.0,1300.0,1235.0,1290.0,60.0,16487,63.51318928109296,45.23660290528346,1.1538623750072219,44.08274053027624,1213.25,1196.6787420543208,6.473153447805926,-0.3370218200775632,6.810175267883489,1,0
2454,5092253,6515713395,1290.0,1290.0,1270.0,1275.0,-15.0,7503,60.934212430646966,44.52497517193228,0.3537877133248344,44.17118745860745,1222.25,1202.4803167169637,6.1561318206374755,-0.5232347577968106,6.679366578434286,1,0
2454,5846697,7399957718,1270.0,1280.0,1250.0,1270.0,-5.0,7806,60.05877835867159,43.06116455267488,-0.8880183247460565,43.94918287742094,1230.0,1207.4817747379293,5.8236808236808155,-0.684548603802777,6.508229427483593,1,0
2454,8015243,10378757620,1270.0,1310.0,1265.0,1300.0,30.0,12230,63.45163943625274,43.816741252086786,-0.10595330026732341,43.92269455235411,1237.25,1214.3349766091937,5.65480937948636,-0.6827360383977865,6.337545417884146,1,0
2454,13667003,18739524449,1340.0,1400.0,1325.0,1385.0,85.0,26043,70.97482721100918,50.69000799661649,5.4138507554098965,45.27615724120659,1248.75,1226.9768301936979,5.204881384461618,-0.9061312267380224,6.111012611199641,0,0
2454,6250845,8663526242,1395.0,1395.0,1365.0,1395.0,10.0,10388,71.71255059347888,56.29510293325234,8.815156553636598,47.47994637961574,1259.0,1239.4229909200906,4.7939138137668635,-1.053679037946222,5.8475928517130855,0,0
2454,4762970,6546247711,1375.0,1390.0,1365.0,1380.0,-15.0,9928,68.88431851605309,58.84843824904101,9.094793495540216,49.753644753500794,1269.75,1249.8361027037877,4.472678442309664,-1.0999315275227382,5.572609969832402,1,0
2454,7868192,10966483070,1375.0,1405.0,1375.0,1405.0,25.0,11141,70.94129604711057,62.17257915743335,9.935147523146036,52.23743163428731,1280.5,1261.3297247257294,4.243400859422938,-1.063367288327571,5.3067681477505095,0,0
2454,12145736,17823177737,1425.0,1485.0,1420.0,1485.0,80.0,20765,76.33302088102072,70.4502100211887,14.570222709521104,55.87998731166759,1296.0,1277.8978932645643,4.716742539200798,-0.47202048683976994,5.188763026040568,0,0
2454,7215413,10698314079,1485.0,1500.0,1460.0,1500.0,15.0,11650,77.18770647896886,77.32926314782117,17.159420668922856,60.16984247889831,1311.75,1294.349901170893,5.128397657305881,-0.048292294987749784,5.176689952293631,0,0
2454,12105025,17867014186,1470.0,1495.0,1445.0,1490.0,-10.0,14988,75.23701520827615,81.03986872398264,16.69602099606746,64.34384772791518,1326.0,1308.8425010841602,5.691842600852399,0.4121221188470141,5.279720482005385,0,0
2454,9608976,13682863540,1455.0,1465.0,1405.0,1410.0,-80.0,26655,61.78472590698541,76.64174068565922,9.838314366195235,66.80342631946398,1336.75,1316.335649152,6.157065484982744,0.7018760023818871,5.455189482600857,1,0
2454,9815912,13570769694,1370.0,1400.0,1365.0,1385.0,-25.0,15893,58.277983526518724,70.32820173044092,2.819820328781546,67.50838140165938,1341.75,1321.4218973629631,6.075726445553266,0.4964295703619266,5.579296875191339,1,0
2454,5222459,7379653738,1395.0,1430.0,1395.0,1405.0,20.0,8598,60.223026256620585,66.17567745805695,-1.0661631548819486,67.2418406129389,1346.5,1327.6128679286696,6.232074279325256,0.522221923307133,5.709852356018123,1,0
2454,5022470,6999160075,1380.0,1410.0,1380.0,1395.0,-10.0,9074,58.748291932572116,61.370415678177096,-4.697139947809447,66.06755562598654,1351.75,1332.6045073413607,6.339660918707422,0.5038468501514393,5.835814068555983,1,0
2454,7091837,9894792705,1400.0,1405.0,1375.0,1400.0,5.0,8995,59.285149092529686,57.30509188279348,-7.00997099455445,64.31506287734793,1357.25,1337.5967660568153,6.305203533026101,0.3755115715760944,5.929691961450007,1,0
2454,5231972,7460027114,1405.0,1440.0,1405.0,1415.0,15.0,8582,60.92796457828448,54.66354085355783,-7.721217619032082,62.384758472589915,1366.25,1343.3303389414957,5.852180551579336,-0.062009127896536675,5.914189679475872,1,0
2454,5192639,7286044855,1410.0,1415.0,1390.0,1410.0,-5.0,9302,60.05806187410839,51.57214285796226,-8.650092491702125,60.22223534966439,1373.25,1348.2688323532368,5.297102480201062,-0.4936697594198485,5.79077223962091,1,0
2454,6507165,9130555260,1430.0,1430.0,1390.0,1405.0,-5.0,10196,59.14860275020078,48.16353026474121,-9.646964067938548,57.81049433267976,1381.5,1352.471141067812,5.092395670872906,-0.5587012549984038,5.65109692587131,1,0
2454,7932727,10958285135,1380.0,1400.0,1375.0,1375.0,0.0,16077,53.87690564017799,42.550930309770365,-12.20765121832752,54.758581528097885,1388.75,1354.1399454331593,4.715067459194255,-0.7488235733416442,5.4638910325359,0,1
2454,7046623,9519975049,1380.0,1385.0,1335.0,1350.0,-25.0,26077,49.886709399149545,35.67438128169033,-15.267360197126045,50.941741478816375,1391.75,1353.8332828084808,3.71102948102099,-1.4022892412119283,5.113318722232918,0,1
2454,8013255,11168752895,1340.0,1420.0,1335.0,1420.0,70.0,14494,59.03512626547982,35.464271572719554,-12.381975924877459,47.84624749759701,1399.0,1358.7345211189638,2.843468468468466,-1.8158802030115626,4.6593486714800285,1,0
2454,9919314,14279252810,1450.0,1460.0,1415.0,1460.0,40.0,15342,63.172389903541344,38.08638765175715,-7.8078878766718915,45.89427552842904,1408.5,1366.2356677027442,2.0142677297524076,-2.1160647533820973,4.130332483134505,1,0
2454,5691397,8156861700,1455.0,1460.0,1410.0,1435.0,-25.0,11159,59.15141454918689,37.712417199131096,-6.545486663438361,44.25790386256946,1415.25,1371.3293219469854,1.6963705560196707,-1.9471695416918675,3.643540097711538,1,0
2454,5549812,7946756116,1435.0,1460.0,1415.0,1420.0,-15.0,13294,56.81472535928016,35.79306807300941,-6.77186863164804,42.56493670465745,1417.0,1374.9345573583198,1.399279578830683,-1.7954084151046843,3.1946879939353674,1,0
2454,7528115,10276862370,1365.0,1385.0,1350.0,1360.0,-60.0,31771,48.55258048163803,29.095081514674803,-10.77588415198612,39.87096566666092,1415.25,1373.8282938502962,0.7661512976256035,-1.9428293570478115,2.708980654673415,0,1
2454,3700301,5037115390,1370.0,1380.0,1350.0,1355.0,-5.0,8859,47.92709613145732,23.11694296880364,-13.403218158285824,36.520161127089466,1414.0,1372.433605416941,0.34679160350922694,-1.8897512409313506,2.2365428444405775,0,1
2454,5267624,7082595622,1355.0,1365.0,1325.0,1345.0,-10.0,13870,46.63315763566637,17.372054444616424,-15.318485345978438,32.69053979059486,1411.0,1370.4014864971675,-0.17420804107644022,-1.9286007084136143,1.7543926673371741,0,1
2454,6370105,8428658670,1335.0,1345.0,1305.0,1325.0,-20.0,22271,44.07047443240387,11.077659681283194,-17.290304087449336,28.36796376873253,1403.0,1367.0384134233032,-0.8605694406298913,-2.0919696863736523,1.2314002457437612,0,1
2454,10515746,13347681435,1270.0,1290.0,1250.0,1280.0,-45.0,34798,38.89172912628222,2.4301690868619517,-20.750235745496465,23.180404832358416,1392.0,1360.5911235400956,-1.5801044242923978,-2.249203736028927,0.6690993117365294,0,1
2454,6157494,7796089535,1260.0,1285.0,1260.0,1260.0,-20.0,14466,36.820768506179604,-5.968066211751193,-23.31877683528769,17.350710623536497,1380.5,1353.1399292037922,-2.1071740429247825,-2.2210186837290493,0.113844640804267,0,1
2454,7568809,9232979290,1255.0,1260.0,1195.0,1225.0,-35.0,22061,33.46263852203487,-15.271890833607586,-26.098081165715264,10.82619033210768,1371.25,1343.648082596104,-2.5465207554139773,-2.1282923169745955,-0.4182284384393819,0,1
2454,6609048,8329911690,1255.0,1275.0,1240.0,1275.0,50.0,11037,41.64980479355693,-18.398569487955456,-23.37980785605051,4.981238368095053,1365.75,1338.563039440837,-2.713716773177749,-1.8363906677906936,-0.8773261053870555,0,1
2454,10546400,12871385040,1190.0,1255.0,1185.0,1245.0,-30.0,17501,38.582255293228044,-23.031738581955096,-22.41038156004012,-0.6213570219149769,1357.75,1331.632443926701,-3.33751976928087,-1.9681549311150517,-1.3693648381658183,0,1
2454,5212301,6513230115,1265.0,1280.0,1230.0,1240.0,-5.0,9359,38.078875066343805,-26.79810481136269,-20.94139823155817,-5.85670657980452,1350.0,1324.8448554876861,-4.0115217085850805,-2.1137254963354097,-1.8977962122496708,0,1
2454,4562729,5629625725,1230.0,1255.0,1210.0,1255.0,15.0,8805,40.58338293858059,-28.24698883940141,-17.912225807677512,-10.334763031723899,1342.75,1319.6711624885982,-4.449632144878328,-2.0414687461029257,-2.4081633987754025,0,1
2454,7646628,9292823670,1230.0,1235.0,1200.0,1220.0,-35.0,16827,36.83921437891876,-31.852274173740625,-17.21400891361338,-14.638265260127245,1333.0,1312.2881134153686,-4.949624560403007,-2.033168929302083,-2.9164556311009235,0,1
2454,12859885,15332679225,1215.0,1235.0,1180.0,1180.0,-40.0,40958,33.0827025819332,-37.50482223712629,-18.293245581599237,-19.211576655527054,1321.5,1302.488993903119,-5.44154228855722,-2.020069325965037,-3.421472962592183,0,1
2454,14592681,16212034200,1130.0,1140.0,1090.0,1090.0,-90.0,45587,26.528083301429163,-48.6855385575891,-23.579169521649632,-25.106369035939466,1305.75,1286.7490684288139,-6.296135475466785,-2.299730010299681,-3.9964054651671037,0,1
2454,23157567,23008080568,995.0,1020.0,981.0,991.0,-99.0,51632,21.485347254371266,-64.787973981797,-31.745283956686023,-33.04269002511097,1286.55,1264.8417300266794,-7.406756321232901,-2.7282806848526375,-4.678475636380264,0,1
2454,16842716,18099654330,1090.0,1090.0,1035.0,1075.0,84.0,23781,33.10476400719345,-69.96466300097086,-29.537578380687904,-40.427084620282955,1272.8,1250.7793796543328,-8.132461822089484,-2.763188948567376,-5.369272873522108,0,1
2454,10786767,12169127620,1090.0,1150.0,1080.0,1150.0,75.0,17566,41.43804190256467,-67.24024940629533,-21.4505318288099,-45.78971757748543,1259.3,1243.3142404206785,-8.28739707795756,-2.334499363548362,-5.952897714409199,0,1
2454,8260831,9237311345,1120.0,1140.0,1100.0,1115.0,-35.0,12520,38.99663973801608,-67.13148947421269,-17.0734175173818,-50.05807195683089,1242.05,1233.8094818709985,-8.40473828207211,-1.9614724541303286,-6.443265827941781,0,1
2454,7138660,8121186220,1150.0,1155.0,1120.0,1125.0,10.0,11062,40.08283522454233,-65.48352668441362,-12.340363782066184,-53.143162902347434,1226.55,1225.7495202509247,-8.270156073103688,-1.461512196129525,-6.8086438769741635,0,1
2454,4732084,5517573265,1145.0,1175.0,1140.0,1175.0,50.0,9353,45.32485733520848,-59.45753274158619,-5.051495871391005,-54.40603687019519,1214.3,1221.990296528634,-8.28752621185286,-1.183105867902957,-7.104420343949903,0,1
2454,3893560,4536605460,1180.0,1185.0,1150.0,1160.0,-15.0,7811,44.07895270696993,-55.25531489188825,-0.679422417354445,-54.5758924745338,1204.3,1217.398422711698,-8.247517752297819,-0.914477926678332,-7.333039825619487,0,1
2454,4566599,5398623020,1175.0,1190.0,1170.0,1185.0,25.0,8030,46.70826196560593,-49.33898677726029,4.189524557818814,-53.5285113350791,1195.8,1214.9985395478686,-8.147953613874668,-0.6519310306041444,-7.496022583270523,0,1
2454,3208717,3738001210,1170.0,1180.0,1155.0,1155.0,-30.0,7783,44.032742939293676,-46.53458170993349,5.595143700116488,-52.12972541004998,1186.3,1210.5542032850635,-8.06465011474202,-0.4549020251771969,-7.609748089564824,0,1
2454,7309904,8910532695,1185.0,1240.0,1185.0,1230.0,75.0,15832,51.510729477927555,-37.82418364624505,11.444433411043946,-49.26861705728899,1181.55,1211.994632671355,-7.333207827387507,0.22123220974185376,-7.5544400371293605,1,0
2454,6237209,7801873255,1240.0,1265.0,1230.0,1255.0,25.0,10611,53.730016285611455,-28.574450876731362,16.555332944446107,-45.12978382117747,1180.3,1215.1802154364398,-6.294110841143141,1.0082633567889765,-7.302374197932117,1,0
2454,4411805,5535190910,1270.0,1270.0,1240.0,1250.0,-5.0,8077,53.205523904462545,-21.400734879229503,18.983239153558372,-40.383974032787876,1179.8,1217.7594587374442,-4.688937533707684,2.0907493313795467,-6.779686865087231,1,0
2454,4669809,5711510720,1220.0,1240.0,1210.0,1220.0,-30.0,9980,50.04869596404357,-17.929581492249554,17.96351403243066,-35.89309552468021,1179.55,1217.9254247568929,-2.682621118936101,3.2776525969209045,-5.960273715857006,1,0
2454,3087965,3789002525,1230.0,1240.0,1215.0,1230.0,10.0,5251,51.09041733438241,-14.207970360088666,17.348100131673238,-31.556070491761904,1177.3,1218.8198377378637,-1.218965958535964,3.7930462058568333,-5.0120121643927975,1,0
2454,4319266,5221802920,1205.0,1225.0,1190.0,1225.0,-5.0,8071,50.523069813479374,-11.529124369249303,16.021556898010083,-27.550681267259385,1176.3,1219.277627535059,-0.31635405960944657,3.756526483826681,-4.072880543436128,1,0
2454,3784179,4646596305,1245.0,1245.0,1210.0,1215.0,-10.0,8504,49.342887901312594,-10.096648172788491,13.963226475576718,-24.05987464836521,1175.05,1218.960766236166,0.7354047143256072,3.846628206209388,-3.111223491883781,1,0
2454,3963303,4767933865,1200.0,1215.0,1190.0,1210.0,-5.0,6862,48.72995919905733,-9.258136643677517,11.841390403750154,-21.09952704742767,1172.8,1218.2970057742277,1.5581255114786332,3.7354792026899317,-2.1773536912112985,1,0
2454,4883821,5851724725,1205.0,1220.0,1185.0,1200.0,-10.0,15038,47.46017644985775,-9.293398133477467,9.444903131160164,-18.73830126463763,1171.8,1216.9416720131737,1.9306706369756543,3.2864194625495626,-1.355748825573908,1,0
2454,5628485,6915425790,1175.0,1255.0,1175.0,1250.0,50.0,11336,53.924957321427925,-5.226512997184045,10.80943061396287,-16.035943611146916,1175.3,1219.3904370492348,2.4788978364218344,3.067717329596594,-0.5888194931747597,1,0
2454,6035560,7485534325,1260.0,1260.0,1225.0,1240.0,-10.0,6644,52.53273094851877,-2.778366374764346,10.606061789106057,-13.384428163870403,1182.8,1220.9170713418841,2.980854324505145,2.855739054143924,0.12511527036122122,1,0
2454,3294144,4033872708,1240.0,1250.0,1215.0,1225.0,-15.0,5675,50.429529347639885,-2.025221683412383,9.087365184366417,-11.1125868677788,1194.5,1221.2195105017445,3.5389533251257967,2.73107044381166,0.8078828813141364,1,0
2454,3534979,4292070390,1225.0,1225.0,1200.0,1220.0,-5.0,6693,49.71502963821636,-1.8109320057617424,7.441323889613647,-9.25225589537539,1201.75,1221.1291763905042,3.535844734055185,2.182369482192839,1.3534752518623463,1,0
2454,10457652,11943320285,1135.0,1170.0,1130.0,1135.0,-85.0,31959,39.475530358057284,-8.403030611525082,0.6793802270802463,-9.082410838605329,1201.0,1214.749237398615,3.0940137559938163,1.392430803305176,1.7015829526886403,0,1
2454,9432513,10509325015,1120.0,1130.0,1105.0,1110.0,-25.0,21502,37.05796433967553,-15.46632119311721,-5.107128283609505,-10.359192909507705,1200.75,1206.990034628347,2.4736521208953888,0.6176553345653986,1.8559967863299902,0,1
2454,5340953,6061653645,1110.0,1150.0,1105.0,1145.0,35.0,7743,42.37841352259195,-18.03196115085325,-6.138214593076434,-11.893746557776815,1201.75,1202.3981802114324,2.0595576774249738,0.1628487128759868,1.896708964548987,0,1
2454,7455495,8209712700,1100.0,1115.0,1090.0,1105.0,-40.0,17956,38.38498829090301,-23.027468682972994,-8.906977700156943,-14.120490982816051,1198.25,1195.1835001957706,1.1243299777748574,-0.6179031894193037,1.742233167194161,0,1
2454,5893397,6599039331,1115.0,1130.0,1100.0,1130.0,25.0,8084,42.05988324896879,-24.68460457072524,-8.451290870327352,-16.23331370039789,1196.75,1190.3550927738618,-0.002711349709903829,-1.395955613523252,1.3932442638133482,0,1
2454,4096499,4588000025,1125.0,1135.0,1110.0,1110.0,-20.0,6026,40.00427897445111,-27.297065969155483,-8.851001815006075,-18.446064154149408,1193.0,1184.4028636795017,-0.8558119380348976,-1.7992449614785966,0.9434330234436991,0,1
2454,4719178,5409189304,1150.0,1155.0,1135.0,1155.0,45.0,6893,46.3568943840288,-25.44304494548487,-5.597584633068369,-19.845460312416503,1193.0,1182.2248737773164,-1.2591389114541052,-1.7620575479182434,0.5029186364641383,0,1
2454,3546828,4032559340,1160.0,1165.0,1125.0,1125.0,-30.0,6532,43.08182991905674,-26.093677534398466,-4.99857377758557,-21.095103756812897,1187.75,1177.985994238256,-1.819067727789499,-1.8575890914029098,0.038521363613410776,0,1
2454,3821456,4270566545,1120.0,1130.0,1100.0,1130.0,5.0,8134,43.79454738538146,-25.90720816634621,-3.849683527626649,-22.05752463871956,1181.5,1174.4314761465332,-2.679441377070463,-2.174370192547099,-0.5050711845233641,0,1
2454,7611728,8412320642,1115.0,1120.0,1095.0,1105.0,-25.0,15994,41.02821844729724,-27.4601770869167,-4.322121958557712,-23.13805512835899,1174.25,1169.2884038393827,-3.409830729166658,-2.323807635714635,-1.086023093452023,0,1
2454,7911002,8750858160,1105.0,1130.0,1080.0,1120.0,15.0,11279,43.340764660958875,-27.167372941074063,-3.2234542501720576,-23.943918690902006,1169.25,1165.6374109623914,-4.02542372881356,-2.351520508289229,-1.6739032205243303,0,1
2454,9138981,10381805590,1145.0,1155.0,1125.0,1125.0,5.0,8642,44.12728396156184,-26.229507893008304,-1.828471361685036,-24.401036531323268,1164.0,1162.6272323725846,-4.5095797953407555,-2.2685412598531403,-2.2410385354876152,0,1
2454,4562996,5195943045,1125.0,1150.0,1120.0,1145.0,20.0,5228,47.27982119463975,-23.600359973378545,0.6405412463557774,-24.240901219734322,1160.0,1161.321511456097,-4.4076010018512655,-1.73324997309092,-2.6743510287603454,0,1
2454,7297056,8563842676,1135.0,1195.0,1135.0,1195.0,50.0,14778,54.23236320015425,-17.2829322873622,5.566375145897698,-22.8493074332599,1159.0,1163.8162143112008,-3.695829926410475,-0.8171831181201035,-2.8786468082903713,1,0
2454,11480089,13988663410,1220.0,1230.0,1205.0,1225.0,30.0,14305,57.82610135544529,-9.743261795043281,10.484836510573295,-20.228098305616577,1159.75,1168.3483465844452,-3.0337753041960136,-0.12410279672451363,-2.9096725074715,1,0
2454,9967330,12562372950,1235.0,1280.0,1230.0,1270.0,45.0,21463,62.57337775728659,-0.13533463673024926,16.07421093510906,-16.20954557183931,1163.25,1175.8780986893012,-1.92758601886691,0.7856691908836719,-2.713255209750582,1,0
2454,9319433,11879994727,1280.0,1305.0,1250.0,1260.0,-10.0,15498,60.93196383125191,6.596065098549161,18.244488536310776,-11.648423437761616,1163.75,1182.1093506382417,-1.135435386374787,1.262255858700636,-2.397691245075423,1,0
2454,8944466,10742053380,1235.0,1235.0,1175.0,1175.0,-85.0,21604,49.133842611575346,5.014158166377001,13.330065283310894,-8.315907116933893,1160.5,1181.582732072446,-0.49645390070923273,1.5209898754929525,-2.0174437762021853,1,0
2454,6670719,8060023400,1195.0,1230.0,1190.0,1210.0,35.0,8267,53.155969227487596,6.5096537817248645,11.860448718927007,-5.350794937202142,1159.75,1183.6877148818946,-0.05731128213525314,1.5681059952535459,-1.625417277388799,1,0
2454,7601314,9294983046,1200.0,1240.0,1200.0,1230.0,20.0,8311,55.329635841091914,9.202595887405323,11.642712659685973,-2.4401167722806494,1160.25,1187.1182545202728,0.6382978723404256,1.8109721197833797,-1.1726742474429541,1,0
2454,9261022,11611379170,1250.0,1295.0,1230.0,1250.0,20.0,14015,57.45564580831352,12.803019521343913,12.19450903489965,0.6085104864442633,1166.0,1191.7761615928453,1.35665250081725,2.0234613986081635,-0.6668088977909133,1,0
2454,4746298,5848883970,1240.0,1250.0,1225.0,1225.0,-25.0,7199,53.996221221566216,13.483658898118165,10.300118729339122,3.1835401687790434,1171.75,1194.237186660042,2.1231422505307855,2.231960918657359,-0.10881866812657358,1,0
2454,5671636,7099612015,1260.0,1275.0,1240.0,1245.0,20.0,7683,56.26491461458578,15.458705032079706,9.82013189064053,5.638573141439176,1176.75,1197.9973950555943,3.024610693673073,2.506743489439717,0.5178672042333557,1,0
2454,10811730,13968305075,1265.0,1310.0,1265.0,1300.0,55.0,22160,61.83839311893566,21.217402658037145,12.463063613278374,8.75433904475877,1186.5,1205.5531435699947,4.0593413759374055,2.83317933736324,1.2261620385741658,1,0
2454,4125156,5348414625,1310.0,1310.0,1285.0,1290.0,-10.0,7589,60.332921064902244,24.689688232128674,12.748279349895922,11.941408882232752,1194.5,1211.8084662685137,4.8614500298248275,2.9082303930005295,1.9532196368242982,1,0
2454,6492009,8443064872,1310.0,1310.0,1290.0,1300.0,10.0,9409,61.34634180404074,27.92649672200514,12.78807027181791,15.13842645018723,1204.0,1218.341172470846,5.3274920222835,2.6994179083673613,2.6280741139161385,1,0
2454,7425191,9479271445,1260.0,1295.0,1260.0,1275.0,-25.0,9120,57.39828684556945,28.14990512037548,10.409182936150597,17.740722184224882,1210.0,1222.5381226581908,5.201098368599558,2.0584194037467354,3.1426789648528226,1,0
2454,4514915,5769191656,1295.0,1295.0,1265.0,1275.0,0.0,6882,57.398286845569444,28.004143550775325,8.210737093240354,19.79340645753497,1217.5,1226.424187646473,4.67812767780631,1.2283589703627893,3.4497687074435204,1,0
2454,8916104,11696603095,1300.0,1330.0,1295.0,1305.0,30.0,16167,60.900305805654284,29.96396974495451,8.13645062993563,21.82751911501888,1226.25,1232.2446181911787,4.454390451832873,0.8036973955114823,3.650693056321391,1,0
2454,6706607,8911068199,1310.0,1345.0,1310.0,1330.0,25.0,11042,63.58661454460431,33.15227836153417,9.059807397212232,24.09247096432194,1237.5,1239.4857575844246,4.774374437919896,0.8989451052788038,3.875429332641092,1,0
2454,5500454,7177881915,1310.0,1315.0,1295.0,1310.0,-20.0,10422,60.03317796530368,33.676995615418036,7.667619720876875,26.00937589454116,1247.0,1244.7090348003933,4.862974067645032,0.7900357880031521,4.07293827964188,1,0
2454,5639751,7338656535,1280.0,1325.0,1275.0,1300.0,-10.0,9043,58.27948618054477,32.90659465347039,5.517775007143385,27.388819646327008,1255.75,1248.804661852216,4.71372549019607,0.5126297684433512,4.2010957217527185,1,0
2454,4698981,6041857535,1300.0,1305.0,1270.0,1270.0,-30.0,9742,53.25355564713066,29.534837835380813,1.7168145512430435,27.81802328413777,1262.0,1250.3746869002,4.472751901635908,0.21732494390655166,4.255426957729356,1,0
2454,7326983,9577728957,1270.0,1325.0,1270.0,1315.0,45.0,10790,58.96944832906479,30.146312261830417,1.862631182154118,28.2836810796763,1268.0,1255.1617471298148,4.461881085560364,0.1651633022648058,4.296717783295558,1,0
2454,5720182,7605546735,1330.0,1340.0,1315.0,1335.0,20.0,9320,61.23797606659696,31.877281544526568,2.874880371880213,29.002401172646355,1273.5,1261.0756917868655,4.402758478719539,0.08483255633918407,4.317925922380355,1,0
2454,5519603,7163705970,1315.0,1315.0,1285.0,1300.0,-35.0,10164,55.459233684143626,30.078157403681416,0.860604984828047,29.21755241885337,1275.0,1263.9589738767272,3.777880090034754,-0.4320366658764807,4.209916755911235,1,0
2454,5528055,7169814530,1290.0,1315.0,1285.0,1290.0,-10.0,7456,53.89438389451072,27.528095385598363,-1.3515656266040068,28.87966101220237,1276.5,1265.8879387747475,3.239185750636109,-0.7765848042201009,4.01577055485621,1,0
2454,9461786,11967886995,1220.0,1300.0,1220.0,1290.0,0.0,10479,53.89438389451072,25.216473059344253,-2.930550362286496,28.14702342163075,1282.25,1267.6740173840253,2.65583067497087,-1.0879519039082717,3.743782578879142,1,0
2454,3513519,4539376735,1285.0,1305.0,1280.0,1295.0,5.0,5920,54.636622509288166,23.516866130690914,-3.7041258327518705,27.220991963442785,1286.5,1269.698164244468,2.3211855436261684,-1.138077628202379,3.4592631718285474,1,0
2454,3688814,4751449530,1285.0,1300.0,1280.0,1290.0,-5.0,6252,53.70552879394709,21.518406387379173,-4.562068460850892,26.080474848230065,1289.5,1271.202003930063,2.126055488540385,-1.0665661466305298,3.192621635170915,1,0
2454,3881189,5070565620,1290.0,1320.0,1290.0,1305.0,15.0,6136,56.121370862397455,20.90401876640999,-4.141164865456062,25.045183631866053,1292.25,1273.7055591945027,1.8802647412755633,-1.0498855151162816,2.930150256391845,1,0
2454,4517086,5932832649,1330.0,1330.0,1300.0,1305.0,0.0,6241,56.121370862397455,20.184438507628784,-3.888596099389815,24.0730346070186,1296.25,1276.0236659208358,1.610318056599031,-1.0558657598342511,2.666183816433282,1,0
2454,4299470,5567448850,1310.0,1320.0,1280.0,1280.0,-25.0,14432,50.97915653722109,17.39634071504929,-5.341355113575446,22.737695828624737,1298.0,1276.3182091859592,1.3540571657405884,-1.049701320554155,2.4037584862947434,0,1
2454,2878555,3717921510,1300.0,1310.0,1280.0,1295.0,15.0,5204,53.719207401173925,16.210265912144678,-5.2219439331840505,21.432209845328728,1297.75,1277.7020455425547,0.9576537483166297,-1.1568837903824911,2.1145375386991208,0,1
2454,4326905,5530202775,1280.0,1295.0,1265.0,1265.0,-30.0,10206,47.94685721857444,12.703110258448305,-6.983279669504341,19.686389927952646,1296.5,1276.7611532801434,0.7593865152873106,-1.0841208187294482,1.843507334016759,0,1
2454,4182334,5275535820,1265.0,1275.0,1255.0,1255.0,-10.0,8709,46.166080351311315,9.012853147906299,-8.538829424037079,17.551682571943378,1294.25,1275.1492160001328,0.2960640891675179,-1.237954595879393,1.5340186850469109,0,1
2454,4605044,5717344476,1260.0,1265.0,1230.0,1235.0,-20.0,11474,42.746559876462605,4.423473894371682,-10.502566942057356,14.926040836429038,1292.25,1272.175200000123,-0.30615292712068126,-1.4721372897340739,1.1659843626133926,0,1
2454,4349007,5454514520,1240.0,1275.0,1230.0,1270.0,35.0,7255,49.75976582416327,3.569419221153794,-9.085297292220197,12.654716513373991,1292.0,1272.0140740741879,-0.6338553318419252,-1.4398717555642544,0.8060164237223291,0,1
2454,3985278,4960974080,1260.0,1265.0,1230.0,1240.0,-30.0,7815,44.70491678368189,0.46644853163934386,-9.750614385387719,10.217062917027063,1288.75,1269.6426611798036,-0.9422235481304793,-1.3985919774822466,0.4563684293517674,0,1
2454,4531599,5776061685,1255.0,1290.0,1245.0,1285.0,45.0,7013,52.499670951981265,1.61977407653103,-6.877831072396827,8.497605148927857,1286.5,1270.7802418331514,-0.9302094214793957,-1.1092622806649306,0.17905285918553482,0,1
2454,4926471,6292653555,1285.0,1300.0,1260.0,1275.0,-10.0,7151,50.7863639218341,1.7071969498617818,-5.432326559252861,7.1395235091146425,1284.75,1271.0928165121773,-1.0152284263959404,-0.9554250284651802,-0.05980339793076023,0,1
2454,2634995,3323655575,1265.0,1270.0,1255.0,1265.0,-10.0,4531,49.06207817224799,0.9585146204215107,-4.944807110954506,5.903321731376017,1283.0,1270.6414967705346,-1.0735814277885876,-0.8110224238862618,-0.2625590039023257,0,1
2454,6437379,8349403790,1280.0,1310.0,1270.0,1310.0,45.0,10922,56.259017615182266,3.9507604919947426,-1.5620489915050193,5.512809483499762,1285.0,1273.5569414541987,-1.144620284662113,-0.7056490246078297,-0.4389712600542832,1,0
2454,7734600,10046168660,1325.0,1330.0,1280.0,1280.0,-30.0,8760,51.07779566697704,3.856927365825868,-1.3247056941391158,5.181633059964984,1283.25,1274.034205050184,-1.3210927004030586,-0.7056971522790203,-0.6153955481240383,0,1
2454,3272636,4185567280,1280.0,1290.0,1270.0,1280.0,0.0,5069,51.07779566697704,3.7394577955701607,-1.153740211515859,4.89319800708602,1280.5,1274.4761157872074,-1.2473857185539343,-0.5055921363439168,-0.7417935822100176,0,1
2454,3069870,3882721705,1270.0,1285.0,1250.0,1250.0,-30.0,7171,46.14868314952593,1.211645935163915,-2.945241657537684,4.156887592701599,1278.0,1272.6630701733402,-1.3027852650494376,-0.448793346271536,-0.8539919187779016,0,1
2454,4374911,5459813114,1260.0,1265.0,1240.0,1255.0,5.0,6775,47.065554467049374,-0.38378097467193584,-3.6325348538988282,3.2487538792268924,1276.25,1271.3546946049446,-1.204939753012372,-0.28075826738757625,-0.9241814856247957,0,1
2454,4324490,5418649990,1235.0,1270.0,1225.0,1255.0,0.0,5275,47.06555446704938,-1.6293857504729203,-3.9025117037598505,2.27312595328693,1274.5,1270.143235745319,-1.0713928106538686,-0.11776906002325827,-0.9536237506306103,0,1
2454,4705833,6127313545,1275.0,1315.0,1270.0,1310.0,55.0,10639,56.51155543502306,1.800745957950312,-0.3779039962692945,2.1786499542196065,1275.25,1273.0955886530733,-0.7025702570257306,0.20084279488390389,-0.9034130519096345,1,0
2454,6211010,8141226882,1325.0,1330.0,1295.0,1315.0,5.0,7911,57.258268461588415,4.866510163034718,2.1502881670520892,2.716221995982629,1276.5,1276.199619123216,-0.41004100410043814,0.3946976382473571,-0.8047386423477952,1,0
2454,4844752,6364952020,1315.0,1325.0,1305.0,1320.0,5.0,6345,58.034264274320826,7.61186376914884,3.916513418532969,3.6953503506158714,1277.25,1279.4440917807556,0.15508529691329914,0.7678591514088755,-0.6127738544955764,1,0
2454,5559581,7367160465,1325.0,1335.0,1310.0,1325.0,5.0,10447,58.8390446818703,10.074897349219555,5.103637598882946,4.971259750336609,1278.25,1282.8186035006995,0.33993201359726327,0.7621646944742717,-0.4222326808770085,1,0
2454,4364288,5747214795,1325.0,1340.0,1300.0,1305.0,-20.0,11555,54.34930440774317,10.294369272645781,4.258487617847337,6.035881654798444,1279.5,1284.461669908055,0.4896817068905025,0.7295315102140087,-0.2398498033235063,1,0
2454,4592126,6045281525,1320.0,1325.0,1300.0,1325.0,20.0,5865,57.81579597210736,11.944447055698902,4.726852320720366,7.217594734978536,1281.0,1287.464509174125,0.773684735948871,0.8108276314179018,-0.037142895469030844,1,0
2454,8230114,11015978916,1315.0,1360.0,1310.0,1350.0,25.0,12323,61.727976354450924,15.095425979108313,6.302264995303821,8.793160983804492,1285.25,1292.0967677538194,0.8670952309762324,0.7233905011562106,0.14370472982002183,1,0
2454,7633823,10191659690,1320.0,1355.0,1305.0,1350.0,0.0,9374,61.727976354450924,17.39211401335683,6.879162423641871,10.51295158971496,1290.0,1296.3858960683513,1.139133462667255,0.7963429862777864,0.34279047638946847,1,0
2454,8447774,11722376470,1370.0,1400.0,1370.0,1380.0,30.0,20476,66.10300431580801,21.386475134054535,8.69881883547166,12.687656298582876,1297.25,1302.5795333966216,1.5584673416716264,0.9725414922257263,0.5859258494459001,1,0
2454,6733740,9392980005,1385.0,1410.0,1365.0,1410.0,30.0,14746,69.81856207552102,26.665402221392696,11.182196738247855,15.483205483144841,1304.25,1310.5366049968718,2.2710405224877706,1.3480917384334963,0.9229487840542742,1,0
2454,7521031,10583170115,1435.0,1440.0,1385.0,1385.0,-25.0,18946,63.5655658886786,28.503132535160148,10.415941641612243,18.087190893547906,1311.5,1316.0524120341406,2.78682055835058,1.4910974194370448,1.2957231389135353,1,0
2454,9362088,13364542220,1390.0,1445.0,1390.0,1425.0,40.0,18088,68.43644976483094,32.8090109002469,11.777456005359198,21.031554894887705,1318.5,1324.1226037353154,3.478773584905649,1.746440356793691,1.7323332281119581,1,0
2454,6198374,8798918600,1430.0,1430.0,1405.0,1420.0,-5.0,9091,67.2265995988096,35.409810064913245,11.50260413602043,23.907205928892814,1325.75,1331.224633088255,3.7075079481535878,1.5801397760333038,2.127368172120284,1,0
2454,6719997,9496773480,1400.0,1430.0,1395.0,1420.0,0.0,10465,67.2265995988096,37.04394262908295,10.509389360152106,26.534553268930843,1333.5,1337.8005861928286,3.8721767912772482,1.3958468953255712,2.476329895951677,1,0
2454,5731484,8030795624,1420.0,1425.0,1390.0,1390.0,-30.0,8536,59.862501055456065,35.508930334582374,7.179501652521225,28.32942868206115,1337.5,1341.6672094378043,3.8450356156418017,1.0949645757520994,2.7500710398897024,1,0
2454,4417200,6243376090,1405.0,1425.0,1400.0,1410.0,20.0,6948,62.78896776805795,35.49706679519227,5.734110490504893,29.762956304687375,1344.0,1346.7288976275966,3.9573379663143475,0.965813541139716,2.9915244251746316,1,0
2454,3278608,4639180175,1430.0,1430.0,1405.0,1405.0,-5.0,5156,61.580155784639274,34.68438662279027,3.937144254482316,30.747242368307955,1350.25,1351.045275581108,4.0874159462055495,0.8767132168247342,3.2107027293808152,1,0
2454,2449652,3471607295,1420.0,1430.0,1410.0,1410.0,5.0,4418,62.360531205595954,34.05126812164599,2.643220602670425,31.408047518975565,1358.25,1355.4122922047295,4.242641780330207,0.8255512407595127,3.417090539570694,1,0
2454,2448448,3484465905,1420.0,1430.0,1415.0,1420.0,10.0,4902,63.93817990632186,33.964907266086584,2.045487797688814,31.91941946839777,1366.5,1360.1965668562311,4.244114002478309,0.6616187703260916,3.582495232152217,1,0
2454,2406377,3443523815,1420.0,1440.0,1420.0,1430.0,10.0,5985,65.49566933983822,34.30790195456757,1.9107859889358352,32.397115965631734,1375.25,1365.3671915335474,4.247900953465209,0.5323245770503928,3.7155763764148158,1,0
2454,2890276,4117831075,1430.0,1435.0,1420.0,1420.0,-10.0,5362,62.58474679680695,33.38793594748495,0.7926559854825683,32.59527996200238,1380.75,1369.414066234766,4.168439967844114,0.36229087314343866,3.8061490947006758,1,0
2454,3371199,4756664780,1410.0,1425.0,1400.0,1415.0,-5.0,7737,61.12199620699798,31.887815161907838,-0.5659718400756333,32.45378700198347,1385.75,1372.7908020692278,3.801582815149789,-0.0036530236407097405,3.8052358387904985,1,0
2454,7374055,10011026495,1395.0,1400.0,1335.0,1350.0,0.0,26063,46.05291056601873,25.163927763955144,-5.831887390422665,30.99581515437781,1387.25,1371.1025945085441,3.3826986365773255,-0.3380297617705388,3.7207283983478643,0,1
2454,6413343,8684840857,1365.0,1370.0,1335.0,1365.0,15.0,10151,49.1674501339185,20.80573760585594,-8.152062038817498,28.957799644673436,1389.25,1370.6505504708741,2.6828811097052223,-0.8302778309141137,3.513158940619336,0,1
2454,7760498,10980061110,1390.0,1425.0,1390.0,1425.0,60.0,14520,59.291524891013246,21.9404235206689,-5.613900899203632,27.554324419872533,1395.25,1374.6764356211797,2.224709668392317,-1.0307594177816153,3.255469086173932,1,0
2454,13043149,19029056158,1445.0,1500.0,1415.0,1490.0,65.0,27139,66.96704284215771,27.764574325486137,0.1681999244908816,27.596374400995256,1403.5,1383.2189218714627,1.9785006023538,-1.0215747870561058,3.000075389409906,1,0
2454,11341648,16799397207,1500.0,1500.0,1460.0,1470.0,-20.0,19669,63.0291351847571,30.41580843951124,2.255547230812784,28.160261208698454,1409.5,1389.647149880984,2.006642679213956,-0.79474616815676,2.801388847370716,1,0
2454,7283127,10619853655,1470.0,1480.0,1440.0,1440.0,-30.0,14596,57.56135142846543,29.753204871416756,1.2743549301746384,28.478849941242117,1414.0,1393.3769906305408,1.8342297614122203,-0.7737272687667966,2.607957030179017,1,0
2454,7456378,10977244936,1460.0,1495.0,1445.0,1465.0,25.0,12703,60.62666967187295,30.88930515428956,1.928364170437952,28.960940983851607,1418.25,1398.6823987319822,1.7857142857142858,-0.6577941955717852,2.443508481286071,1,0
2454,10467556,14785600300,1435.0,1460.0,1385.0,1390.0,-75.0,30506,49.155834576153154,25.444491357061224,-2.8131597014323084,28.257651058493533,1417.25,1398.0392580851687,1.4854426619132448,-0.7664526554982609,2.2518953174115057,0,1
2454,5672581,7934393535,1385.0,1415.0,1380.0,1400.0,10.0,10105,50.500624552528656,21.686366685647954,-5.257027498276464,26.94339418392442,1418.0,1398.1844982270081,1.1032093362508983,-0.9189487849284861,2.0221581211793844,0,1
2454,6608704,9392555305,1390.0,1445.0,1390.0,1420.0,20.0,9999,53.16850312361069,20.090270527866778,-5.482498924846112,25.57276945271289,1417.75,1399.8004613213038,0.7820670213249566,-0.9920728798835424,1.774139901208499,1,0
2454,7526306,10959335965,1450.0,1470.0,1430.0,1460.0,40.0,12053,58.03953840815866,21.801702079145116,-3.0168538988542224,24.81855597799934,1419.75,1404.2596864086147,0.7162609365791546,-0.8463031717034757,1.5625641082826303,1,0
2454,5593733,8016913060,1450.0,1455.0,1420.0,1430.0,-30.0,8875,53.541532891438635,20.50095241613917,-3.4540828494881346,23.955035265627306,1420.25,1406.166376304273,0.585787307187748,-0.7814214408759059,1.367208748063654,1,0
2454,4054089,5848835115,1425.0,1455.0,1425.0,1445.0,15.0,6526,55.40259271191127,20.444798664027758,-2.8081892812796383,23.252987945307396,1423.0,1409.042941022475,0.9663144585929586,-0.32071543157655635,1.287029890169515,1,0
2454,4729517,6929917275,1440.0,1475.0,1435.0,1465.0,20.0,9236,57.828308408774625,21.763255995974077,-1.1917855594666555,22.955041555440733,1425.75,1413.1879083541435,1.4022273321610226,0.092157953593206,1.3100693785678166,1,0
2454,6939769,10271774681,1480.0,1495.0,1465.0,1465.0,0.0,11316,57.82830840877462,22.54822107375594,-0.3254563853478345,22.873677459103774,1428.75,1417.0258410686513,1.4171953030098479,0.0857007395536249,1.331494563456223,1,0
2454,19472385,28977442706,1420.0,1525.0,1415.0,1500.0,35.0,28334,62.02089837087518,25.69828521077875,2.259686201339978,23.43859900943877,1433.25,1423.172075063566,1.2706537356321674,-0.0486726622592446,1.319326397891412,1,0
2454,8418410,12648914715,1510.0,1530.0,1480.0,1490.0,-10.0,18290,60.1799984475083,27.075705429690743,2.909685136201574,24.16602029348917,1436.75,1428.122291725524,1.196558214573804,-0.09821454665408647,1.2947727612278905,1,0
2454,9272623,14081050805,1505.0,1530.0,1490.0,1525.0,35.0,13028,64.18671826350136,30.63834855926916,5.1778626126239935,25.460485946645168,1441.5,1435.298418264374,1.4054609643830518,0.08855056252412896,1.3169104018589228,1,0
2454,9633472,14822104932,1530.0,1570.0,1520.0,1525.0,0.0,17483,64.18671826350136,33.08043820712396,6.095961808383034,26.984476398740927,1446.75,1441.9429798744204,1.387033573782156,0.05609853753858651,1.3309350362435695,1,0
2454,7062069,10728691173,1525.0,1530.0,1505.0,1525.0,0.0,11358,64.18671826350136,34.61677125650158,6.105835886208521,28.51093537029306,1452.25,1448.0953517355745,1.8555511164380383,0.41969286415557505,1.4358582522824632,1,0
2454,9291243,13801284039,1505.0,1510.0,1475.0,1480.0,-45.0,19899,55.25813693031745,31.836214286566474,2.6602231330187323,29.17599115354774,1458.75,1450.4586590144208,2.113237639553414,0.5419035098167606,1.5713341297366534,1,0
2454,8734703,13207679005,1490.0,1530.0,1490.0,1510.0,30.0,11192,59.32073458616674,31.688071768394366,2.009664491877299,29.678407276517067,1466.0,1454.8691287170564,2.3594909862142135,0.6305254851820479,1.7289655010321656,1,0
2454,8078186,12184246270,1530.0,1540.0,1480.0,1485.0,-25.0,21212,54.851038057357755,29.216586071611346,-0.36945696392457705,29.586043035535923,1469.0,1457.1010451083855,2.326761060385513,0.4782364474826777,1.8485246129028352,1,0
2454,4801436,7239919170,1495.0,1520.0,1485.0,1520.0,35.0,7853,59.45680736286441,29.73930712317315,0.12261127010977901,29.61669585306337,1470.5,1461.7602269522088,2.5984598459845896,0.5999481864654033,1.9985116595191863,1,0
2454,4867021,7398870815,1515.0,1535.0,1505.0,1505.0,-15.0,8554,56.7832908669629,28.613355729118666,-0.8026720991557639,29.41602782827443,1472.25,1464.963173103897,2.7111872146118667,0.570140444074144,2.1410467705377227,1,0
2454,8095856,12386691075,1515.0,1545.0,1510.0,1545.0,40.0,11050,61.72573287288558,30.596005141421983,0.9439818505180391,29.652023290903944,1477.5,1470.8918269480528,2.8156996587030716,0.5397223105322788,2.275977348170793,1,0
2454,5461888,8359528915,1550.0,1550.0,1520.0,1535.0,-10.0,8901,59.88194695711559,31.00296972209935,1.0807571449563227,29.92221257714303,1481.0,1475.6405805074562,2.715001088613092,0.35121899235383935,2.3637820962592526,1,0
2454,4710329,7242322405,1535.0,1545.0,1525.0,1540.0,5.0,7304,60.51699865930808,31.367366818389655,1.1561233929973014,30.211243425392354,1488.5,1480.4079449143112,2.4729085392284116,0.08730115437532726,2.3856073848530843,1,0
2454,7150167,10837847830,1545.0,1545.0,1500.0,1500.0,-40.0,19681,53.254291728579716,28.104517058293368,-1.6853810936791902,29.789898151972558,1493.5,1481.859208253992,2.3296560674886244,-0.044761053891567926,2.3744171213801923,1,0
2454,5756665,8675140570,1500.0,1525.0,1490.0,1510.0,10.0,8561,54.71740234948937,26.02559468718323,-3.011442771831465,29.037037459014694,1498.0,1483.9437113462889,2.1922428330522767,-0.14573943066233275,2.3379822637146095,1,0
2454,6497488,9923578445,1500.0,1545.0,1495.0,1545.0,35.0,9834,59.49585823175852,26.892244172072196,-1.7158346295539992,28.608078801626196,1502.25,1488.466399394712,2.1059899879164345,-0.18559382063854013,2.2915838085549747,1,0
2454,8502805,13096692819,1525.0,1560.0,1510.0,1550.0,5.0,13187,60.14292385565339,27.663639134055757,-0.755551734056354,28.41919086811211,1508.25,1493.0244438839925,1.955848179705645,-0.2685885030794637,2.2244366827851088,1,0
2454,8063842,12531654210,1555.0,1575.0,1525.0,1560.0,10.0,12099,61.468720759524466,28.750474057158726,0.26502655123729113,28.485447505921435,1514.0,1497.985596188882,2.152822494097424,-0.05729135095014781,2.2101138450475717,1,0
2454,12022234,18461918925,1555.0,1575.0,1515.0,1515.0,-45.0,19253,52.935452628444175,25.6845985803061,-2.2406791404922686,27.92527772079837,1516.5,1499.245922397113,1.8528027385536796,-0.28584888519511376,2.1386516237487934,0,1
2454,11544405,17065859785,1490.0,1495.0,1465.0,1470.0,-45.0,30460,46.050785556252094,19.400113821173136,-6.820131119700189,26.220244940873325,1516.75,1497.0795577751046,1.5867930975567917,-0.44148682095360137,2.028279918510393,0,1
2454,8330012,12336290155,1435.0,1510.0,1435.0,1505.0,35.0,15675,51.350526827372285,17.047311074602476,-7.338347093016679,24.385658167619155,1517.0,1497.666257199171,1.2828709031240544,-0.596327212309071,1.8791981154331254,0,1
2454,6674087,10051018845,1505.0,1530.0,1490.0,1505.0,0.0,10556,51.35052682737229,15.009675748091468,-7.500785935622151,22.51046168371362,1517.75,1498.20949740664,1.1664538101319544,-0.5701954442409369,1.7366492543728913,0,1
2454,3240661,4847368380,1505.0,1510.0,1485.0,1495.0,-10.0,8829,49.73168636311296,12.444466580618837,-8.052796082475826,20.497262663094663,1516.25,1497.971756858,0.7225126439712478,-0.8113092883213148,1.5338219322925626,0,1
2454,5873135,8612824705,1475.0,1485.0,1450.0,1465.0,-30.0,22901,45.13467664985031,7.899707642221529,-10.07804401669851,17.977751658920038,1513.25,1495.529404498148,0.2846098296588798,-0.9993696821069463,1.2839795117658261,0,1
2454,10835218,15344073454,1450.0,1460.0,1395.0,1395.0,-70.0,45490,36.62709415693811,-1.3350716701093006,-15.450258663223472,14.115186993114172,1506.75,1488.0827819427298,-0.33831226860717245,-1.2978334242983989,0.9595211556912264,0,1
2454,10487926,14267901375,1320.0,1390.0,1320.0,1385.0,-10.0,25009,35.59487954094425,-9.352803932817324,-18.7743927407452,9.421588807927874,1502.0,1480.4470203173423,-0.7718220971387364,-1.3850746022639702,0.6132525051252339,0,1
2454,8365942,11777174615,1375.0,1425.0,1375.0,1410.0,25.0,12826,40.13692282744811,-13.533616344536767,-18.36416412197171,4.830547777434946,1497.0,1475.2287225160578,-1.0984314228319967,-1.3693471423657844,0.2709157195337878,0,1
2454,7308998,10304679577,1430.0,1440.0,1390.0,1390.0,-20.0,12805,37.83795347765745,-18.250393973723703,-18.46475340092692,0.2143594272032161,1492.25,1468.9154838111647,-1.7075888074731285,-1.582803621605533,-0.12478518586759546,0,1
2454,7265400,10227486165,1400.0,1430.0,1390.0,1400.0,10.0,8879,39.69779935724306,-20.9401725268051,-16.923625563206652,-4.016546963598447,1486.25,1463.8106331584859,-2.228957097412101,-1.6833375292356043,-0.5456195681764966,0,1
2454,5027826,7174512270,1415.0,1440.0,1415.0,1425.0,25.0,8244,44.19315269768228,-20.814612447004947,-13.4384523867252,-7.376160060279748,1482.25,1460.9357714430425,-2.732523058357053,-1.749522792144445,-0.9830002662126079,0,1
2454,10558598,15597290320,1450.0,1500.0,1445.0,1475.0,50.0,16566,51.91398529274366,-16.49043161585655,-7.291417244461442,-9.199014371395108,1478.75,1461.9775661509652,-2.8310029345762233,-1.4784021346908922,-1.352600799885331,0,1
2454,8043123,11933903510,1500.0,1515.0,1460.0,1465.0,-10.0,12703,50.411799914538555,-13.712336302382937,-3.6106575447902625,-10.101678757592675,1475.25,1462.2014501397825,-2.8213098476017935,-1.17496723817317,-1.6463426094286235,0,1
2454,6559527,9745443875,1495.0,1500.0,1465.0,1485.0,20.0,9855,53.321011297529644,-9.78405836387924,0.2540963149707487,-10.038154678849988,1472.5,1463.8902316109097,-2.8706583722135797,-0.9794526102279648,-1.8912057619856149,1,0
2454,4914917,7303573220,1495.0,1500.0,1475.0,1480.0,-5.0,7474,52.49189796040339,-6.993708886545846,2.435556633843314,-9.42926552038916,1471.5,1465.0835477878793,-2.9984877943400425,-0.885825625883542,-2.1126621684565006,1,0
2454,4129520,6168251990,1500.0,1505.0,1480.0,1480.0,0.0,7655,52.491897960403385,-4.727837257449437,3.7611426103517793,-8.488979867801216,1470.0,1466.1884701739623,-2.98213745080232,-0.6955802258766557,-2.2865572249256645,1,0
2454,8622310,13173707790,1505.0,1540.0,1505.0,1525.0,45.0,20948,59.125900027845894,0.6910403694203069,7.344016189777219,-6.652975820356912,1469.0,1470.5448797907059,-2.695283793714623,-0.3269812550311664,-2.3683025386834564,1,0
2454,4039361,6153186695,1535.0,1540.0,1515.0,1515.0,-10.0,6644,57.21392662661909,4.131003862045645,8.627183745922046,-4.4961798838764,1467.25,1473.837851658061,-1.9446247025740997,0.3389422688874857,-2.2835669714615854,1,0
2454,4922392,7343806075,1500.0,1510.0,1480.0,1485.0,-30.0,10365,51.80194756683528,4.385892594307279,7.105657982546944,-2.7197653882396646,1463.5,1474.6646774611677,-1.2540610786224868,0.823604714271279,-2.077665792893766,1,0
2454,4752661,6988697440,1470.0,1495.0,1455.0,1465.0,-20.0,13110,48.507684186648035,2.940168466087016,4.527947083461345,-1.5877786173743287,1461.0,1473.9487754270071,-0.7508680555555748,1.061438189870553,-1.8123062454261278,1,0
2454,8456107,11888354050,1420.0,1440.0,1390.0,1390.0,-75.0,27974,38.5955819039649,-4.208933554211853,-2.09692394947002,-2.1120096047418335,1457.0,1467.7303476175991,-0.46574388439106656,1.077249888828049,-1.5429937732191157,0,1
2454,6663880,9603895550,1410.0,1460.0,1410.0,1460.0,70.0,12331,49.05841199188261,-4.178071221919481,-1.652849293742118,-2.525221928177363,1454.75,1467.1577292755549,0.004358437935826748,1.237881768923954,-1.2335233309881273,1,0
2454,4680070,6764240810,1460.0,1460.0,1435.0,1435.0,-25.0,8403,46.04108906638821,-6.100579978990254,-2.8602864406503126,-3.2402935383399414,1451.25,1464.7756752551434,0.3496809161639816,1.2665633977216872,-0.9168824815577056,0,1
2454,2148387,2782161165,1295.0,1295.0,1295.0,1295.0,-140.0,14866,33.5840655207347,-18.705387922803766,-12.37207550757106,-6.333312415232706,1441.25,1452.199699310318,-0.004400440044018408,0.7299856332109498,-0.7343860732549682,0,1
2454,19252718,24229978295,1255.0,1300.0,1225.0,1260.0,-35.0,40100,31.303775387241906,-31.159805680232466,-19.861194611999807,-11.298611068232658,1431.0,1437.9626845465907,-0.38811266356176577,0.27701872775456193,-0.6651313913163277,0,1
2454,20017897,24055879685,1250.0,1255.0,1140.0,1185.0,-75.0,51334,27.06329200612734,-46.54534887274531,-28.19739024361012,-18.34795862913519,1420.5,1419.22470791351,-1.2507271669575388,-0.4684766205129688,-0.78225054644457,0,1
2454,2039439,2651270700,1300.0,1300.0,1300.0,1300.0,115.0,4416,40.3959233726961,-48.89532887972564,-24.43789620047236,-24.45743267925328,1416.25,1410.3932480680648,-1.849853899752766,-0.8540826826465567,-0.9957712171062093,0,1
2454,17343947,23239311570,1280.0,1395.0,1250.0,1385.0,85.0,30417,47.966949887803864,-43.398642801094866,-15.152968097473266,-28.2456747036216,1415.0,1408.5122667296896,-2.0881251973120545,-0.8738831841646761,-1.2142420131473783,0,1
2454,12977957,18237704555,1410.0,1425.0,1385.0,1400.0,15.0,20591,49.19341672378822,-37.40096974460539,-7.324236032787031,-30.07673371181836,1415.5,1407.8817284534164,-2.5440976933514294,-1.0638845441632407,-1.4802131491881887,0,1
2454,6829960,9519040535,1405.0,1415.0,1375.0,1385.0,-15.0,14509,47.97560084962801,-33.47229746679045,-2.716451003977671,-30.75584646281278,1414.75,1406.186785605015,-3.0189620758483153,-1.2309991413281012,-1.7879629345202142,0,1
2454,5794610,7967862075,1370.0,1385.0,1365.0,1365.0,-20.0,12242,46.32877058793802,-31.608268787969337,-0.6819378601252417,-30.926330927844095,1411.75,1403.1359125972363,-3.463882823871937,-1.340735911481378,-2.123146912390559,0,1
2454,6954102,9290936420,1340.0,1350.0,1315.0,1340.0,-25.0,15307,44.28253520881883,-31.78194126139465,-0.6844882668404431,-31.097452994554207,1405.0,1398.4591783307744,-4.059040590405914,-1.5487149424122841,-2.51032564799363,0,1
2454,3602072,4917730681,1350.0,1380.0,1345.0,1365.0,25.0,7330,46.812414347315936,-29.561520079475486,1.228746332062979,-30.790266411538465,1400.0,1395.980720676643,-4.1547016728201,-1.3155008198611764,-2.839200852958924,0,1
2454,3123347,4194210360,1355.0,1355.0,1325.0,1345.0,-20.0,8010,45.050117653593716,-29.080432030057636,1.367867505184666,-30.448299535242302,1393.0,1392.2043709968916,-4.66666666666667,-1.4619726509661963,-3.2046940157004733,0,1
2454,5199584,6872585530,1330.0,1355.0,1300.0,1300.0,-45.0,19179,41.284213974561574,-31.961853848547435,-1.2108434506441057,-30.75101039790333,1384.0,1385.3744175897145,-5.23436784766091,-1.6237390655683495,-3.6106287820925607,0,1
2454,6303810,8563742601,1340.0,1375.0,1340.0,1370.0,70.0,10866,48.49660618578989,-28.27109483057143,1.9839324538655205,-30.25502728443695,1378.5,1384.2355718423282,-4.709547370350018,-0.8791348706059656,-3.8304124997440523,0,1
2454,6331633,8522102810,1375.0,1375.0,1325.0,1330.0,-40.0,13936,45.08832663491596,-28.248179989358732,1.605477836062576,-29.85365782542131,1368.75,1380.2181220762297,-4.042074319048288,-0.16932945544338818,-3.8727448636048996,0,1
2454,7381768,10192478505,1375.0,1390.0,1370.0,1380.0,50.0,13014,49.83430137564093,-23.91970619650715,4.747161303131328,-28.666867499638478,1362.0,1380.201964885398,-2.6227318780510367,1.0000103884430906,-3.6227422664941273,1,0
2454,5546486,7564477485,1385.0,1390.0,1350.0,1350.0,-30.0,13530,47.19842990561808,-22.649024949156,4.814274040385982,-27.463298989541983,1355.25,1377.9647823012945,-2.0120120120120175,1.288584203585688,-3.3005962155977056,0,1
2454,5933337,8045158791,1350.0,1370.0,1335.0,1370.0,20.0,10386,49.130173735917005,-19.799926821468944,6.130697734458433,-25.930624555927377,1350.5,1377.3747984271245,-1.7890248424175077,1.2092570985441586,-2.9982819409616663,1,0
2454,5687722,7714260515,1370.0,1370.0,1350.0,1350.0,-20.0,9806,47.26785804261086,-18.93752883742377,5.594476574802886,-24.532005412226656,1348.5,1375.3470355806708,-1.7350451204763355,1.010589456388265,-2.7456345768646004,1,0
2454,17916167,23509378545,1370.0,1370.0,1290.0,1300.0,-50.0,64942,42.8906944970189,-22.034652595366424,1.9978822534881857,-24.03253484885461,1340.5,1369.7657736858062,-1.7554932211313778,0.792113084586578,-2.547606305717956,0,1
2454,7473805,9747478020,1310.0,1335.0,1290.0,1295.0,-5.0,16819,42.467183209036726,-24.608927304918552,-0.4611139648511511,-24.1478133400674,1333.5,1364.2275682275983,-1.5457368718238333,0.801495547115298,-2.3472324189391314,0,1
2454,7890120,10117638665,1295.0,1300.0,1275.0,1280.0,-15.0,25321,41.15430886221141,-27.541946780437684,-2.7153067522962253,-24.82664002814146,1332.75,1357.9884890996282,-1.2576381980957922,0.8716753766746712,-2.1293135747704635,0,1
2454,6119782,7833289070,1285.0,1300.0,1265.0,1275.0,-5.0,14950,40.702603419258224,-29.924888571451902,-4.0785988346483535,-25.84628973680355,1333.5,1351.8411936107668,-1.2223016440314627,0.7256095445912008,-1.9479111886226634,0,1
2454,6304556,8138686536,1285.0,1305.0,1275.0,1290.0,15.0,11702,42.73331385979747,-30.25426019037809,-3.526376362859633,-26.727883827518458,1338.75,1347.2603644544138,-1.0680076628352682,0.7039228206299164,-1.7719304834651846,0,1
2454,6740443,8816540890,1295.0,1325.0,1280.0,1325.0,35.0,11794,47.27089345882165,-27.375514191640605,-0.5181042912977176,-26.857409900342887,1340.0,1345.6114485689016,-0.7269324888441132,0.8359983956968572,-1.5629308845409704,0,1
2454,5353789,7050780685,1320.0,1325.0,1305.0,1315.0,-10.0,12850,46.145844451078794,-25.60583554087316,1.0012594875757834,-26.607095028448942,1336.5,1343.343933860094,-0.655295364748982,0.7261084158335908,-1.3814037805825727,0,1
2454,10308570,13956016690,1350.0,1365.0,1345.0,1355.0,40.0,17085,51.153722841974364,-20.736647588951428,4.696357951598014,-25.43300554054944,1334.25,1344.2073461667537,-0.26803824978267693,0.8906924246399166,-1.1587306744225936,1,0
2454,6786896,9238538490,1370.0,1375.0,1345.0,1360.0,5.0,12709,51.75761311900291,-16.286581272329613,7.317139414575863,-23.603720686905476,1333.0,1345.3771723766238,-0.5808628585201363,0.4622942527219658,-1.043157111242102,1,0
2454,5860573,8027559070,1365.0,1380.0,1350.0,1370.0,10.0,11993,53.008899907653785,-11.816739214892777,9.42958517761016,-21.246324392502938,1333.25,1347.2010855339108,-0.7712267550814395,0.21754428492853017,-0.9887710400099696,1,0
2454,3651046,4984158740,1365.0,1375.0,1360.0,1365.0,-5.0,7619,52.278756764832345,-8.57892291103326,10.133921185175744,-18.712844096209004,1334.5,1348.51952364251,-1.314594387877063,-0.2606586782936746,-1.0539357095833883,1,0
2454,7591783,10048326155,1345.0,1350.0,1310.0,1310.0,-55.0,25404,44.94512382200907,-10.331871129820911,6.704778373110475,-17.036649502931386,1331.75,1345.6662255949166,-1.591397849462363,-0.4299697119031798,-1.1614281375591833,0,1
2454,5952630,7911812063,1330.0,1350.0,1315.0,1315.0,5.0,9616,45.69098472831176,-11.188661088930075,4.67839073120105,-15.867051820131126,1330.25,1343.3946533286264,-1.3001005602643325,-0.11093793816411934,-1.1891626221002132,0,1
2454,4523644,6053389365,1325.0,1345.0,1320.0,1340.0,25.0,8676,49.383393447200845,-9.7381271698398,4.903139720233062,-14.641266890072862,1332.25,1343.143197526506,-0.8490430277737947,0.2720956754611349,-1.1211387032349296,1,0
2454,3388750,4503198930,1325.0,1340.0,1320.0,1325.0,-15.0,6631,47.305215194695194,-9.687274359500407,3.963194024457964,-13.650468383958371,1330.0,1341.799256968987,-0.3964249675652391,0.5797709885357525,-0.9761959561009915,0,1
2454,4462357,5879825325,1335.0,1340.0,1310.0,1315.0,-10.0,11447,45.91789328608371,-10.334756922801262,2.6525691689256874,-12.987326091726949,1329.25,1339.8141268231361,-0.002406043982500193,0.7790319296947931,-0.7814379736772933,0,1
2454,7955667,10251122085,1305.0,1305.0,1275.0,1280.0,-35.0,29930,41.34734238121931,-13.516291615725777,-0.42317241919906223,-13.093119196526715,1324.25,1335.383450762163,0.10845986984815091,0.7119182748203554,-0.6034584049722045,0,1
2454,6608314,8471750200,1280.0,1290.0,1270.0,1280.0,0.0,11687,41.34734238121931,-15.854915188635687,-2.2094367936871766,-13.64547839494851,1320.75,1331.2809729279286,0.07248477819658664,0.540754546535033,-0.4682697683384463,0,1
2454,8817184,11272137395,1300.0,1305.0,1270.0,1280.0,0.0,17752,41.34734238121931,-17.50648733050366,-3.0888071484441184,-14.417680182059541,1316.25,1327.4823823406746,0.04115226337447062,0.40753762537033356,-0.3663853619958629,0,1
2454,20205556,25707789050,1285.0,1305.0,1260.0,1260.0,-20.0,16151,38.604855678458705,-20.196391574639392,-4.62296911406388,-15.573422460575513,1311.75,1322.4836873524764,-0.44108380592313684,-0.05975875514181911,-0.38132505078131773,0,1
2454,11219790,14031392770,1250.0,1270.0,1230.0,1260.0,0.0,31804,38.604855678458705,-22.073708101245757,-5.200228512536192,-16.873479588709564,1309.75,1317.8552660671078,-0.7537077558959586,-0.29790616409171267,-0.45580159180424595,0,1
2454,5807284,7420084345,1270.0,1290.0,1265.0,1275.0,15.0,9345,41.953752079653476,-22.096406712105363,-4.17834169871664,-17.918065013388723,1308.75,1314.6808019139887,-1.1956945256185607,-0.5919143470514517,-0.603780178567109,0,1
2454,10763483,13687995446,1280.0,1290.0,1260.0,1275.0,0.0,18189,41.95375207965348,-21.862379621330547,-3.1554516863534587,-18.706927934977088,1308.5,1311.7414832536933,-1.463188235868897,-0.6875264458414304,-0.7756617900274666,0,1
2454,16144910,20131853280,1260.0,1265.0,1235.0,1245.0,-30.0,40568,37.241830347543896,-23.82304352888491,-4.092892475126256,-19.730151053758654,1307.0,1306.7976696793457,-1.5730667450749793,-0.6379239640380101,-0.9351427810369692,0,1
2454,10993646,13938119745,1250.0,1280.0,1245.0,1280.0,35.0,14901,45.00253890852332,-22.29566575242302,-2.052411758931491,-20.24325399349153,1306.5,1304.8126571105054,-1.535475628930834,-0.4802662783150917,-1.0552093506157423,0,1
2454,8132095,10447196795,1290.0,1300.0,1275.0,1285.0,5.0,11268,46.029314841673774,-20.446060192489313,-0.162244959198226,-20.283815233291087,1304.5,1303.3450528800975,-1.698419731206627,-0.5145683044727076,-1.1838514267339193,0,1
2454,11936093,15779324090,1300.0,1335.0,1300.0,1335.0,50.0,22546,55.06398459954956,-14.775331503738016,4.4067869836424585,-19.182118487380475,1305.5,1305.689863777868,-1.7360086554539333,-0.4417257829760113,-1.294282872477922,1,0
2454,12029172,15853485250,1340.0,1345.0,1305.0,1315.0,-20.0,18471,51.36035900655081,-11.759514650685105,5.938083069356296,-17.6975977200414,1303.5,1306.3795034980258,-1.7939644156099748,-0.39974523450564203,-1.3942191811043327,1,0
2454,11678446,15047244306,1300.0,1305.0,1280.0,1285.0,-30.0,21736,46.32687817269706,-11.655846009111656,4.833401368743797,-16.489247377855452,1299.75,1304.7958365722461,-1.7765000737137118,-0.3058247140875032,-1.4706753596262085,0,1
2454,9534606,11970931370,1255.0,1265.0,1250.0,1250.0,-35.0,30652,41.24792771970119,-14.233816777005813,1.8043444806797133,-16.038161257685527,1293.75,1300.7368857150427,-1.8958394806727727,-0.3401312968372512,-1.5557081838355216,0,1
2454,4284348,5390193035,1260.0,1270.0,1250.0,1255.0,5.0,9567,42.222438819635904,-15.692525307099459,0.27650876046885564,-15.969034067568314,1288.25,1297.3489682546692,-1.954413429823288,-0.31896419679021304,-1.635449233033075,0,1
2454,5831116,7402810590,1260.0,1280.0,1260.0,1275.0,20.0,9090,46.07540475546052,-15.061114322903904,0.7263357957315293,-15.787450118635434,1286.5,1295.6934891246938,-1.713257407681333,-0.062246539718606275,-1.6510108679627267,0,1
2454,5972295,7641957995,1265.0,1290.0,1260.0,1285.0,10.0,8699,47.94460736048282,-13.59706167918489,1.7523107515604366,-15.349372430745326,1285.0,1294.901378819161,-1.4655810510732883,0.14834385351155088,-1.6139249045848392,0,0
2454,4944842,6299243825,1280.0,1285.0,1265.0,1265.0,-20.0,8887,44.61377243105631,-13.890501212690651,1.1670969744437407,-15.057598187134392,1281.25,1292.6864618695936,-1.2666369798624642,0.27783033977790006,-1.5444673196403642,0,1
2454,5606034,7025571340,1265.0,1275.0,1245.0,1250.0,-15.0,11914,42.24339189197093,-15.158688867571982,-0.08087254435007019,-15.077816323221912,1277.5,1289.5245017311051,-1.104492429883349,0.3519799118056124,-1.4564723416889613,0,1
2454,4528761,5656629495,1230.0,1260.0,1225.0,1255.0,5.0,9235,43.32435048878449,-15.580674194130552,-0.40228629672691163,-15.17838789740364,1274.5,1286.9671312325047,-0.6998406056983567,0.6053053887924839,-1.3051459944908406,0,1
2454,4576079,5812811295,1275.0,1285.0,1260.0,1270.0,15.0,7391,46.55591593664596,-14.537150741216237,0.5129897249499233,-15.05014046616616,1274.0,1285.7103066967636,-0.48204206004297867,0.6584831475582895,-1.1405252076012682,0,1
2454,6418795,8295907405,1280.0,1300.0,1280.0,1295.0,25.0,12246,51.51765064329257,-11.559607856554521,2.7924260876893126,-14.352033944243834,1274.75,1286.398432126633,-0.37231384307846715,0.6145690916182409,-0.9868829346967081,1,0
2454,5312078,6868062225,1295.0,1300.0,1285.0,1290.0,-5.0,8462,50.50768626929862,-9.493902088154982,3.8865054848710816,-13.380407573026064,1275.25,1286.6652149320676,-0.5901475368842369,0.31738831824997693,-0.9075358551342139,1,0
2454,5979958,7704618190,1285.0,1300.0,1280.0,1285.0,-5.0,8692,49.46340215257687,-8.16613942529898,4.171414518181669,-12.337553943480648,1276.5,1286.5418656778404,-0.621180242460698,0.2290844901388127,-0.8502647325995107,1,0
2454,7970814,10093427225,1290.0,1300.0,1250.0,1250.0,-35.0,14769,42.793469878512255,-9.824830906818534,2.0101784293296916,-11.835009336148225,1276.0,1283.835060812815,-0.6250941406838597,0.18013647353252082,-0.8052306142163805,0,1
2454,8803695,11339208385,1265.0,1305.0,1265.0,1275.0,25.0,14818,48.16969955491574,-9.018109635566589,2.253519760465309,-11.271629396031898,1276.0,1283.1806118637176,-0.3418287839943881,0.370721464177594,-0.7125502481719821,0,1
2454,7261051,9385839060,1295.0,1300.0,1275.0,1295.0,20.0,10333,52.051902689588324,-6.687850979907125,3.6670227328998184,-10.354873712806944,1277.0,1284.0561220960349,-0.1256155160285654,0.4695477857147334,-0.5951633017432988,1,0
2454,11872297,15207103239,1300.0,1300.0,1270.0,1270.0,0.0,14481,47.284238829750116,-6.780236922283166,2.859709432419022,-9.639946354702188,1278.25,1283.014927866699,-0.12816646562123724,0.3735974688976492,-0.5017639345188865,0,1
2454,7363385,9540997340,1290.0,1305.0,1285.0,1290.0,20.0,12605,51.139893245381316,-5.179909818192982,3.568029229207365,-8.747939047400347,1278.75,1283.532340617314,-0.1256155160285654,0.30091873479225684,-0.42653425082082225,1,0
2454,4549857,5848904360,1300.0,1300.0,1280.0,1280.0,-10.0,8070,49.20214933087209,-4.664782772900708,3.2665250195997126,-7.93130779250042,1278.5,1283.2706857567723,-0.08787787486192765,0.2709251007671157,-0.35880297562904334,1,0
2454,3658204,4652919095,1280.0,1280.0,1265.0,1270.0,-10.0,8411,47.273134154589314,-5.005754087581408,2.3404429639352102,-7.346197051516619,1275.25,1282.2876719970113,0.012550200803190477,0.2970825411457871,-0.2845323403425966,0,1
2454,14460572,19300327670,1280.0,1360.0,1280.0,1355.0,85.0,35957,61.198431100146436,1.5647755557606615,7.128778085821825,-5.564002530061163,1277.25,1287.673770367603,0.4231770833333215,0.5661675389407345,-0.142990455607413,1,0
2454,12339983,17085260139,1375.0,1400.0,1360.0,1400.0,45.0,27552,66.27634585600788,10.28453780560676,12.67883226853434,-2.3942944629275784,1283.0,1295.9942318218548,0.8905852417302744,0.8268605578701499,0.0637246838601245,1,0
2454,10428598,14673505330,1405.0,1420.0,1390.0,1420.0,20.0,20428,68.26421387042876,18.594499251433717,16.791034971489037,1.8034642799446807,1291.5,1305.1798442794952,1.1713321421480827,0.8860859666303665,0.28524617551771614,1,0
2454,6067428,8449999917,1410.0,1410.0,1385.0,1385.0,-35.0,13304,61.43895014341503,22.10122688846127,16.23821008681327,5.863016801647999,1298.0,1311.09244840694,1.467022908317228,0.9454213862396095,0.5216015220776185,1,0
2454,4659162,6487157908,1385.0,1405.0,1380.0,1395.0,10.0,9562,62.5898368791353,25.394518035551755,15.625200987123003,9.769317048428752,1304.0,1317.3078225990187,1.8419884598313305,1.0563095502029696,0.785678909628361,1,0
2454,6099561,8586546210,1395.0,1415.0,1395.0,1410.0,15.0,10661,64.31051621843106,28.881916876884134,15.290079862764305,13.591837014119829,1310.25,1324.1739098139062,2.6399960633795883,1.4834537230009819,1.1565423403786064,1,0
2454,5516070,7701353575,1405.0,1420.0,1385.0,1390.0,-20.0,11502,60.326321061120716,29.68962916708051,12.878233722368545,16.811395444711966,1316.5,1329.0499164943576,3.1472479992144025,1.5925645270686368,1.5546834721457656,1,0
2454,5064123,7115366362,1405.0,1410.0,1400.0,1410.0,20.0,9172,62.807717330134935,31.579550429575193,11.814523987890581,19.76502644168461,1324.5,1335.046218976257,3.500146756677422,1.5563706276253249,1.9437761290520972,1,0
2454,6030920,8606380470,1415.0,1445.0,1410.0,1425.0,15.0,13361,64.59621858002218,33.89695825142053,11.305545447788731,22.591412803631798,1333.0,1341.7094620150528,3.9519151214288963,1.6065111939014391,2.345403927527457,1,0
2454,8242534,11871821880,1440.0,1455.0,1425.0,1430.0,5.0,17494,65.19700004243028,35.72516143661096,10.50699890638333,25.21816253022763,1341.0,1348.2495018657896,4.304667828781695,1.5674111210033903,2.7372567077783048,1,0
2454,5013381,7215294292,1455.0,1455.0,1425.0,1430.0,0.0,9088,65.19700004243026,36.75039001262485,9.225781985917774,27.524608026707075,1347.75,1354.3050943201756,4.777054711978779,1.631838403360379,3.1452163086183997,1,0
2454,5122916,7324152830,1445.0,1450.0,1420.0,1430.0,0.0,8261,65.19700004243028,37.13482391106754,7.6881727074883734,29.44665120357917,1354.75,1359.9121243705329,5.3379416282642085,1.7541802557166468,3.5837613725475617,1,0
2454,5942860,8484208399,1430.0,1445.0,1415.0,1430.0,0.0,8369,65.19700004243026,37.012829684365215,6.052942784628836,30.95988689973638,1362.0,1365.1038188616044,5.3055276862070455,1.3774130509275868,3.9281146352794587,1,0
2454,7334211,10248910780,1435.0,1440.0,1385.0,1400.0,-30.0,24540,57.34385303404644,34.10228913997594,2.5139217921916455,31.588367347784292,1369.5,1367.6887211681521,4.854669140383415,0.7412436040831647,4.11342553630025,1,0
2454,10316682,14114593145,1390.0,1395.0,1350.0,1360.0,-40.0,38244,48.888259289777835,28.242437840070124,-2.6767436061713354,30.91918144624146,1373.75,1367.1191862668074,4.171409599696432,0.04638725071694516,4.125022348979487,0,1
2454,5754600,7888746665,1365.0,1385.0,1360.0,1380.0,20.0,9791,52.64793870861445,24.924976703789753,-4.795363793961368,29.72034049775112,1378.0,1368.0733206174143,3.8156028368794193,-0.24753560968005406,4.063138446559473,1,0
2454,9291286,12663968210,1360.0,1385.0,1340.0,1370.0,-10.0,18373,50.642097649116515,21.244060124609632,-6.781024298513191,28.025084423122824,1383.0,1368.216037608717,3.441849492804893,-0.49703116300366457,3.9388806558085574,0,1
2454,6495615,8832521555,1350.0,1375.0,1350.0,1350.0,-20.0,17426,46.8015753126706,16.522611977108227,-9.201977956811678,25.724589933919905,1386.0,1366.8667014895527,2.8990626913475386,-0.8318543715688151,3.7309170629163537,0,1
2454,5214085,6967850885,1340.0,1350.0,1330.0,1330.0,-20.0,16941,43.267881440575906,11.039738220779782,-11.7478813705121,22.787619591291882,1388.5,1364.1358347125488,2.4014488663091482,-1.0635745572857647,3.465023423594913,0,1
2454,3858955,5194331600,1350.0,1355.0,1340.0,1340.0,10.0,8809,45.48426544838799,7.415951223989396,-12.29733469384199,19.713285917831385,1392.0,1362.3479951042118,1.714996246246238,-1.40002174187894,3.115017988125178,0,1
2454,5970701,7966823010,1340.0,1350.0,1320.0,1320.0,-20.0,20358,41.95402476680416,2.896848007427252,-13.453150328323307,16.34999833575056,1390.25,1359.2111065779739,0.9466235531186908,-1.73471554800519,2.6813391011238807,0,1
2454,5689384,7718335583,1345.0,1365.0,1345.0,1355.0,35.0,10668,49.36115013306037,2.115250353340798,-11.387798385927809,13.503048739268607,1388.0,1358.8991727573832,0.3204678362573095,-1.8886970118932571,2.2091648481505666,0,1
2454,5865744,7931502268,1355.0,1360.0,1335.0,1350.0,-5.0,9232,48.41075096821901,1.0799217029500596,-9.938501629054839,11.018423332004899,1384.5,1358.2399747753548,-0.38976800634834097,-2.079146283599126,1.6893782772507853,0,1
2454,3971509,5381089706,1350.0,1370.0,1340.0,1355.0,5.0,8794,49.45872767474967,0.6553203762571229,-8.29048236459822,8.945802740855344,1383.0,1357.999976643847,-1.0250675612711073,-2.1715566708175142,1.1464891095464067,0,1
2454,3496091,4755253497,1360.0,1370.0,1350.0,1360.0,5.0,7430,50.54072174708528,0.7140478795458876,-6.585403889047566,7.299451768593453,1381.25,1358.1481265220807,-1.6689911668991197,-2.2523842211564213,0.5833930542573015,0,1
2454,8333913,11435601780,1370.0,1385.0,1360.0,1370.0,10.0,12180,52.72075886026986,1.5496429561449077,-4.599847049958837,6.149490006103744,1379.25,1359.0260430760006,-2.1233194251274923,-2.165369983507835,0.04205055838034275,0,1
2454,4747498,6584612200,1370.0,1395.0,1365.0,1390.0,20.0,9169,56.82008588678883,3.782093310105438,-1.8939173567986458,5.676010666904084,1379.25,1361.3204102555562,-2.0378861562688297,-1.6639493717193379,-0.3739367845494918,1,0
2454,4475553,6187722500,1395.0,1400.0,1370.0,1370.0,-20.0,10621,51.967649751778325,3.8926217263410763,-1.4267111524504061,5.319332878791482,1377.25,1361.9633428292188,-2.0164094006396946,-1.313978092872162,-0.7024313077675325,0,1
2454,7238014,10141297405,1375.0,1410.0,1375.0,1410.0,40.0,13663,59.43002902778601,7.125740893177181,1.445126411508558,5.680614481668623,1376.5,1365.5216137307582,-1.7480409885473231,-0.8364877446238325,-0.9115532439234907,1,0
2454,6589846,9274440925,1415.0,1430.0,1390.0,1390.0,-20.0,12564,54.84214334284225,7.982164845619309,1.841240291160549,6.14092455445876,1374.5,1367.3348275284798,-1.5206305053314848,-0.48726180912639516,-1.0333686962050896,1,0
2454,7113575,9722960436,1380.0,1390.0,1350.0,1355.0,-35.0,20660,47.87663248506043,5.77016463917812,-0.29660793222451254,6.066772571402632,1370.75,1366.4211366004442,-1.2600946811473153,-0.18138078795378032,-1.078713893193535,0,1
2454,4554398,6196837397,1350.0,1375.0,1345.0,1365.0,10.0,7137,49.83700520142755,4.769079980123706,-1.0381540730231409,5.807234053146847,1367.5,1366.3158672226336,-0.9851758910730258,0.07483040169640731,-1.0600062927694331,0,1
2454,2800266,3826154725,1365.0,1375.0,1355.0,1365.0,0.0,5476,49.83700520142756,3.930405902743587,-1.5014625203226082,5.431868423066195,1364.25,1366.2183955765126,-0.6440662202381083,0.3327520580250599,-0.9768182782631682,1,0
2454,5280140,7403266550,1385.0,1410.0,1380.0,1410.0,45.0,12470,58.06770396230801,6.818277712172176,1.1091274312847839,5.709150280887392,1364.75,1369.46147738566,-0.31156994047620906,0.5321986702295673,-0.8437686107057765,1,0
2454,5465231,7621822629,1405.0,1410.0,1380.0,1400.0,-10.0,9377,55.87372214595336,8.205433372412244,1.997026473219882,6.208406899192362,1366.75,1371.7235901719073,0.06049606775559038,0.7234117427690935,-0.6629156750135031,1,0
2454,3506996,4913433895,1405.0,1410.0,1395.0,1400.0,0.0,6973,55.873722145953366,9.198727027900532,2.3922561029665346,6.806470924933997,1367.75,1373.8181390480622,0.416841320851378,0.8638055966919049,-0.44696427584052695,1,0
2454,3889428,5416975190,1395.0,1405.0,1385.0,1385.0,-15.0,7939,52.427687066584134,8.675538558235758,1.4952541066414078,7.18028445159435,1368.5,1374.646425044502,0.694833053534767,0.9134378635002351,-0.2186048099654682,1,0
2454,4055886,5596928792,1390.0,1405.0,1370.0,1370.0,-15.0,10535,49.1623402014907,6.970185329202195,-0.16807929791372445,7.13826462711592,1369.5,1374.3022454115758,0.8641629297458732,0.8662141917690731,-0.002051262023199922,1,0
2454,3937354,5364125515,1370.0,1380.0,1350.0,1360.0,-10.0,12737,47.05809479630021,4.7569292628174935,-1.9050682914387416,6.661997554256235,1371.0,1373.2428198255332,0.8799026490685923,0.7055631288734338,0.17433952019515855,0,1
2454,3365146,4596124440,1360.0,1380.0,1360.0,1360.0,0.0,5893,47.05809479630021,2.9686867120849456,-2.954648673737032,5.923335385821978,1372.0,1372.261870208827,0.9324336988098348,0.6064753428917411,0.3259583559180938,0,1
2454,4795588,6658413350,1380.0,1400.0,1370.0,1395.0,35.0,8519,54.89471319543349,4.325833583025997,-1.2780014422367856,5.603835025262782,1375.75,1373.9461761192842,0.7419369938678815,0.33278291035983015,0.4091540835080513,1,0
2454,3501155,4872588395,1405.0,1405.0,1380.0,1385.0,-10.0,7014,52.50341716632447,4.542107244497856,-0.8493822246119409,5.391489469109797,1377.25,1374.7649778882262,0.6973696527192522,0.2305724553689607,0.4667971973502915,1,0
2454,9434638,13369682190,1400.0,1435.0,1395.0,1435.0,50.0,22501,61.527581549052584,8.648394503548388,2.6055240275508726,6.042870475997516,1381.5,1379.2268313779873,0.99976640971734,0.4263753698936388,0.5733910398237012,1,0
2454,6680707,9627626360,1450.0,1460.0,1425.0,1430.0,-5.0,13857,60.29390105013401,11.36815352982967,4.260226443065722,7.107927086763947,1385.25,1382.9878068314697,1.1676688575024357,0.47542225414298755,0.6922466033594481,1,0
2454,11956440,17720448190,1445.0,1515.0,1435.0,1510.0,80.0,31125,70.48952346918426,19.751233638399526,10.114645241308462,9.636588397091064,1392.75,1392.396117436546,1.5351792588469766,0.6743461243900227,0.8608331344569539,0,0
2454,6863070,10292368080,1520.0,1520.0,1485.0,1490.0,-20.0,15438,65.93152341728637,24.4986470153317,11.889646894592508,12.609000120739191,1398.75,1399.6260346634685,1.5934598863793756,0.5861014015379373,1.0073584848414383,1,0
2454,4767141,7122159225,1505.0,1510.0,1480.0,1480.0,-10.0,13167,63.71315560889929,27.141222772012497,11.625778121018644,15.515444650993853,1403.25,1405.5796617254339,1.6232123971122256,0.4926831298166299,1.1305292672955958,1,0
2454,4412355,6544585155,1495.0,1500.0,1470.0,1485.0,5.0,9791,64.35887895291269,29.301175598221107,11.0285847577818,18.272590840439307,1409.0,1411.462649745772,1.7663230240549739,0.5086350054075024,1.2576880186474715,1,0
2454,2858166,4253700825,1490.0,1495.0,1480.0,1485.0,0.0,7072,64.3588789529127,30.65952979997155,9.909551167625796,20.749978632345755,1412.75,1416.909860875715,1.983474847073852,0.5806294627411042,1.4028453843327477,1,0
2454,8933496,13665161725,1500.0,1545.0,1495.0,1535.0,50.0,22781,70.45612951455617,35.362975060032795,11.690397142149632,23.672577917883164,1420.0,1425.6572785886249,2.4575270282547392,0.8437453151375931,1.6137817131171461,0,0
2454,4850205,7393113405,1545.0,1545.0,1510.0,1510.0,-25.0,10521,64.51338319227676,36.65071165911172,10.382506992982844,26.268204666128877,1427.75,1431.9048875820602,2.9225479551212246,1.0470129936032626,1.875534961517962,1,0
2454,3898960,5886633915,1525.0,1530.0,1495.0,1510.0,0.0,9924,64.51338319227676,37.241950172246334,8.778996404893963,28.46295376735237,1435.0,1437.6897107241298,3.411754101316016,1.2289753118384432,2.182778789477573,1,0
2454,14627316,21255949407,1500.0,1505.0,1440.0,1440.0,-70.0,56273,50.642328743695806,31.69671595692739,2.587009751660016,29.109706205267376,1438.75,1437.860843263083,3.5354217301286988,1.0821143525209007,2.453307377607798,1,0
2454,9812784,13854465394,1425.0,1430.0,1400.0,1405.0,-35.0,42035,45.387586301079885,24.198920307239632,-3.928628718422196,28.12754902566183,1438.5,1435.4267067250769,3.5545663024416387,0.8810071398670725,2.6735591625745663,0,1
2454,12576021,17416626380,1390.0,1405.0,1375.0,1375.0,-30.0,64002,41.4203387039185,15.655645421504232,-9.977522883326078,25.63316830483031,1437.25,1430.9506543750713,3.301377261679699,0.5022544792841059,2.799122782395593,0,1
2454,12755552,17127055115,1345.0,1355.0,1330.0,1330.0,-45.0,65448,36.29549231897219,5.194040933574797,-16.35130189700441,21.54534283057921,1433.75,1423.472828125066,2.8829681723920038,0.06707631199712871,2.815891860394875,0,1
2454,8286782,11176517185,1330.0,1365.0,1330.0,1345.0,15.0,24755,39.00460866615632,-1.8649829921084802,-18.728260658150152,16.86327766604167,1431.75,1417.6600260417276,1.9435425685425491,-0.6978794334818608,2.64142200202441,0,1
2454,7611319,10040903340,1345.0,1350.0,1310.0,1310.0,-35.0,35705,35.23894240217449,-10.16632671744901,-21.623683506792545,11.457356789343535,1428.75,1409.6852092978959,1.0387029761098059,-1.2821752207316834,2.3208781968414893,0,1
2454,8306274,10899864267,1310.0,1325.0,1290.0,1315.0,5.0,22105,36.18675693301371,-16.155512522573872,-22.090295449533926,5.934782926960054,1426.5,1402.6714900906443,0.2057613168724012,-1.6920935039752705,1.8978548208476718,0,1
2454,7751607,10039506669,1305.0,1305.0,1285.0,1285.0,-30.0,53075,33.06030195121054,-23.056948551972937,-23.193385183146393,0.13643663117345575,1422.75,1393.9550834172633,-0.6329975496869155,-2.02468189642767,1.3916843467407545,0,1
2454,10088897,12986608607,1290.0,1300.0,1280.0,1280.0,-5.0,32824,32.55545502182157,-28.600159702619294,-22.989277067034198,-5.610882635585095,1417.0,1385.5139661270957,-1.5205317308567907,-2.3297728620780362,0.8092411312212454,0,1
2454,7236351,9466945567,1285.0,1325.0,1285.0,1320.0,40.0,24083,40.396905146025794,-29.426320465061508,-19.05235026358113,-10.373970201480379,1413.75,1380.6610797473109,-2.580071174377224,-2.7114498444787754,0.13137867010155152,0,1
2454,7486053,9912629365,1325.0,1335.0,1305.0,1325.0,5.0,20744,41.31538266094555,-29.339394333469954,-15.17233930559166,-14.167055027878295,1408.25,1376.5380368030656,-3.518873960332694,-2.9202021043473962,-0.5986718559852976,0,1
2454,5299148,7079312880,1330.0,1350.0,1325.0,1335.0,10.0,13886,43.20058621818833,-28.13921694451983,-11.17772953331323,-16.9614874112066,1403.5,1373.4611451880237,-4.466858789625358,-3.0945495469120483,-1.37230924271331,0,1
2454,5265459,7097543545,1350.0,1370.0,1335.0,1345.0,10.0,14253,45.09987917247187,-26.08051138970677,-7.295219182800135,-18.785292206906636,1395.25,1371.3529122111331,-4.992678015742284,-2.896295018423179,-2.096382997319105,0,1
2454,8122847,10672523175,1330.0,1330.0,1300.0,1315.0,-30.0,33081,40.70267168643368,-26.56351403035501,-6.222577458758696,-20.340936571596313,1386.5,1367.1786224177158,-5.411225658648353,-2.651874129063398,-2.7593515295849547,0,1
2454,5948388,7835373085,1330.0,1340.0,1300.0,1305.0,-10.0,22047,39.326262131916934,-27.436937591770402,-5.67680081613927,-21.760136775631132,1377.75,1362.572798534922,-5.594598318864546,-2.2681974314236726,-3.3264008874408733,0,1
2454,4631857,6096750952,1325.0,1330.0,1300.0,1315.0,10.0,11637,41.45820460921582,-27.010851349668428,-4.200571659229837,-22.81027969043859,1369.25,1359.0488875323351,-5.501863868562756,-1.7403703848975063,-3.76149348366525,0,1
2454,4051576,5383441700,1320.0,1340.0,1320.0,1330.0,15.0,10788,44.60261990572612,-25.172625930931417,-1.8898769923942602,-23.282748938537157,1361.5,1356.8971180854955,-5.317086679590139,-1.2444745567399105,-4.072612122850228,0,1
2454,8663045,11642505570,1340.0,1360.0,1325.0,1330.0,0.0,16007,44.60261990572612,-23.445553298804725,-0.1302434882140524,-23.315309810590673,1351.25,1354.9047389680513,-4.933814681107111,-0.6889620466055062,-4.244852634501605,0,1
2454,3725225,4969703910,1335.0,1345.0,1325.0,1340.0,10.0,12691,46.81148814196056,-21.027527124930202,1.8302261485283786,-22.85775327345858,1342.75,1353.8006842296772,-4.331752232142865,-0.06951967811300808,-4.262232554029857,0,1
2454,4220554,5679766675,1350.0,1355.0,1335.0,1340.0,0.0,13501,46.81148814196056,-18.89343223514311,3.171456830652378,-22.064889065795487,1334.25,1352.7784113237751,-3.595778462687962,0.5331632730735159,-4.128941735761478,1,0
2454,3868924,5166014920,1335.0,1345.0,1325.0,1330.0,-10.0,8299,44.74244446614678,-17.803831598014767,3.408845974224576,-21.212677572239343,1328.75,1351.091121596088,-2.884074282498608,0.9958939626102961,-3.879968245108904,1,0
2454,8788088,11425098945,1325.0,1330.0,1290.0,1295.0,-35.0,45627,38.352922073384136,-19.539286009404123,1.338713250268178,-20.8779992596723,1323.25,1346.9362237000814,-2.5153229608675365,1.0917162273930945,-3.607039188260631,0,1
2454,5937221,7867951010,1320.0,1340.0,1310.0,1335.0,40.0,13619,47.5684102282326,-17.485419397137775,2.714063890027621,-20.199483287165396,1321.25,1346.052058981557,-2.0383522727272703,1.2549495324266888,-3.293301805153959,1,0
2454,5361231,7062043605,1330.0,1335.0,1310.0,1315.0,-20.0,16859,44.02470951365048,-17.272442200665182,2.341632869200172,-19.614075069865354,1320.5,1343.7519064644046,-1.5461215932914,1.3977441694900474,-2.9438657627814475,0,1
2454,8508525,11154372075,1305.0,1330.0,1300.0,1300.0,-15.0,27988,41.526061459520506,-18.105323973221857,1.2070008773147975,-19.312324850536655,1318.25,1340.5110245040783,-1.2319048988591805,1.3695686911378138,-2.6014735899969943,0,1
2454,5817287,7633136613,1305.0,1325.0,1300.0,1310.0,10.0,12687,43.81544703958029,-17.75381739647014,1.2468059632532125,-19.000623359723352,1318.25,1338.2509486148872,-0.6918329958538451,1.5277124753145195,-2.2195454711683644,0,1
2454,7731098,10087461815,1300.0,1325.0,1290.0,1310.0,0.0,21604,43.8154470395803,-17.276097800480102,1.3796204473946005,-18.655718247874702,1318.0,1336.1582857545252,-0.2855207123499969,1.5472198070546943,-1.832740519404691,0,1
2454,11818214,15297596480,1310.0,1325.0,1280.0,1300.0,-10.0,49578,41.912320484631294,-17.502658256038103,0.9224479934692802,-18.425106249507383,1318.75,1333.479894217153,-0.0752390660647612,1.406001162671944,-1.4812402287367052,0,1
2454,6554186,8560661230,1290.0,1315.0,1285.0,1315.0,15.0,13216,45.72078507519386,-16.284121196933256,1.7127880420593016,-17.996909238992558,1320.5,1332.1110131640305,0.004862630683180593,1.1888822875359086,-1.1840196568527281,0,1
2454,7083306,9270745930,1295.0,1330.0,1285.0,1330.0,15.0,16921,49.30054474456717,-13.947271692541563,3.2397100371607976,-17.18698172970236,1321.0,1331.9546418185469,0.004862630683180593,0.9511058300287271,-0.9462431993455465,1,0
2454,8025111,10464817295,1320.0,1330.0,1290.0,1290.0,-40.0,27132,41.45002324394263,-15.148346619954964,1.6309080877979163,-16.77925470775288,1319.25,1328.8468905727286,-0.15098383011885305,0.6362074953813548,-0.7871913255002079,0,1
2454,8573403,10899130735,1285.0,1295.0,1260.0,1260.0,-30.0,60454,36.72644004133644,-18.30989140217389,-1.2245093555368065,-17.085382046637083,1315.5,1323.7471209006746,-0.5121451565700947,0.2200369351440905,-0.7321820917141852,0,1
2454,5623223,7044297415,1250.0,1260.0,1250.0,1250.0,-10.0,24185,35.283073514462735,-21.37594624405847,-3.432451357937108,-17.94349488612136,1310.75,1318.2843712043284,-0.8307677271172458,-0.0788685083224484,-0.7518992187947974,0,1
2454,6110008,7633940950,1250.0,1270.0,1240.0,1240.0,-10.0,33787,33.85040300034138,-24.33224623420665,-5.111001078468231,-19.22124515573842,1307.0,1312.4855288928966,-1.049618320610687,-0.23817528145271172,-0.8114430391579753,0,1
2454,4410578,5509913915,1240.0,1260.0,1240.0,1245.0,5.0,12884,35.26576847526124,-25.97228473094151,-5.400831660162471,-20.57145307077904,1304.0,1307.486600826756,-1.5209404849375485,-0.5675979566236585,-0.95334252831389,0,1
2454,3456429,4306170941,1240.0,1255.0,1235.0,1245.0,0.0,11460,35.26576847526124,-26.96123472432714,-5.111825322838481,-21.84940940148866,1300.5,1302.857963728478,-1.7501227295041977,-0.6374241609522462,-1.1126985685519515,0,1
2454,4560804,5632837735,1230.0,1255.0,1225.0,1230.0,-15.0,25691,32.82232991693072,-28.62538375362533,-5.420779481709335,-23.204604271915994,1295.5,1297.4610775263684,-1.9224142174962011,-0.6477725191553996,-1.2746416983408015,0,1
2454,4963056,6129263765,1230.0,1250.0,1225.0,1230.0,0.0,11675,32.82232991693071,-29.602989018703965,-5.118707797430375,-24.48428122127359,1290.5,1292.4639606725634,-2.130864197530894,-0.6849779993520739,-1.4458861981788202,0,1
2454,10222030,12170076025,1220.0,1220.0,1170.0,1170.0,-60.0,60130,24.83861800201413,-34.817887855803065,-8.266885307623578,-26.551002548179486,1282.0,1283.3925561782994,-2.524199553239032,-0.8626506840481691,-1.6615488691908626,0,1
2454,7084197,8272560415,1150.0,1195.0,1150.0,1160.0,-10.0,29711,23.79956453761665,-39.30457055887723,-10.202854408558192,-29.10171615031904,1273.0,1274.2523668317588,-2.9797526431278802,-1.054563019149614,-1.9251896239782662,0,1
2454,7617511,9023995135,1180.0,1205.0,1170.0,1185.0,25.0,16842,31.512927384290048,-40.377560476569215,-9.020675461000138,-31.356885015569077,1265.75,1267.6410803997767,-3.475975975975989,-1.2406290815981782,-2.2353468943778108,0,1
2454,7912862,9031425135,1130.0,1155.0,1130.0,1145.0,-40.0,29558,26.832806476845278,-43.94896214454343,-10.073661703179482,-33.87530044136395,1258.25,1258.556555925719,-4.190562430828078,-1.5641724291602137,-2.6263900016678643,0,1
2454,10115078,11673233130,1155.0,1170.0,1145.0,1150.0,5.0,12975,28.26691665904163,-45.8473655921639,-9.577652120639954,-36.26971347152394,1249.0,1250.515329560851,-4.587759231158338,-1.5690953835923787,-3.0186638475659593,0,1
2454,7621993,9041655833,1175.0,1205.0,1175.0,1185.0,35.0,14245,37.50152102045996,-44.02021882785334,-6.20040428506352,-37.81981454278982,1242.5,1245.662342185973,-4.661382919270469,-1.3141752573636079,-3.3472076619068614,0,1
2454,12757928,16410108190,1220.0,1300.0,1215.0,1300.0,115.0,25385,57.06124501362966,-32.91324949595355,3.925252037469015,-36.838501533422566,1242.5,1249.687353875901,-4.214354748461282,-0.6937176692435365,-3.520637079217746,1,0
2454,20617533,27664800312,1360.0,1370.0,1325.0,1340.0,40.0,36441,61.56678477224987,-20.6452450393831,12.954605195231572,-33.59985023461467,1244.0,1256.3771795147231,-3.5530800142428647,-0.025954348020094997,-3.5271256662227697,1,0
2454,20747611,28860055665,1375.0,1410.0,1365.0,1395.0,55.0,45234,66.73532648290612,-6.410822800880396,21.75122194698742,-28.162044747867817,1248.25,1266.6455365877066,-2.754086709310614,0.6184311655297248,-3.3725178748403386,1,0
2454,20715349,29651936810,1420.0,1450.0,1400.0,1445.0,50.0,48740,70.60541295562214,8.803164113056255,29.57216708873926,-20.769002975683005,1255.5,1279.8569783219505,-1.8824540125328624,1.192051089845981,-3.0745051023788434,0,0
2454,11909886,17011817080,1445.0,1460.0,1410.0,1415.0,-30.0,30704,65.6687646992565,18.22947107852724,31.198779243368197,-12.969308164840957,1260.5,1289.8675725203245,-0.9074410163339478,1.7336512688359167,-2.6410922851698646,1,0
2454,10101740,14265341760,1405.0,1435.0,1400.0,1400.0,-15.0,21947,63.28613025829572,24.21042985684744,29.743790417350716,-5.533360560503277,1264.0,1298.0255301114116,-0.05028410519436544,2.072646543980399,-2.122930649174765,1,0
2454,6588595,9228240625,1405.0,1415.0,1385.0,1405.0,5.0,18002,63.75816308163261,29.019324285937728,27.642147877152805,1.377176408784924,1269.75,1305.9495649179737,1.1654135338345892,2.6306753464074832,-1.465261812572894,1,0
2454,7989290,11377687955,1420.0,1445.0,1405.0,1425.0,20.0,14692,65.66005696287928,34.05171366159607,26.139629802248916,7.9120838593471525,1278.0,1314.7681156647905,2.5375892901743327,3.2022808821977815,-0.6646915920234486,1,0
2454,6112182,8711411150,1430.0,1440.0,1405.0,1440.0,15.0,16137,67.05640295666919,38.802996350085095,24.712729992590354,14.090266357494741,1287.5,1324.0445515414726,3.7891227546399944,3.5630514773307542,0.22607127730924,1,0
2454,5330190,7596006023,1435.0,1440.0,1415.0,1420.0,-20.0,13194,63.35716210068907,40.48787029291748,21.11808314833819,19.369787144579288,1296.5,1331.1523625384007,5.191134910010405,3.9720509061609315,1.219084003849473,1,0
2454,9199887,13313888785,1435.0,1460.0,1425.0,1460.0,40.0,28478,67.24865445748095,44.537411184961,20.13409923230537,24.40331195265563,1307.25,1340.6966319800006,6.728870458135847,4.407829163429099,2.321041294706748,1,0
2454,10005124,14165013793,1445.0,1450.0,1395.0,1395.0,-65.0,40778,56.709189393194706,42.01739437747415,14.09126593985481,27.926128437619337,1314.75,1344.7191036851857,7.86893323478688,4.4383135520641055,3.4306196827227744,1,0
2454,5427610,7567549810,1390.0,1415.0,1380.0,1405.0,10.0,19612,57.80483225565749,40.36191232742067,9.948627111841063,30.413285215579606,1323.5,1349.1843552640607,8.173737968964828,3.7944946289936423,4.379243339971185,1,0
2454,10012197,14250039120,1385.0,1450.0,1385.0,1420.0,15.0,20453,59.4621652864599,39.801498614958064,7.510570719502766,32.2909278954553,1333.0,1354.429958577834,8.17448680351907,3.036194770838308,5.138292032680762,1,0
2454,9341946,13370636375,1420.0,1450.0,1415.0,1420.0,0.0,20256,59.46216528645991,38.90884971072114,5.294337452212673,33.61451225850847,1345.5,1359.2869986831797,7.795934247641255,2.1261137719683942,5.669820475672861,1,0
2454,9223276,13269409475,1435.0,1455.0,1425.0,1425.0,5.0,20676,60.06849776082478,38.164935615257036,3.640338685398852,34.524596929858184,1358.75,1364.1546284103515,7.091375223721738,1.1372437984391013,5.954131425282637,1,0
2454,5601522,7995260035,1425.0,1445.0,1415.0,1420.0,-5.0,11801,59.116267517767625,36.74830849641444,1.7789692532450019,34.969339243169436,1370.5,1368.2913226021774,6.58148041197418,0.5018791893532342,6.079601222620946,1,0
2454,8310030,11826655290,1440.0,1445.0,1410.0,1410.0,-10.0,13655,57.164464356020126,34.42191051445616,-0.4379429829706254,34.85985349742678,1383.75,1371.3808542612753,6.138334051827345,0.046986263365118575,6.091347788462226,1,0
2454,6073797,8518761335,1430.0,1435.0,1390.0,1400.0,-10.0,19730,55.201708794981165,31.409240750648905,-2.760490197422307,34.16973094807121,1396.25,1373.5007909826622,5.591305591305586,-0.40003375772531236,5.991339349030898,1,0
2454,5671118,7875954580,1405.0,1405.0,1380.0,1390.0,-10.0,27279,53.233331233014304,27.893226083841,-5.021203891384168,32.91442997522517,1406.5,1374.7229546135761,4.894424673784091,-0.8775317401974467,5.771956413981537,0,1
